tmdb_id,title,year,native_4k,mastering,hdr,dolby_vision,audio,tmdb_rating,cn_title,genre,date_added,has_local,emby_url
8202,Æon Flux,2005,0,Upscaled 4K,HDR10,Dolby Vision,5.1 DTS-HD MA,5.6,魔力女战士,科幻/动作/惊悚,,0,
1084242,Zootopia 2,2025,0,Upscaled 4K,HDR10,Dolby Vision,"Dolby Atmos, True-HD 7.1",7.7,疯狂动物城2,动画/冒险/喜剧/悬疑/家庭,2026-03-30,0,
269149,Zootopia,2016,0,Upscaled 4K,HDR10,"Dolby Atmos, True-HD 7.1",,7.8,疯狂动物城,动画/冒险/家庭/喜剧,,0,
338967,Zombieland: Double Tap,2019,0,Upscaled 4K,HDR10,"DTS: X, 7.1 DTS-HD MA",,6.9,丧尸乐园2,恐怖/喜剧,2026-07-06,0,
19908,Zombieland,2009,0,Upscaled 4K,HDR10,"Dolby Atmos, True-HD 7.1",,7.3,丧尸乐园,喜剧/恐怖,,0,
923,Zombi: Dawn of the Dead,1978,1,Native 4K,HDR10,5.1 DTS-HD-MA,,7.5,活死人黎明,恐怖/科幻,,0,
1949,Zodiac,2007,0,Upscaled 4K,HDR10,Dolby Vision,5.1 DTS-HD MA,7.5,十二宫,犯罪/悬疑/惊悚,2026-08-28,0,
97630,Zero Dark Thirty,2012,0,Upscaled 4K,HDR10,"Dolby Atmos, True-HD 7.1",,7.0,猎杀本·拉登,惊悚/剧情,,0,
791373,Zack Snyder's Justice League,2021,1,Native 4K,HDR10,"Dolby Atmos, True-HD 7.1",,8.1,扎克·施奈德版正义联盟,动作/冒险/奇幻,2025-03-23,0,
372058,Your Name.,2016,0,Upscaled 4K,HDR10,5.1 DTS-HD MA,,8.5,你的名字。,动画/爱情/剧情,2026-09-11,0,
667,You Only Live Twice,1967,1,Native 4K,HDR10,Dolby Vision,"Dolby Atmos, True-HD 7.1",6.6,007：雷霆谷,动作/惊悚/冒险,,0,
34106,You Can't Take It with You,1938,1,Native 4K,HDR10,Dolby Vision,Lossless Mono,7.5,浮生若梦,喜剧/爱情,,0,
14295,You Can Count on Me,2000,1,Native 4K,HDR10,Dolby Vision,5.1 DTS-HD MA,6.9,我办事你放心,剧情,,0,
515195,Yesterday,2019,1,Native 4K,HDR10+,"Dolby Atmos, True-HD 7.1",,6.7,昨日奇迹,喜剧/奇幻/音乐/爱情,,0,
47971,xXx: Return of Xander Cage,2017,0,Upscaled 4K,HDR10,"Dolby Atmos, True-HD 7.1",,6.1,极限特工3：终极回归,动作/冒险/犯罪,2025-03-23,0,
15668,Xanadu,1980,1,Native 4K,HDR10,Dolby Vision,5.1 DTS-HD MA,5.7,仙乐都,奇幻/科幻/爱情,,0,
36658,X2: X-Men United,2003,1,Native 4K,HDR10,5.1 DTS-HD-MA,,7.0,X战警2,冒险/动作/科幻,,0,
63590,X-Ray,1982,1,Native 4K,HDR10,DTS-HD MA 2.0 Mono,,5.2,医院大屠杀,恐怖/惊悚,,0,
36668,X-Men: The Last Stand,2006,0,Upscaled 4K,HDR10,DTS-HD MA 6.1,,6.4,X战警3：背水一战,冒险/动作/科幻,2026-03-27,0,
49538,X-Men: First Class,2011,0,Upscaled 4K,HDR10,5.1 DTS-HD-MA,,7.3,X战警：第一战,动作/科幻/冒险,2025-03-23,0,
127585,X-Men: Days of Future Past,2014,0,Upscaled 4K,HDR10,7.1 DTS-HD-MA,,7.5,X战警：逆转未来,动作/冒险/科幻,2026-03-27,0,
320288,X-Men: Dark Phoenix,2019,0,Upscaled 4K,HDR10+,"Dolby Atmos, True-HD 7.1",,6.0,X战警：黑凤凰,科幻/动作/冒险,,0,
246655,X-Men: Apocalypse,2016,1,Native 4K,HDR10,"Dolby Atmos, True-HD 7.1",,6.5,X战警：天启,科幻/奇幻/动作,2026-03-27,0,
36668,X-Men- The Last Stand,2006,0,Upscaled 4K,HDR10,6.1 DTS-HD-MA,,6.4,X战警3：背水一战,冒险/动作/科幻,2026-03-27,0,
36657,X-Men,2000,1,Native 4K,HDR10,5.1 DTS-HD-MA,,7.0,X战警,冒险/动作/科幻,2026-03-27,0,
1316092,Wuthering Heights,2026,1,Native 4K,HDR10,Dolby Vision,"Dolby Atmos, True-HD 7.1",6.7,“呼啸山庄”,爱情/剧情,2026-08-28,0,
82690,Wreck-It Ralph,2012,0,Upscaled 4K,HDR10,"Dolby Atmos, True-HD 7.1",,7.4,无敌破坏王,N/A,,0,
57165,Wrath of the Titans,2012,0,Upscaled 4K,HDR10,Dolby Vision,5.1 DTS-HD MA,5.8,诸神之怒,奇幻/冒险/动作,,0,
637649,Wrath of Man,2021,1,Native 4K,HDR10,"Dolby Atmos, True-HD 7.1",,7.6,人之怒,惊悚/犯罪/剧情,,0,
72190,World War Z,2013,0,Upscaled 4K,HDR10,Dolby Vision,5.1 DTS-HD MA,6.9,僵尸世界大战,动作/恐怖/科幻,,0,
787699,Wonka,2023,1,Native 4K,HDR10,Dolby Vision,"Dolby Atmos, True-HD 7.1",7.0,旺卡,喜剧/家庭/奇幻,,0,
402980,Wonders Of The Arctic,2014,1,Native 4K,HDR10,"Dolby Atmos, True-HD 7.1",,7.2,北极奇观,纪录/冒险,2026-09-11,0,
537055,Wonder Woman Bloodlines,2019,0,Upscaled 4K,HDR10,5.1 DTS-HD-MA,,6.9,神奇女侠：血脉,科幻/动画,,0,
464052,Wonder Woman 1984,2020,1,Native 4K,HDR10+,Dolby Vision,"Dolby Atmos, True-HD 7.1",6.3,神奇女侠1984,动作/冒险/奇幻,,0,
297762,Wonder Woman,2017,0,Upscaled 4K,HDR10,"Dolby Atmos, True-HD 7.1",,7.2,神奇女侠,动作/冒险/奇幻,2026-09-12,0,
406997,Wonder,2017,0,Upscaled 4K,HDR10,Dolby Vision,TrueHD 7.1 (No Atmos),8.1,奇迹男孩,家庭/剧情,2025-03-23,0,
710295,Wolf Man,2025,1,Native 4K,HDR10,Dolby Atmos,,6.1,狼人,恐怖/惊悚,,0,
110420,Wolf Children,2012,0,Upscaled 4K,HDR10,5.1 DTS-HD MA,,8.2,狼的孩子雨和雪,动画/家庭/剧情/奇幻,,0,
13446,Withnail and I,1987,1,Native 4K,HDR10,Dolby Vision,LPCM Mono,7.2,我与长指甲,喜剧/剧情,,0,
31965,Witchfinder General,1968,1,Native 4K,HDR10,Dolby Vision,2.0 DTS-HD MA,6.5,驱魔降邪,剧情/历史/恐怖,,0,
252,Willy Wonka & the Chocolate Factory,1971,1,Native 4K,HDR10,5.1 DTS-HD MA,,7.5,欢乐糖果屋,家庭/奇幻/喜剧,,0,
847,Willow,1988,1,Native 4K,HDR10,Dolby Vision,5.1 DTS-HD MA,7.0,风云际会,奇幻/冒险/动作,,0,
617,Wild Things,1998,1,Native 4K,HDR10,Dolby Vision,5.1 DTS-HD-MA,6.4,玩尽杀绝,悬疑/惊悚/剧情,2026-03-23,0,
14243,Wild Style,1983,1,Native 4K,HDR10,Dolby Vision,LPCM Mono,6.1,狂野风格,剧情/音乐,,0,
228970,Wild,2014,0,Upscaled 4K,HDR10,5.1 DTS-HD-MA,,7.0,涉足荒野,剧情,,0,
401469,Widows,2018,1,Native 4K,HDR10+,"Dolby Atmos, True-HD 7.1",,6.5,以寡敌众,剧情/犯罪/惊悚,2026-09-11,0,
967941,Wicked: For Good,2025,1,Native 4K,HDR10,Dolby Vision,"Dolby Atmos, True-HD 7.1",6.6,魔法坏女巫2,奇幻/冒险/爱情,,0,
402431,Wicked,2024,1,Native 4K,HDR10,Dolby Vision,"Dolby Atmos, True-HD 7.1",6.9,魔法坏女巫,剧情/爱情/奇幻,,0,
356305,Why Him?,2016,0,Upscaled 4K,HDR10,"Dolby Atmos, True-HD 7.1",,6.4,为什么是他？,喜剧,,0,
856,Who Framed Roger Rabbit,1988,1,Native 4K,HDR10,"Dolby Atmos, True-HD 7.1",,7.5,谁陷害了兔子罗杰,奇幻/动画/喜剧/犯罪,,0,
8697,Who Am I?,1998,1,Native 4K,HDR10,Dolby Vision,5.1 DTS-HD MA,7.2,我是谁,冒险/动作/喜剧/惊悚,,0,
13368,White Christmas,1954,1,Native 4K,HDR10,Dolby Vision,5.1 DTS-HD MA,7.2,银色圣诞,喜剧/音乐/爱情,,0,
244786,Whiplash,2014,0,Upscaled 4K,HDR10,"Dolby Atmos, True-HD 7.1",,8.4,爆裂鼓手,剧情/音乐/惊悚,,0,
853094,When the Screaming Starts,2021,1,Native 4K,HDR10+,5.1 DTS-HD MA,,5.3,连环杀手之家,恐怖/喜剧,,0,
2655,What Lies Beneath,2000,1,Native 4K,Dolby Vision,5.1 DTS-HD MA,,6.4,危机四伏,剧情/恐怖/悬疑/惊悚,2026-08-28,0,
6591,What Have You Done to Solange?,1972,1,Native 4K,HDR10,Lossless Mono,,6.7,索朗芝怎么了？,悬疑/惊悚/恐怖,,0,
63247,Westworld,2022,1,Native 4K,HDR10,Dolby Vision,"Dolby Atmos, True-HD 7.1",7.4,老师你好,喜剧/剧情,,0,
63247,Westworld,2020,1,Native 4K,HDR10,Dolby Vision,"Dolby Atmos, True-HD 7.1",7.4,老师你好,喜剧/剧情,,0,
63247,Westworld,2018,0,Upscaled 4K,HDR10,Dolby Vision,"Dolby Atmos, True-HD 7.1",7.4,老师你好,喜剧/剧情,,0,
63247,Westworld,2016,0,Upscaled 4K,HDR10,Dolby Vision,"Dolby Atmos, True-HD 7.1",7.4,老师你好,喜剧/剧情,,0,
2362,Westworld,1973,1,Native 4K,HDR10,Dolby Vision,5.1 DTS-HD MA,6.8,西部世界,冒险/科幻/西部,,0,
511809,West Side Story,2021,1,Native 4K,HDR10,"Dolby Atmos, True-HD 7.1",,6.9,西区故事,剧情/爱情/犯罪,,0,
11596,Wes Craven's New Nightmare,1994,1,Native 4K,HDR10,"Dolby Atmos, True-HD 7.1",,6.5,猛鬼街7：新的噩梦,恐怖/悬疑/奇幻,,0,
23160,Werckmeister Harmonies,2000,1,Native 4K,SDR,LPCM Mono,,7.9,鲸鱼马戏团,剧情,,0,
1759217,Welcome To Derry,2025,1,Native 4K,HDR10,Dolby Vision,"Dolby Atmos, True-HD 7.1",N/A,It: Welcome to Derry,恐怖/悬疑/剧情,,0,
928344,Weird: The Al Yankovic Story,2022,1,Native 4K,HDR10,Dolby Vision,"Dolby Atmos, True-HD 7.1",6.7,怪人：阿尔·杨科维克的故事,音乐/喜剧,,0,
568160,Weathering with You,2019,0,Upscaled 4K,HDR10,Dolby Vision,5.1 DTS-HD-MA,8.0,天气之子,动画/剧情/奇幻/爱情,,0,
1078605,Weapons,2025,1,Native 4K,HDR10,Dolby Vision,"Dolby Atmos, True-HD 7.1",7.3,凶器,恐怖/悬疑,,0,
8873,Wayne's World 2,1993,1,Native 4K,HDR10,Dolby Vision,5.1 DTS-HD MA,6.1,反斗智多星2,喜剧/音乐,,0,
8872,Wayne's World,1992,1,Native 4K,HDR10,Dolby Vision,"Dolby Atmos, True-HD 7.1",6.7,反斗智多星,喜剧/音乐,,0,
9804,Waterworld,1995,1,Native 4K,HDR10,"DTS:X, DTS-HD MA 7.1",,6.2,未来水世界,冒险/动作/科幻,,0,
1299652,Watchmen: Chapter II,2024,1,Native 4K,HDR10,5.1 DTS-HD MA,,7.3,守望者（下）,动画/悬疑/科幻/剧情,,0,
1155058,Watchmen: Chapter I,2024,1,Native 4K,HDR10,5.1 DTS-HD MA,,7.4,守望者（上）,动画/剧情/科幻,,0,
13183,Watchmen,2009,0,Upscaled 4K,HDR10,Dolby TrueHD 5.1,,7.4,守望者,悬疑/动作/科幻,2026-03-29,0,
59440,Warrior,2011,0,Upscaled 4K,HDR10,"Dolby Atmos, True-HD 7.1",,7.8,勇士,剧情/动作,,0,
82654,Warm Bodies,2013,0,Upscaled 4K,HDR10,"Dolby Atmos, True-HD 7.1",,6.5,温暖的尸体,恐怖/喜剧/爱情/动作/科幻,2026-09-11,0,
860,WarGames,1983,1,Native 4K,HDR10,Dolby Vision,5.1 DTS-HD MA,7.1,战争游戏,剧情/科幻/惊悚,,0,
1241436,Warfare,2025,1,Native 4K,HDR10,Dolby Vision,"Dolby Atmos, True-HD 7.1",7.1,战·争,战争/动作,,0,
68735,Warcraft,2016,0,Upscaled 4K,HDR10,"Dolby Atmos, True-HD 7.1",,6.4,魔兽,动作/冒险/奇幻,2025-03-23,0,
74,War of the Worlds,2005,1,Native 4K,HDR10,"Dolby Atmos, True-HD 7.1",,6.6,世界之战,冒险/惊悚/科幻,2025-03-23,0,
281338,War for the Planet of the Apes,2017,0,Upscaled 4K,HDR10,"Dolby Atmos, True-HD 7.1",,7.2,猩球崛起3：终极之战,剧情/科幻/战争,,0,
308266,War Dogs,2016,0,Upscaled 4K,HDR10,5.1 DTS-HD MA,,7.0,军火贩,喜剧/犯罪/剧情,2026-09-11,0,
8909,Wanted,2008,0,Upscaled 4K,HDR10,Dolby Vision,5.1 DTS-HD MA,6.5,通缉令,动作/惊悚/犯罪,2025-03-23,0,
10681,WALL•E,2008,0,Upscaled 4K,HDR10/HDR10+,Dolby Vision,"Dolby Atmos, True-HD 7.1",8.1,机器人总动员,动画/家庭/科幻,,0,
531,Wallace & Gromit: The Wrong Trousers,1993,0,Upscaled 4K,SDR,5.1 DTS-HD MA,,7.8,超级无敌掌门狗：引鹅入室,动画/喜剧/家庭,,0,
14447,Wallace & Gromit: A Matter of Loaf and Death,2008,0,Upscaled 4K,SDR,5.1 DTS-HD MA,,7.4,超级无敌掌门狗：面包与死亡事件,家庭/动画/喜剧/悬疑/爱情,,0,
530,Wallace & Gromit: A Grand Day Out,1989,0,Upscaled 4K,SDR,5.1 DTS-HD MA,,7.5,超级无敌掌门狗：月球野餐记,家庭/动画/喜剧/科幻/冒险,,0,
532,Wallace & Gromit: A Close Shave,1995,0,Upscaled 4K,SDR,5.1 DTS-HD MA,,7.6,超级无敌掌门狗：剃刀边缘,家庭/动画/喜剧,,0,
26405,Wake in Fright,1971,1,Native 4K,HDR10,Dolby Vision,LPCM Mono,7.2,内陆惊魂,剧情/惊悚,,0,
597890,Voyagers,2021,0,Upscaled 4K,HDR10,Dolby Vision,Dolby True-HD 5.1,6.0,太空异旅,科幻/惊悚,,0,
4497,Viridiana,1961,1,Native 4K,SDR,LPCM Mono,,7.7,维莉蒂安娜,剧情,,0,
899112,Violent Night,2022,1,Native 4K,HDR10,"Dolby Atmos, True-HD 7.1",,7.2,暴力之夜,动作/喜剧/奇幻,,0,
23587,Vigilante,1982,1,Native 4K,HDR10,Dolby Vision,"Dolby Atmos, True-HD 7.1",6.2,街头黑帮,犯罪/动作/惊悚,,0,
624779,VFW,2019,1,Native 4K,HDR10,5.1 DTS-HD-MA,,5.8,爆裂老兵,动作/犯罪/恐怖/惊悚,,0,
426,Vertigo,1958,1,Native 4K,HDR10,"DTS:X, DTS-HD MA 7.1",,8.1,迷魂记,悬疑/爱情/惊悚,2025-03-23,0,
615433,Verdi: Il Trovatore,2020,1,Native 4K,HDR10,5.1 DTS-HD-MA,,N/A,游吟诗人,音乐,,0,
912649,Venom: The Last Dance,2024,1,Native 4K,HDR10,Dolby Vision,"Dolby Atmos, True-HD 7.1",6.7,毒液：最后一舞,科幻/动作/冒险,2026-09-11,0,
580489,Venom: Let There Be Carnage,2021,0,Upscaled 4K,HDR10,Dolby Vision,"Dolby Atmos, True-HD 7.1",6.7,毒液2,科幻/动作/冒险,2026-03-27,0,
335983,Venom,2018,0,Upscaled 4K,HDR10,Dolby Vision,"Dolby Atmos, True-HD 7.1",6.8,毒液：致命守护者,科幻/动作,2025-03-23,0,
14709,Varsity Blues,1999,1,Native 4K,HDR10,Dolby Vision,Dolby TrueHD 5.1,6.2,校园蓝调,喜剧/剧情/爱情,,0,
1903,Vanilla Sky,2001,1,Native 4K,HDR10,Dolby Vision,5.1 DTS-HD MA,6.8,香草的天空,悬疑/爱情/科幻,,0,
7131,Van Helsing,2004,0,Upscaled 4K,HDR10,"DTS:X, DTS-HD MA 7.1",,6.4,范海辛,恐怖/冒险/动作,2025-03-23,0,
9945,Vampires,1998,1,Native 4K,HDR10,Dolby Vision,5.1 DTS-HD MA,6.3,够僵行动,动作/奇幻/恐怖,,0,
339964,Valerian and the City of a Thousand Planets,2017,0,Upscaled 4K,HDR10,Dolby Vision,"Dolby Atmos, True-HD 7.1",6.7,星际特工：千星之城,冒险/科幻/动作,2025-03-23,0,
296099,Vacation,2015,0,Upscaled 4K,HDR10,Dolby Vision,5.1 DTS-HD MA,6.3,假期历险记,喜剧/冒险,,0,
752,V for Vendetta,2006,1,Native 4K,HDR10,"Dolby Atmos, True-HD 7.1",,7.9,V字仇杀队,动作/惊悚/科幻,2026-03-29,0,
14475,Used Cars,1980,1,Native 4K,HDR10,Dolby Vision,5.1 DTS-HD MA,6.4,尔虞我诈,喜剧,,0,
458723,Us,2019,0,Upscaled 4K,HDR10,Dolby Vision,"Dolby Atmos, True-HD 7.1",6.9,我们,恐怖/悬疑,2026-09-11,0,
500664,Upgrade,2018,0,Upscaled 4K,HDR10,Dolby Vision,5.1 DTS-HD MA,7.5,升级,动作/惊悚/科幻,,0,
1232546,Until Dawn,2025,1,Native 4K,HDR10,Dolby Vision,"Dolby Atmos, True-HD 7.1",6.3,直到黎明,恐怖/悬疑,,0,
17494,Unlawful Entry,1992,1,Native 4K,HDR10,Dolby Vision,5.1 DTS-HD MA,6.3,危险第三情,惊悚/悬疑,,0,
9349,Universal Soldier,1992,1,Native 4K,HDR10+,Dolby Vision,5.1 DTS-HD-MA,6.3,再造战士,惊悚/动作/科幻,,0,
9829,United 93,2006,0,Upscaled 4K,HDR10,Dolby Vision,"Dolby Atmos, True-HD 7.1",7.1,93航班,剧情/历史/惊悚,,0,
33,Unforgiven,1992,1,Native 4K,HDR10,5.1 DTS-HD-MA,,7.9,不可饶恕,西部,,0,
12437,Underworld: Rise of the Lycans,2009,0,Upscaled 4K,HDR10,"Dolby Atmos, True-HD 7.1",,6.5,黑夜传说3：狼族崛起,奇幻/动作/惊悚,,0,
834,Underworld: Evolution,2006,1,Native 4K,HDR10,"Dolby Atmos, True-HD 7.1",,6.6,黑夜传说2：进化,奇幻/动作/惊悚,,0,
52520,Underworld: Awakening,2012,0,Upscaled 4K,HDR10,"Dolby Atmos, True-HD 7.1",,6.3,黑夜传说4：觉醒,奇幻/动作/恐怖,,0,
346672,Underworld - Blood Wars,2016,1,Native 4K,HDR10,"Dolby Atmos, True-HD 7.1",,5.9,黑夜传说5：血战,奇幻/动作/惊悚/恐怖,,0,
277,Underworld,2003,0,Upscaled 4K,HDR10,"Dolby Atmos, True-HD 7.1",,6.9,黑夜传说,奇幻/动作/惊悚,,0,
8845,Under Siege,1992,1,Native 4K,HDR10,Dolby Vision,"Dolby Atmos, True-HD 7.1",6.3,潜龙轰天,动作/惊悚,,0,
473033,Uncut Gems,2019,1,Native 4K,HDR10,Dolby Vision,"Dolby Atmos, True-HD 7.1",7.2,原钻,剧情/惊悚/犯罪,,0,
9967,Uncommon Valor,1983,1,Native 4K,HDR10,Dolby Vision,5.1 DTS-HD MA,6.2,长驱直入,剧情/战争/动作,,0,
2616,Uncle Buck,1989,1,Native 4K,HDR10,Dolby Vision,5.1 DTS-HD-MA,6.8,巴克叔叔,喜剧/剧情/家庭,,0,
335787,Uncharted,2022,0,Upscaled 4K,HDR10,Dolby Vision,"Dolby Atmos, True-HD 7.1",6.9,神秘海域,动作/冒险/悬疑,2025-03-23,0,
9741,Unbreakable,2000,1,Native 4K,HDR10,5.1 DTS-HD-MA,Ultraman: The Complete Series (1966-1967),7.1,不死劫,惊悚/剧情/悬疑,,0,
3536,U-571,2000,1,Native 4K,HDR10,Dolby Vision,5.1 DTS-HD MA,6.6,猎杀U-571,战争/动作/冒险,,0,
817758,Tár,2022,1,Native 4K,HDR10,"Dolby Atmos, True-HD 7.1",,7.1,塔尔,音乐/剧情,,0,
29514,Two Evil Eyes,1990,1,Native 4K,HDR10,Dolby Vision,"Dolby Atmos, True-HD 7.1",6.1,魔鬼双瞳,恐怖,,0,
718821,Twisters,2024,1,Native 4K,HDR10,Dolby Vision,"Dolby Atmos, True-HD 7.1",6.8,龙卷风,动作/惊悚,,0,
923667,Twilight of the Warriors: Walled In,2024,0,Upscaled 4K,HDR10,Dolby Vision,"Dolby Atmos, True-HD 7.1",7.0,九龙城寨之围城,动作/犯罪/惊悚,,0,
575728,Turtle Odyssey,2018,1,Native 4K,HDR10,"DTS:X, DTS-HD 7.1",,7.0,龟女士的奥德赛,纪录,,0,
508947,Turning Red,2022,1,Native 4K,HDR10,"Dolby Atmos, True-HD 7.1",,7.3,青春变形记,动画/家庭/喜剧/奇幻,,0,
36955,True Lies,1994,1,Native 4K,HDR10,Dolby Vision,"Dolby Atmos, True-HD 7.1",7.1,真实的谎言,动作/惊悚,2026-09-12,0,
652,Troy,2004,1,Native 4K,HDR10,Dolby Vision,7.1 DTS-HD MA,7.2,特洛伊,动作/冒险,,0,
7446,Tropic Thunder,2008,0,Upscaled 4K,HDR10,Dolby Vision,5.1 DTS-HD MA,6.7,热带惊雷,动作/喜剧/战争,,0,
20526,TRON: Legacy,2010,0,Upscaled 4K,HDR10,Dolby Vision,"Dolby Atmos, True-HD 7.1",6.5,创：战纪,冒险/动作/科幻,,0,
533533,TRON: Ares,2025,1,Native 4K,HDR10,Dolby Vision,"Dolby Atmos, True-HD 7.1",6.5,创：战神,科幻/冒险/动作,2026-05-06,0,
97,TRON,1982,1,Native 4K,HDR10,Dolby Vision,"Dolby Atmos, True-HD 7.1",6.6,电子世界争霸战,科幻/动作/冒险,,0,
446893,Trolls World Tour,2020,0,Upscaled 4K,HDR10+,Dolby Vision,"Dolby Atmos, True-HD 7.1",7.2,魔发精灵2,家庭/动画/喜剧/奇幻/冒险/音乐,,0,
901362,Trolls Band Together,2023,0,Upscaled 4K,HDR10,Dolby Vision,"Dolby Atmos, True-HD 7.1",7.2,魔发精灵3,动画/家庭/音乐/奇幻/喜剧/冒险,,0,
136799,Trolls,2016,0,Upscaled 4K,HDR10,"Dolby Atmos, True-HD 7.1",,6.6,魔发精灵,冒险/动画/喜剧/家庭/奇幻,,0,
25438,Trick or Treat,1986,1,Native 4K,HDR10,Dolby Vision,5.1 DTS-HD MA,6.1,魔界巨星,恐怖/音乐/惊悚,,0,
23202,Trick 'r Treat,2007,1,Native 4K,HDR10,Dolby Vision,5.1 DTS-HD MA,7.0,别惹小孩,恐怖/奇幻/喜剧,,0,
497828,Triangle of Sadness,2022,1,Native 4K,SDR,5.1 DTS-HD MA,,7.0,悲情三角,喜剧/剧情,2025-03-23,0,
9362,Tremors,1990,1,Native 4K,HDR10,Dolby Vision,5.1 DTS-HD-MA,7.0,异形魔怪,喜剧/恐怖/科幻,,0,
13387,Transporter 3,2008,0,Upscaled 4K,HDR10,Dolby Vision,"Dolby Atmos, True-HD 7.1",6.2,玩命快递3,动作/惊悚/犯罪,,0,
335988,Transformers: The Last Knight,2017,0,Upscaled 4K,HDR10,Dolby Vision,"Dolby Atmos, True-HD 7.1",6.1,变形金刚5：最后的骑士,动作/冒险/科幻,2026-09-11,0,
667538,Transformers: Rise of the Beasts,2023,1,Native 4K,HDR10,Dolby Vision,"Dolby Atmos, True-HD 7.1",7.2,变形金刚：超能勇士崛起,科幻/冒险/动作,2025-03-23,0,
8373,Transformers: Revenge of the Fallen,2009,0,Upscaled 4K,HDR10,Dolby Vision,"Dolby Atmos, True-HD 7.1",6.2,变形金刚2：卷土重来,科幻/动作/冒险,2025-03-23,0,
38356,Transformers: Dark of the Moon,2011,0,Upscaled 4K,HDR10,Dolby Vision,"Dolby Atmos, True-HD 7.1",6.2,变形金刚3：月黑之时,动作/科幻/冒险,2026-09-11,0,
91314,Transformers: Age of Extinction,2014,0,Upscaled 4K,HDR10,Dolby Vision,"Dolby Atmos, True-HD 7.1",6.0,变形金刚4：绝迹重生,科幻/动作/冒险,2026-09-11,0,
1857,Transformers,2007,0,Upscaled 4K,HDR10,Dolby Vision,"Dolby Atmos, True-HD 7.1",7.1,变形金刚大电影,动画/科幻/动作/冒险/家庭,,0,
5677,Trancers,1984,1,Native 4K,HDR10,Dolby Vision,Dolby Digital 5.1,5.9,入侵异次元,科幻/犯罪,,0,
2034,Training Day,2001,1,Native 4K,HDR10,"Dolby Atmos, True-HD 7.1",,7.5,训练日,动作/犯罪/剧情,,0,
581392,Train to Busan Presents: Peninsula,2020,0,Upscaled 4K,HDR10,"Dolby Atmos, True-HD 7.1",,6.7,釜山行2：半岛,恐怖/动作/惊悚/冒险,,0,
396535,Train to Busan,2016,0,Upscaled 4K,HDR10,Dolby Vision,"Dolby Atmos, True-HD 7.1",7.7,釜山行,动作/恐怖/惊悚/冒险,,0,
1621,Trading Places,1983,1,Native 4K,HDR10,Dolby Vision,Dolby TrueHD 5.1,7.2,颠倒乾坤,喜剧,,0,
301528,Toy Story 4,2019,1,Native 4K,HDR10,"Dolby Atmos, True-HD 7.1",,7.5,玩具总动员4,家庭/喜剧/动画/冒险,2025-03-23,0,
10193,Toy Story 3,2010,0,Upscaled 4K,HDR10,"Dolby Atmos, True-HD 7.1",,7.8,玩具总动员3,动画/家庭/喜剧,2026-09-11,0,
863,Toy Story 2,1999,0,Upscaled 4K,HDR10,"Dolby Atmos, True-HD 7.1",,7.6,玩具总动员2,动画/喜剧/家庭,2026-09-11,0,
862,Toy Story,1995,0,Upscaled 4K,HDR10,"Dolby Atmos, True-HD 7.1",,8.0,玩具总动员,家庭/喜剧/动画/冒险,2026-09-11,0,
1480,Touch of Evil,1958,1,Native 4K,HDR10,Dolby Vision,DTS-HD Master Audio 2.0 Mono,7.7,历劫佳人,犯罪/惊悚/剧情,,0,
64635,Total Recall,2012,1,Native 4K,HDR10,Dolby Vision,"Dolby Atmos, True-HD 7.1",6.0,全面回忆,动作/科幻/惊悚,,0,
1126915,Tornado,2025,1,Native 4K,HDR10,5.1 DTS-HD-MA,,6.2,龙卷风,剧情/动作/西部,,0,
5780,Torn Curtain,1966,1,Native 4K,HDR10,2.0 DTS-HD MA,,6.6,冲破铁幕,惊悚,,0,
2370,Topaz,1969,1,Native 4K,HDR10,2.0 DTS-HD MA,,6.0,谍魂,剧情/惊悚,,0,
8764,Top Secret!,1984,1,Native 4K,HDR10,Dolby Vision,5.1 DTS-HD MA,7.1,笑破铁幕,喜剧,,0,
361743,Top Gun: Maverick,2022,1,Native 4K,HDR10,Dolby Vision,"Dolby Atmos, True-HD 7.1",8.2,Top Gun: Maverick,动作/剧情,2025-03-23,0,
744,Top Gun,1986,1,Native 4K,HDR10,Dolby Vision,"Dolby Atmos, True-HD 7.1",7.1,壮志凌云,动作/剧情/爱情,2025-03-23,0,
9576,Tootsie,1982,1,Native 4K,HDR10,Dolby Vision,"Dolby Atmos, True-HD 7.1",7.2,窈窕淑男,喜剧/爱情,,0,
11381,Tommy Boy,1995,1,Native 4K,HDR10,Dolby Vision,Dolby TrueHD 5.1,6.8,乌龙兄弟,喜剧,,0,
11326,Tommy,1975,1,Native 4K,HDR10,Dolby Vision,5.1 DTS-HD MA,6.5,冲破黑暗谷,剧情/音乐,,0,
11969,Tombstone,1993,1,Native 4K,HDR10,Dolby Vision,5.1 DTS-HD MA,7.6,墓碑镇,西部/动作,,0,
338970,Tomb Raider,2018,1,Native 4K,HDR10,Dolby Vision,"Dolby Atmos, True-HD 7.1",6.4,古墓丽影：源起之战,动作/冒险/奇幻,2025-03-23,0,
1242011,Together,2025,1,Native 4K,HDR10,5.1 DTS-HD MA,,6.9,同甘共苦,恐怖/爱情,,0,
9846,To Live and Die in L.A.,1985,1,Native 4K,HDR10,Dolby Vision,5.1 DTS-HD MA,7.1,威猛奇兵,犯罪/惊悚/动作,,0,
18758,To Kill with Intrigue,1977,1,Native 4K,HDR10,Dolby Vision,LPCM 2.0,5.6,剑花烟雨江南,动作/剧情,,0,
595,To Kill A Mockingbird,1962,1,Native 4K,HDR10,5.1 DTS-HD MA,,8.0,杀死一只知更鸟,剧情,,0,
577,To Die For,1995,1,Native 4K,HDR10,Dolby Vision,5.1 DTS-HD MA,6.6,不惜一切,剧情/喜剧/犯罪,,0,
381,To Catch a Thief,1955,1,Native 4K,HDR10,Dolby Vision,Dolby TrueHD 5.1,7.3,捉贼记,悬疑/爱情/惊悚,,0,
597,Titanic,1997,1,Native 4K,HDR10,Dolby Vision,"Dolby Atmos, True-HD 7.1",7.9,泰坦尼克号,剧情/爱情,2026-09-12,0,
49517,Tinker Tailor Soldier Spy,2011,1,Native 4K,HDR10,Dolby Vision,5.1 DTS-HD MA,6.6,锅匠，裁缝，士兵，间谍,剧情/惊悚/悬疑,,0,
8831,Timecop,1994,1,Native 4K,HDR10,Dolby Vision,5.1 DTS-HD MA,6.0,时空特警,惊悚/科幻/动作,,0,
36819,Time Bandits,1981,1,Native 4K,HDR10,Dolby Vision,LPCM 2.0,6.6,时光大盗,家庭/奇幻/科幻/冒险/喜剧,,0,
12395,Thunderheart,1992,1,Native 4K,HDR10,Dolby Vision,5.1 DTS-HD MA,6.4,雷霆之心,犯罪/悬疑/惊悚,,0,
986056,Thunderbolts*,2025,1,Native 4K,HDR10,Dolby Vision,"Dolby Atmos, True-HD 7.1",7.3,雷霆特攻队*,动作/科幻/冒险,,0,
10348,Thunderbolt,1995,1,Native 4K,HDR10,Dolby Vision,LPCM Mono,6.5,霹雳火,动作/惊悚,,0,
660,Thunderball,1965,1,Native 4K,HDR10,Dolby Vision,"Dolby Atmos, True-HD 7.1",6.7,007：霹雳弹,冒险/动作/惊悚,,0,
15018,Thriller: A Cruel Picture,1973,1,Native 4K,HDR10,DTS-HD MA Mono,,6.3,性女暴力日记,动作/惊悚/犯罪/恐怖/剧情,,0,
359940,"Three Billboards Outside Ebbing, Missouri",2017,0,Upscaled 4K,HDR10,5.1 DTS-HD-MA,,8.1,三块广告牌,犯罪/剧情,2026-08-29,0,
17835,Threads,1984,1,Native 4K,HDR10,Dolby Vision,2.0 DTS-HD MA,7.6,火线,战争/剧情/科幻,,0,
76338,Thor: The Dark World,2013,0,Upscaled 4K,HDR10,"Dolby Atmos, True-HD 7.1",,6.5,雷神2：黑暗世界,动作/冒险/奇幻,2026-03-29,0,
284053,Thor: Ragnarok,2017,0,Upscaled 4K,HDR10,"Dolby Atmos, True-HD 7.1",,7.6,雷神3：诸神黄昏,动作/科幻/喜剧/冒险,2025-03-23,0,
616037,Thor: Love and Thunder,2022,1,Native 4K,HDR10,"Dolby Atmos, True-HD 7.1",,6.4,雷神4：爱与雷霆,奇幻/动作/喜剧,2026-03-29,0,
10195,Thor,2011,0,Upscaled 4K,HDR10,"Dolby Atmos, True-HD 7.1",,6.8,雷神,冒险/奇幻/动作,2026-03-29,0,
11031,This Is Spinal Tap,1984,1,Native 4K,HDR10,Dolby Vision,5.1 DTS-HD MA,7.4,摇滚万万岁,喜剧/音乐,,0,
11524,Thief,1981,1,Native 4K,HDR10,Dolby Vision,5.1 DTS-HD MA,7.2,大盗独行,犯罪/惊悚/剧情,,0,
1292695,They Will Kill You,2026,1,Native 4K,HDR10,Dolby Vision,"Dolby Atmos, True-HD 7.1",6.9,杀的就是你,动作/喜剧/恐怖/惊悚,2026-08-27,0,
8337,They Live,1988,1,Native 4K,HDR10,"Dolby Atmos, True-HD 7.1",,7.3,极度空间,科幻/动作/惊悚,,0,
11071,Them!,1954,1,Native 4K,HDR10,Dolby Vision,2.0 DTS-HD MA,6.8,它们！,科幻/恐怖,,0,
107985,The World's End,2013,0,Upscaled 4K,HDR10+,"DTS: X, 7.1 DTS-HD MA",,6.8,世界尽头,喜剧/动作/科幻,2026-08-15,0,
724495,The Woman King,2022,1,Native 4K,HDR10,Dolby Vision,"Dolby Atmos, True-HD 7.1",7.6,达荷美女战士,动作/剧情/历史/战争,,0,
106646,The Wolf of Wall Street,2013,1,Native 4K,HDR10,Dolby Vision,5.1 DTS-HD MA,8.0,华尔街之狼,犯罪/剧情/喜剧,2026-09-12,0,
13666,The Wolf Man,1941,1,Native 4K,HDR10,DTS-HD MA 2.0,,7.0,狼人,恐怖/剧情,,0,
630,The Wizard of Oz,1939,1,Native 4K,HDR10+,Dolby Vision,DTS-HD MA 5.1,7.6,绿野仙踪,冒险/奇幻/家庭,,0,
310131,The Witch,2015,0,Upscaled 4K,HDR10,Dolby Vision,5.1 DTS-HD MA,7.0,女巫,恐怖/剧情/悬疑/奇幻/惊悚,2026-09-11,0,
1184918,The Wild Robot,2024,0,Upscaled 4K,HDR10,Dolby Vision,"Dolby Atmos, True-HD 7.1",8.3,荒野机器人,家庭/动画/科幻/冒险,2026-09-04,0,
16307,The Wicker Man,1973,1,Native 4K,HDR10,Dolby Vision,LPCM 2.0 Mono,7.3,异教徒,恐怖,,0,
10236,The Way We Were,1973,1,Native 4K,HDR10,Dolby Vision,5.1 DTS-HD MA,7.0,往日情怀,剧情/爱情,,0,
11474,The Warriors,1979,1,Native 4K,HDR10,Dolby Vision,"Dolby Atmos, True-HD 7.1",7.7,战士帮,动作/惊悚,,0,
27277,The War Wagon,1967,1,Native 4K,HDR10,Dolby Vision,2.0 DTS-HD MA,6.8,战车,西部/动作/犯罪,,0,
8974,The War of the Worlds,1953,1,Native 4K,HDR10,Dolby Vision,5.1 DTS-HD MA,6.8,世界大战,科幻/动作,,0,
169917,The Walk,2015,0,Upscaled 4K,HDR10,Dolby Vision,5.1 DTS-HD MA,6.3,行过死荫之地,犯罪/剧情/悬疑/惊悚,,0,
293670,The Wailing,2016,0,Upscaled 4K,HDR10,Dolby Vision,5.1 DTS-HD MA,7.4,哭声,恐怖/悬疑,,0,
204,The Wages of Fear,1953,1,Native 4K,SDR,LPCM Mono,,8.0,恐惧的代价,剧情/惊悚/冒险,,0,
1443,The Virgin Suicides,1999,1,Native 4K,HDR10,5.1 DTS-HD MA,,7.1,处女之死,剧情/爱情,,0,
629,The Usual Suspects,1995,1,Native 4K,HDR10,Dolby Vision,5.1 DTS-HD MA,8.2,非常嫌疑犯,剧情/犯罪/惊悚,,0,
117,The Untouchables,1987,1,Native 4K,HDR10,Dolby Vision,"Dolby Atmos, True-HD 7.1",7.8,铁面无私,犯罪/历史/惊悚,,0,
648579,The Unbearable Weight of Massive Talent,2022,1,Native 4K,HDR10,Dolby Vision,"Dolby Atmos, True-HD 7.1",6.8,天才不能承受之重,动作/喜剧/犯罪,2025-03-23,0,
5967,The Umbrellas of Cherbourg,1964,1,Native 4K,SDR,5.1 DTS-HD MA,,7.4,瑟堡的雨伞,剧情/爱情,,0,
37165,The Truman Show,1998,1,Native 4K,HDR10,Dolby Vision,"Dolby Atmos, True-HD 7.1",8.2,楚门的世界,喜剧/剧情,,0,
11219,The Trouble with Harry,1955,1,Native 4K,HDR10,DTS-HD Master Audio 2.0 Mono,,7.0,怪尸案,喜剧/悬疑,,0,
3009,The Trial,1962,1,Native 4K,HDR10,Dolby Vision,LPCM Mono,7.4,审判,犯罪/剧情/悬疑,,0,
1857,The Transformers: The Movie,1986,1,Native 4K,HDR10,Dolby Vision,5.1 DTS-HD MA,7.1,变形金刚大电影,动画/科幻/动作/冒险/家庭,,0,
1857,The Transformers,1986,1,Native 4K,HDR10,Dolby Vision,DTS-HD MA 5.1,7.1,变形金刚大电影,动画/科幻/动作/冒险/家庭,,0,
3482,The Train,1964,1,Native 4K,HDR10,Dolby Vision,2.0 DTS-HD MA,7.6,战斗列车,战争/惊悚,,0,
28169,The Toxic Avenger Part III: The Last Temptation of Toxie,1989,1,Native 4K,HDR10,2.0 DTS-HD MA,,5.0,毒魔复仇3：毒魔最后的诱惑,动作/喜剧/恐怖/科幻,,0,
28165,The Toxic Avenger Part II,1989,1,Native 4K,HDR10,2.0 DTS-HD MA,,5.4,毒魔复仇2,动作/喜剧/恐怖/科幻,,0,
338969,The Toxic Avenger,2023,1,Native 4K,HDR10,5.1 DTS-HD MA,,5.9,毒魔复仇,动作/喜剧/科幻,,0,
15239,The Toxic Avenger,1984,1,Native 4K,HDR10,2.0 DTS-HD MA,,6.2,毒魔复仇,动作/喜剧/恐怖/科幻,,0,
23168,The Town,2010,0,Upscaled 4K,HDR10,5.1 DTS-HD MA,,7.2,城中大盗,犯罪/剧情/惊悚,2025-03-23,0,
27495,The Toolbox Murders,1978,1,Native 4K,HDR10,Dolby Vision,"Dolby Atmos, True-HD 7.1",5.6,工具箱杀手,恐怖/悬疑,,0,
2926,The Three Musketeers,1973,1,Native 4K,HDR10,Dolby Vision,LPCM Mono,6.7,豪情三剑客,动作/冒险/爱情,,0,
1091,The Thing,1982,1,Native 4K,HDR10,7.1 DTS-HD-MA,,8.1,怪形,恐怖/悬疑/科幻,,0,
10781,The Texas Chainsaw Massacre: The Beginning,2006,1,Native 4K,HDR10,Dolby Vision,7.1 DTS-HD MA,6.2,德州电锯杀人狂前传,恐怖/惊悚,,0,
16337,The Texas Chainsaw Massacre 2,1986,1,Native 4K,HDR10,2.0 DTS-HD MA,,5.7,德州电锯杀人狂2,恐怖/喜剧,,0,
9373,The Texas Chainsaw Massacre,2003,1,Native 4K,HDR10,Dolby Vision,DTS-HD MA 7.1,6.3,德州电锯杀人狂,恐怖,,0,
218,The Terminator,1984,0,Upscaled 4K,HDR10,Dolby Vision,"Dolby Atmos, True-HD 7.1",7.7,终结者,动作/惊悚/科幻,,0,
6844,The Ten Commandments,1956,1,Native 4K,HDR10,Dolby Vision,DTS-HD MA 5.1,7.8,十诫,剧情/历史,,0,
8333,The Taking of Pelham One Two Three,1974,1,Native 4K,HDR10,Dolby Vision,5.1 DTS-HD MA,7.5,骑劫地下铁,犯罪/惊悚/动作/喜剧,,0,
13945,The Sword and the Sorcerer,1982,1,Native 4K,HDR10,Dolby Vision,DTS-HD MA 2.0,5.5,巫术神剑,动作/冒险/奇幻/恐怖,,0,
22586,The Swan Princess,1994,1,Native 4K,HDR10,Dolby Vision,7.1 DTS-HD MA,6.6,天鹅公主,家庭/动画/奇幻/冒险/喜剧,,0,
1226863,The Super Mario Galaxy Movie,2026,1,Native 4K,HDR10,Dolby Vision,"Dolby Atmos, True-HD 7.1",8.2,超级马力欧银河大电影,家庭/喜剧/冒险/奇幻/动画,2026-08-26,0,
502356,The Super Mario Bros. Movie,2023,0,Upscaled 4K,HDR10,Dolby Vision,"Dolby Atmos, True-HD 7.1",7.6,超级马力欧兄弟大电影,家庭/喜剧/冒险/奇幻/动画,,0,
4614,The Sum Of All Fears,2002,1,Native 4K,HDR10,Dolby Vision,Dolby TrueHD 5.1,6.4,惊天核网,惊悚/动作/剧情,2026-09-11,0,
436969,The Suicide Squad,2021,1,Native 4K,HDR10+,Dolby Vision,"Dolby Atmos, True-HD 7.1",7.4,X特遣队：全员集结,动作/喜剧/冒险,2025-03-23,0,
5121,The Sugarland Express,1974,1,Native 4K,HDR10,Dolby Vision,5.1 DTS-HD MA,6.6,横冲直撞大逃亡,犯罪/剧情,,0,
933260,The Substance,2024,0,Both,HDR10,Dolby Vision,5.1 DTS-HD MA,7.1,某种物质,恐怖/科幻,2026-05-06,0,
42160,The Stunt Man,1980,1,Native 4K,HDR10,Dolby Vision,2.0 DTS-HD MA,6.6,特技替身,动作/喜剧/剧情/惊悚/爱情,,0,
1010600,The Strangers: Chapter 1,2024,1,Native 4K,HDR10,Dolby Vision,"Dolby Atmos, True-HD 7.1",5.7,陌生人：第一章,恐怖/惊悚,,0,
404,The Straight Story,1999,1,Native 4K,HDR10,Dolby Vision,5.1 DTS-HD MA,7.7,史崔特先生的故事,剧情/冒险,,0,
9277,The Sting,1973,1,Native 4K,HDR10,DTS-HD MA 5.1,,8.0,骗中骗,喜剧/犯罪/剧情,2026-08-28,0,
25155,The Stepfather,1987,1,Native 4K,HDR10,Dolby Vision,2.0 DTS-HD MA,6.5,继父,恐怖/惊悚,,0,
454992,The Spy Who Dumped Me,2018,0,Upscaled 4K,HDR10,Dolby Vision,"Dolby Atmos, True-HD 7.1",6.4,我的间谍前男友,喜剧/动作/冒险,,0,
795522,The Spine of Night,2021,0,Upscaled 4K,SDR,5.1 DTS-HD MA,,6.0,夜脊,动画/奇幻/动作/恐怖,,0,
15121,The Sound of Music,1965,1,Native 4K,HDR10,Dolby Vision,"Dolby Atmos, True-HD 7.1",7.7,音乐之声,剧情/家庭/音乐/爱情,,0,
372343,The Snowman,2017,1,Native 4K,Dolby Vision,5.1 DTS-HD MA,,5.2,雪人,犯罪/惊悚/悬疑/恐怖,2026-08-28,0,
77931,The Smurfs 2,2013,0,Upscaled 4K,HDR10,"Dolby Atmos, True-HD 7.1",,5.7,蓝精灵2,奇幻/家庭/喜剧/动画,2026-09-11,0,
41513,The Smurfs,2011,0,Upscaled 4K,HDR10,"Dolby Atmos, True-HD 7.1",,5.8,蓝精灵,动画/家庭/冒险/喜剧/奇幻,2026-09-11,0,
760329,The Smashing Machine,2025,1,Native 4K,HDR10,Dolby Vision,"Dolby Atmos, True-HD 7.1",6.4,粉碎机,剧情/历史/动作,,0,
745,The Sixth Sense,1999,1,Native 4K,HDR10,5.1 DTS-HD MA,,8.0,第六感,悬疑/惊悚/剧情,2026-08-29,0,
107068,The Sinful Nuns of Saint Valentine,1974,1,Native 4K,HDR10,Dolby Vision,Lossless Mono,4.4,烈火教堂,剧情/恐怖,,0,
274,The Silence of The Lambs,1991,1,Native 4K,HDR10,Dolby Vision,5.1 DTS-HD-MA,8.3,沉默的羔羊,犯罪/惊悚/剧情,,0,
970947,The Shrouds,2024,1,Native 4K,HDR10,Dolby Vision,5.1 DTS-HD MA,5.8,裹尸布,科幻/剧情/恐怖,,0,
694,The Shining,1980,1,Native 4K,HDR10+,Dolby Vision,DTS-HD MA 5.1,8.2,闪灵,恐怖/惊悚,,0,
278,The Shawshank Redemption,1994,1,Native 4K,HDR10,5.1 DTS-HD MA,,8.7,肖申克的救赎,剧情/犯罪,2025-03-23,0,
399055,The Shape of Water,2017,0,Upscaled 4K,HDR10,5.1 DTS-HD-MA,,7.2,水形物语,剧情/奇幻/爱情,,0,
332567,The Shallows,2016,0,Upscaled 4K,HDR10,"Dolby Atmos, True-HD 7.1",,6.4,鲨滩,恐怖/剧情/惊悚,2026-09-11,0,
42987,The Servant,1963,1,Native 4K,HDR10,Dolby Vision,2.0 DTS-HD MA,7.6,仆人,剧情,,0,
412117,The Secret Life of Pets 2,2019,0,Upscaled 4K,HDR & HDR10+,Dolby Vision,"Dolby Atmos, True-HD 7.1",7.0,爱宠大机密2,动画/喜剧/家庭/冒险,,0,
328111,The Secret Life of Pets,2016,0,Upscaled 4K,HDR & HDR10,"Dolby Atmos, True-HD 7.1",,6.3,爱宠大机密,动画/喜剧/家庭/冒险,,0,
1220564,The Secret Agent,2025,1,Native 4K,HDR10,Dolby Vision,7.1 DTS-HD MA,7.2,密探,惊悚/剧情/犯罪,,0,
3114,The Searchers,1956,1,Native 4K,HDR10,Dolby Vision,2.0 DTS-HD MA,7.7,搜索者,西部,,0,
9334,The Scorpion King,2002,1,Native 4K,HDR10,"DTS: X, 7.1 DTS-HD MA",,5.6,蝎子王,动作/冒险/奇幻,,0,
11371,The Score,2001,1,Native 4K,HDR10,Dolby Vision,5.1 DTS-HD MA,6.7,大买卖,动作/犯罪/惊悚/悬疑/剧情,,0,
352292,The Scarlet Lady,1928,1,Native 4K,SDR,2.0 DTS-HD MA,,7.0,绯红小姐,剧情,,0,
10003,The Saint,1997,1,Native 4K,HDR10,Dolby Vision,Dolby TrueHD 5.1,6.1,圣徒,惊悚/动作/爱情/科幻/冒险,,0,
798645,The Running Man,2025,1,Native 4K,HDR10,Dolby Vision,"Dolby Atmos, True-HD 7.1",6.7,猎杀游戏,动作/惊悚/科幻,,0,
865,The Running Man,1987,1,Native 4K,HDR10,Dolby Vision,7.1 DTS-HD-MA,6.5,过关斩将,动作/惊悚/科幻,,0,
10159,The Rundown,2003,1,Native 4K,HDR10,Dolby Vision,5.1 DTS-HD MA,6.4,丛林奇兵,冒险/动作/喜剧/惊悚,,0,
36685,The Rocky Horror Picture Show,1975,1,Native 4K,HDR10,Dolby Vision,"Dolby Atmos, True-HD 7.1",7.4,洛基恐怖秀,喜剧/科幻/恐怖,,0,
37698,The Roaring Twenties,1939,1,Native 4K,HDR10,Dolby Vision,LPCM Mono,7.5,私枭血,犯罪/剧情/惊悚,,0,
120,The Ring,2002,1,Native 4K,HDR10,Dolby Vision,5.1 DTS-HD MA,8.4,指环王1：护戒使者,冒险/奇幻/动作,2026-09-12,0,
281957,The Revenant,2015,1,Native 4K,HDR10,7.1 DTS-HD-MA,,7.5,荒野猎人,西部/剧情/冒险,,0,
11843,The Return of the Pink Panther,1975,1,Native 4K,Dolby Vision,5.1 DTS-HD MA,,6.8,乌龙帮办再显神通,喜剧/犯罪/悬疑,,0,
10925,The Return of the Living Dead,1985,1,Native 4K,HDR10,DTS-HD MA 5.1,,7.2,活死人归来,喜剧/恐怖/科幻,,0,
1245,The Remains of the Day,1993,1,Native 4K,HDR10,Dolby Vision,"Dolby Atmos, True-HD 7.1",7.4,告别有情天,剧情/爱情,,0,
19542,The Red Shoes,1948,1,Native 4K,HDR10,Dolby Vision,LPCM Mono,8.0,红菱艳,剧情/爱情,,0,
7341,The Rage: Carrie 2,1999,1,Native 4K,HDR10,Dolby Vision,5.1 DTS-HD MA,5.7,魔女嘉莉2：邪气逼人,恐怖/惊悚/科幻,,0,
12106,The Quick and the Dead,1995,1,Native 4K,HDR10,"Dolby Atmos, True-HD 7.1",,6.6,致命快感,西部/动作/剧情/惊悚,,0,
316727,The Purge: Election Year,2016,0,Upscaled 4K,HDR10,"DTS: X, 7.1 DTS HD-MA",,6.4,人类清除计划3,动作/恐怖/惊悚,,0,
238636,The Purge: Anarchy,2014,0,Upscaled 4K,HDR10,"DTS: X, 7.1 DTS HD-MA",,6.6,人类清除计划2,恐怖/惊悚,,0,
158015,The Purge,2013,0,Upscaled 4K,HDR10,"DTS: X, 7.1 DTS HD-MA",,6.2,人类清除计划,科幻/恐怖/惊悚,,0,
7220,The Punisher,2004,1,Native 4K,HDR10,Dolby Vision,"Dolby Atmos, True-HD 7.1",6.4,惩罚者,动作/犯罪/剧情,,0,
645788,The Protégé,2021,1,Native 4K,HDR10,Dolby Vision,"Dolby Atmos, True-HD 7.1",6.6,门徒,动作/惊悚/犯罪,,0,
1128650,The Prosecutor,2024,0,Upscaled 4K,HDR10,Dolby Vision,"Dolby Atmos, True-HD 7.1",7.1,误判,动作/剧情/犯罪/惊悚,,0,
2493,The Princess Bride,1987,1,Native 4K,HDR10,Dolby Vision,5.1 DTS-HD-MA,7.7,公主新娘,冒险/奇幻/家庭,,0,
600050,The Price She Paid,1924,1,Native 4K,SDR,2.0 DTS-HD MA,,5.3,The Price She Paid,剧情/爱情,,0,
1124,The Prestige,2006,1,Native 4K,HDR10,5.1 DTS-HD-MA,,8.2,致命魔术,剧情/悬疑/科幻,2026-09-11,0,
346910,The Predator,2018,0,Upscaled 4K,HDR10,"Dolby Atmos, True-HD 7.1",,5.6,铁血战士,科幻/动作/惊悚,,0,
600583,The Power of the Dog,2021,1,Native 4K,HDR10,Dolby Vision,"Dolby Atmos, True-HD 7.1",6.7,犬之力,剧情/西部,,0,
446354,The Post,2017,1,Native 4K,HDR10,7.1 DTS-HD-MA,,7.0,华盛顿邮报,剧情/历史,,0,
5255,The Polar Express,2004,0,Upscaled 4K,HDR10,5.1 DTS-HD MA,,6.7,极地特快,冒险/动画/家庭/奇幻,,0,
12268,The Pink Panther Strikes Again,1976,1,Native 4K,HDR10,Dolby Vision,5.1 DTS-HD MA,6.9,乌龙帮办行大运,喜剧/犯罪,,0,
936,The Pink Panther,1963,1,Native 4K,Dolby Vision,5.1 DTS-HD MA,,6.8,粉红豹系列：偷香窃玉,喜剧/犯罪,,0,
713,The Piano,1993,1,Native 4K,HDR & HDR10+,Dolby Vision,5.1 DTS-HD-MA,7.4,钢琴课,剧情/爱情,,0,
1137350,The Phoenician Scheme,2025,1,Native 4K,HDR10,Dolby Vision,Dolby Atmos,6.5,腓尼基计划,喜剧/冒险/犯罪,2026-05-06,0,
1630,The People vs. Larry Flynt,1996,1,Native 4K,HDR10,Dolby Vision,5.1 DTS-HD MA,7.0,性书大亨,剧情,,0,
13122,The People Under the Stairs,1991,1,Native 4K,HDR10,Dolby Vision,5.1 DTS-HD MA,6.6,阶梯下的恶魔,恐怖/喜剧,,0,
227973,The Peanuts Movie,2015,0,Upscaled 4K,HDR10,"Dolby Atmos, True-HD 7.1",,7.0,史努比：花生大电影,动画/喜剧/家庭,,0,
2024,The Patriot,2000,1,Native 4K,HDR10,"Dolby Atmos, True-HD 7.1",,7.2,爱国者,剧情/历史/战争/动作,,0,
531876,The Outpost,2020,1,Native 4K,SDR,5.1 DTS-HD-MA,,6.9,前哨,战争/剧情/历史/动作,,0,
10747,The Outlaw Josey Wales,1976,1,Native 4K,HDR10,"Dolby Atmos, True-HD 7.1",,7.5,西部执法者,西部,,0,
968051,The Nun II,2023,1,Native 4K,HDR10,"Dolby Atmos, True-HD 7.1",,6.6,修女2,恐怖,,0,
439079,The Nun,2018,0,Upscaled 4K,HDR10,"Dolby Atmos, True-HD 7.1",,5.9,修女,恐怖,2026-03-28,0,
639933,The Northman,2022,1,Native 4K,HDR10,Dolby Vision,"Dolby Atmos, True-HD 7.1",7.0,北欧人,动作/冒险/奇幻,,0,
9479,The Nightmare Before Christmas,1993,1,Native 4K,HDR10,7.1 DTS-HD MA,,7.8,圣诞夜惊魂,奇幻/动画/家庭,,0,
107402,The Night of the Damned,1971,1,Native 4K,HDR10,2.0 DTS-HD MA,,5.9,地狱之夜,恐怖,,0,
290250,The Nice Guys,2016,0,Upscaled 4K,HDR10,Dolby Vision,5.1 DTS-HD MA,7.1,耐撕侦探,喜剧/犯罪/动作,,0,
30874,The New York Ripper,1982,1,Native 4K,HDR10,"Dolby Atmos, True-HD 7.1",,6.3,纽约杀人狂,恐怖/犯罪/惊悚/悬疑,,0,
340102,The New Mutants,2020,1,Native 4K,HDR10,"Dolby Atmos, True-HD 7.1",,6.0,新变种人,科幻/恐怖,,0,
301365,The Neon Demon,2016,1,Native 4K,SDR,5.1 DTS-HD-MA,,6.5,霓虹恶魔,恐怖/惊悚,2026-09-11,0,
11393,The Natural,1984,1,Native 4K,HDR10,"Dolby Atmos, True-HD 7.1",,6.9,天生好手,剧情,,0,
192,The Name of the Rose,1986,1,Native 4K,HDR10,Dolby Vision,5.1 DTS-HD MA,7.5,玫瑰之名,剧情/惊悚/悬疑,,0,
37136,The Naked Gun: From the Files of Police Squad!,1988,1,Native 4K,HDR10,Dolby Vision,5.1 DTS-HD MA,7.3,白头神探,喜剧/犯罪,,0,
1035259,The Naked Gun,2025,1,Native 4K,HDR10,Dolby Vision,Dolby Atmos,6.3,白头神探：智斗灭世狂人,喜剧/犯罪/动作,,0,
11899,The Muppets Take Manhattan,1984,1,Native 4K,HDR10,Dolby Vision,"Dolby Atmos, True-HD 7.1",6.6,木偶出征百老汇,爱情/喜剧/家庭,,0,
1735,The Mummy:Tomb of the Dragon Emperor,2008,0,Upscaled 4K,HDR10,"DTS: X, 7.1 DTS-HD MA",,5.5,木乃伊3：龙帝之墓,冒险/动作/奇幻,2026-04-12,0,
1734,The Mummy: Returns,2001,1,Native 4K,HDR10,"DTS: X, 7.1 DTS-HD MA",,6.4,木乃伊2：木乃伊归来,冒险/动作/奇幻,2026-04-12,0,
564,The Mummy,2026,1,Native 4K,HDR10,Dolby Vision,"Dolby Atmos, True-HD 7.1",7.0,木乃伊,冒险/动作/奇幻,2026-09-12,0,
282035,The Mummy,2017,0,Upscaled 4K,HDR,"Dolby Atmos, True-HD 7.1",,5.5,新木乃伊,奇幻/惊悚/动作/冒险/恐怖,2025-03-23,0,
504172,The Mule,2018,0,Upscaled 4K,HDR10,5.1 DTS-HD MA,,6.9,骡子,犯罪/剧情/惊悚,2026-09-11,0,
290512,The Mountain Between Us,2017,0,Upscaled 4K,HDR10,7.1 DTS-HD MA,,6.6,远山恋人,剧情/冒险/爱情,2026-09-11,0,
48693,The Mother and the Whore,1973,1,Native 4K,SDR,LPCM Mono,,7.3,母亲与娼妓,剧情/爱情,,0,
1124620,The Monkey,2025,1,Native 4K,HDR10,5.1 DTS-HD MA,,6.0,怪猴,恐怖/喜剧,,0,
6028,The Mirror Crack'd,1980,1,Native 4K,HDR10,Dolby Vision,2.0 DTS-HD MA,6.1,破镜谋杀案,悬疑/犯罪/惊悚,,0,
799583,The Ministry of Ungentlemanly Warfare,2024,1,Native 4K,HDR10,"Dolby Atmos, True-HD 7.1",,7.0,盟军敢死队,动作/喜剧/战争,2025-03-23,0,
345940,The Meg,2018,0,Upscaled 4K,HDR10,Dolby Vision,"Dolby Atmos, True-HD 7.1",6.3,巨齿鲨,动作/科幻/恐怖,2025-03-23,0,
198663,The Maze Runner,2014,0,Upscaled 4K,HDR10,7.1 DTS-HD MA,,7.2,移动迷宫,动作/悬疑/科幻/惊悚,,0,
605,The Matrix Revolutions,2003,1,Native 4K,HDR10,Dolby Vision,"Dolby Atmos, True-HD 7.1",6.8,黑客帝国3：矩阵革命,冒险/动作/惊悚/科幻,2025-03-23,0,
624860,The Matrix Resurrections,2021,1,Native 4K,HDR10,Dolby Vision,"Dolby Atmos, True-HD 7.1",6.3,黑客帝国4：矩阵重启,科幻/动作/冒险,2025-03-23,0,
604,The Matrix Reloaded,2003,1,Native 4K,HDR10,Dolby Vision,"Dolby Atmos, True-HD 7.1",7.1,黑客帝国2：重装上阵,冒险/动作/惊悚/科幻,2025-03-23,0,
603,The Matrix,1999,1,Native 4K,HDR10,Dolby Vision,"Dolby Atmos, True-HD 7.1",8.3,黑客帝国,动作/科幻,2025-03-23,0,
9342,The Mask of Zorro,1998,1,Native 4K,HDR10,"Dolby Atmos, True-HD 7.1",,6.6,佐罗的面具,动作/冒险,2025-03-23,0,
854,The Mask,1994,1,Native 4K,HDR10,Dolby Vision,"Dolby Atmos, True-HD 7.1",7.0,变相怪杰,喜剧/奇幻/犯罪/爱情,,0,
609681,The Marvels,2023,0,Upscaled 4K,HDR10,"Dolby Atmos, True-HD 7.1",,5.9,惊奇队长2,科幻/冒险/动作,2025-03-23,0,
286217,The Martian,2015,0,Legacy,Upscaled 4K,HDR10,"Dolby Atmos, True-HD 7.1",7.7,火星救援,科幻/剧情/冒险,,0,
286217,The Martian,2015,0,Legacy,Upscaled 4K,HDR10,7.1 DTS-HD-MA,7.7,火星救援,科幻/剧情/冒险,,0,
524369,The Many Saints of Newark,2021,1,Native 4K,HDR10,"Dolby Atmos, True-HD 7.1",,6.3,纽瓦克众圣,犯罪/剧情,,0,
13559,The Mangler,1995,1,Native 4K,HDR10,Dolby Vision,5.1 DTS-HD MA,4.9,绞肉机,恐怖/惊悚,,0,
14462,The Manchurian Candidate,2004,1,Native 4K,HDR10,Dolby Vision,5.1 DTS-HD MA,6.5,满洲候选人,惊悚/剧情/悬疑,,0,
10778,The Man Who Wasn't There,2001,1,Native 4K,HDR10,Dolby Vision,5.1 DTS-HD MA,7.5,缺席的人,犯罪/剧情,2026-03-16,0,
11697,The Man Who Shot Liberty Valance,1962,1,Native 4K,HDR10,Dolby Vision,True-HD 5.1,7.8,双虎屠龙,西部,,0,
574,The Man Who Knew Too Much,1956,1,Native 4K,HDR10,5.1 DTS-HD MA,,7.4,擒凶记,惊悚/悬疑/剧情,,0,
32568,The Man in the White Suit,1951,1,Native 4K,HDR10,Dolby Vision,2.0 DTS-HD MA,6.9,白衣怪客,喜剧/科幻,,0,
9313,The Man in the Iron Mask,1998,1,Native 4K,HDR10,Dolby Vision,5.1 DTS-HD MA,6.7,铁面人,冒险/动作/剧情,,0,
203801,The Man from U.N.C.L.E.,2015,0,Upscaled 4K,HDR10,Dolby Vision,"Dolby Atmos, True-HD 7.1",7.1,秘密特工,喜剧/动作/冒险,,0,
51608,The Man from Nowhere,2010,0,Upscaled 4K,HDR10,Dolby Vision,5.1 DTS-HD MA,7.7,孤胆特工,动作/惊悚/犯罪,,0,
963,The Maltese Falcon,1941,1,Native 4K,HDR10,2.0 DTS-HD MA,,7.7,马耳他之鹰,悬疑/犯罪/惊悚,,0,
333484,The Magnificent Seven,2016,0,Upscaled 4K,HDR10,7.1 DTS-HD-MA,,6.5,豪勇七蛟龙,冒险/动作/西部,,0,
2767,The Lovers on the Bridge,1991,1,Native 4K,HDR10,Dolby Vision,5.1 DTS-HD MA,7.4,新桥恋人,剧情/爱情,,0,
10995,The Lover,1992,1,Native 4K,HDR10+,Dolby Vision,5.1 DTS-HD-MA,7.0,情人,剧情/爱情,,0,
330,The Lost World- Jurassic Park,1997,1,Native 4K,HDR10,Dolby Vision,"DTS: X, 7.1 DTS HD-MA",6.6,侏罗纪公园2：失落的世界,冒险/动作/科幻,2026-09-12,0,
314095,The Lost City of Z,2016,0,Upscaled 4K,HDR10,Dolby Vision,5.1 DTS-HD MA,6.4,失落之城,冒险/剧情/历史,,0,
752623,The Lost City,2022,0,Upscaled 4K,HDR10,Dolby Vision,"Dolby Atmos, True-HD 7.1",6.4,迷失之城,动作/冒险/喜剧,2025-03-23,0,
1547,The Lost Boys,1987,1,Native 4K,HDR10,5.1 DTS-HD MA,,7.1,捉鬼小灵精,恐怖/喜剧/惊悚,,0,
839033,The Lord of the Rings: The War of the Rohirrim,2024,0,Upscaled 4K,HDR10,Dolby Vision,"Dolby Atmos, True-HD 7.1",6.5,指环王：洛汗之战,动画/奇幻/冒险/动作,,0,
121,The Lord of the Rings: The Two Towers,2002,0,Upscaled 4K,HDR10,Dolby Vision,"Dolby Atmos, True-HD 7.1",8.4,指环王2：双塔奇兵,冒险/奇幻/动作,2026-09-12,0,
122,The Lord of the Rings: The Return of the King,2003,0,Upscaled 4K,HDR10,Dolby Vision,"Dolby Atmos, True-HD 7.1",8.5,指环王3：王者无敌,冒险/奇幻/动作,2026-09-12,0,
120,The Lord of the Rings: The Fellowship of the Ring,2001,0,Upscaled 4K,HDR10,Dolby Vision,"Dolby Atmos, True-HD 7.1",8.4,指环王1：护戒使者,冒险/奇幻/动作,2026-09-12,0,
4985,The Longest Yard,1974,1,Native 4K,HDR10,2.0 DTS-HD MA,,6.7,牢狱风云,喜剧/剧情/犯罪,,0,
604079,The Long Walk,2025,1,Native 4K,HDR10,Dolby Vision,"Dolby Atmos, True-HD 7.1",6.9,死亡竞走,科幻/惊悚/恐怖,,0,
14807,The Long Good Friday,1980,1,Native 4K,HDR10,Dolby Vision,LPCM Mono,7.2,漫长美好的星期五,犯罪/惊悚/剧情,,0,
447277,The Little Mermaid,2023,1,Native 4K,HDR10,"Dolby Atmos, True-HD 7.1",,6.2,小美人鱼,冒险/家庭/奇幻/爱情,2025-03-23,0,
10144,The Little Mermaid,1989,1,Native 4K,HDR10,"Dolby Atmos, True-HD 7.1",,7.4,小美人鱼,动画/家庭/奇幻,,0,
8587,The Lion King,2019,0,Upscaled 4K,HDR10,"Dolby Atmos, True-HD 7.1",,8.2,狮子王,动画/家庭/剧情,,0,
8587,The Lion King,1994,0,Upscaled 4K,HDR10,"Dolby Atmos, True-HD 7.1",,8.2,狮子王,动画/家庭/剧情,,0,
18988,The Lion in Winter,1968,1,Native 4K,HDR10,Dolby Vision,LPCM 2.0 Mono,7.4,冬狮,剧情/历史,,0,
50348,The Lincoln Lawyer,2011,0,Upscaled 4K,HDR10,"Dolby Atmos, True-HD 7.1",,7.2,林肯律师,犯罪/剧情/惊悚,,0,
10388,The Limey,1999,1,Native 4K,HDR10,Dolby Vision,5.1 DTS-HD-MA,6.5,英国佬,犯罪/剧情/惊悚,,0,
842924,The Life of Chuck,2024,1,Native 4K,HDR10,5.1 DTS-HD MA,,7.3,查克的一生,奇幻/剧情,,0,
274862,The Lego Ninjago Movie,2017,0,Upscaled 4K,HDR10,"Dolby Atmos, True-HD 7.1",,6.5,乐高幻影忍者大电影,动画/喜剧/冒险/动作/家庭,2026-09-11,0,
280217,The LEGO Movie 2: The Second Part,2019,0,Upscaled 4K,HDR10,"Dolby Atmos, True-HD 7.1",,6.6,乐高大电影2,动作/冒险/动画/喜剧/家庭,,0,
137106,The Lego Movie,2014,0,Upscaled 4K,HDR10,5.1 DTS-HD-MA,,7.4,乐高大电影,动画/家庭/冒险/喜剧/奇幻,2026-09-11,0,
324849,The Lego Batman Movie,2017,0,Upscaled 4K,HDR10,"Dolby Atmos, True-HD 7.1",,7.3,乐高蝙蝠侠大电影,动画/动作/喜剧/家庭,2026-09-11,0,
1656,The Legend of Zorro,2005,0,Upscaled 4K,HDR10,Dolby Vision,"Dolby Atmos, True-HD 7.1",6.1,佐罗传奇,动作/冒险/西部,,0,
258489,The Legend of Tarzan,2016,0,Upscaled 4K,HDR10,"Dolby Atmos, True-HD 7.1",,5.9,泰山归来：险战丛林,奇幻/动作/冒险,2026-09-11,0,
896536,The Legend of Ochi,2025,1,Native 4K,HDR10,Dolby Vision,Dolby Atmos,6.1,奥奇传说,家庭/奇幻/冒险,,0,
188207,The Legend of Hercules,2014,0,Upscaled 4K,HDR10,"Dolby Atmos, True-HD 7.1",,4.8,大力神,动作/冒险,,0,
32961,The Lavender Hill Mob,1951,1,Native 4K,Dolby Vision,2.0 DTS-HD MA,,7.2,拉凡德山的暴徒,喜剧/犯罪,,0,
274854,The Last Witch Hunter,2015,0,Upscaled 4K,HDR10,"DTS: X, 7.1 DTS HD-MA",,6.0,最后的巫师猎人,动作/冒险/奇幻,2026-09-11,0,
13963,The Last Waltz,1978,1,Native 4K,HDR10,Dolby Vision,5.1 DTS-HD-MA,7.7,最后华尔兹,纪录/音乐,,0,
11884,The Last Starfighter,1984,1,Native 4K,HDR10,Dolby Vision,5.1 DTS-HD MA,6.6,最后的星空战士,冒险/科幻/动作,,0,
746,The Last Emperor,1987,1,Native 4K,HDR10,Dolby Vision,2.0 DTS-HD MA,7.6,末代皇帝,剧情/历史,2026-09-04,0,
617653,The Last Duel,2021,1,Native 4K,HDR10,"Dolby Atmos, True-HD 7.1",,7.4,最后的决斗,剧情/历史/惊悚,2025-03-23,0,
14886,The Last Detail,1973,1,Native 4K,HDR10,Dolby Vision,DTS-HD MA Mono,7.0,特殊任务,剧情/喜剧,,0,
9319,The Last Boy Scout,1991,1,Native 4K,HDR10,Dolby Vision,Dolby Atmos,6.8,终极尖兵,动作/惊悚,,0,
5506,The Ladykillers,1955,1,Native 4K,HDR10,Dolby Vision,2.0 DTS-HD MA,7.3,贼博士,喜剧/犯罪,,0,
3766,The Lady from Shanghai,1947,1,Native 4K,HDR10,Dolby Vision,2.0 DTS-HD MA,7.3,上海小姐,悬疑/犯罪/惊悚/剧情,,0,
476669,The Kings Man,2021,0,Upscaled 4K,HDR10,Dolby Vision,"Dolby Atmos, True-HD 7.1",6.7,王牌特工：源起,动作/冒险/惊悚,2025-03-23,0,
476669,The King's Man,2021,0,Upscaled 4K,HDR10,"Dolby Atmos, True-HD 7.1",,6.7,王牌特工：源起,动作/冒险/惊悚,2025-03-23,0,
625,The Killing Fields,1984,1,Native 4K,HDR10,Dolby Vision,5.1 DTS-HD-MA,7.5,杀戮战场,剧情/历史/战争,,0,
247,The Killing,1956,1,Native 4K,HDR10,Dolby Vision,LPCM Mono,7.6,杀手,犯罪/惊悚/剧情,,0,
507241,The Killer's Game,2024,1,Native 4K,HDR10,Dolby Vision,"Dolby Atmos, True-HD 7.1",6.4,杀手游戏,动作/喜剧/惊悚,,0,
10835,The Killer,1989,1,Native 4K,HDR10,Dolby Vision,DTS-HD MA Mono,7.6,喋血双雄,动作/犯罪/剧情/惊悚,,0,
958006,The Kill Room,2023,1,Native 4K,HDR10,Dolby Vision,5.1 DTS-HD MA,5.9,杀戮房间,喜剧/犯罪,,0,
454294,The Kid Who Would Be King,2019,0,Upscaled 4K,HDR10+,"Dolby Atmos, True-HD 7.1",,6.2,王者少年,动作/冒险/奇幻/家庭,,0,
38575,The Karate Kid,2010,1,Native 4K,HDR10,Dolby Vision,Dolby Atmos,6.6,功夫梦,动作/冒险/剧情/家庭,,0,
278927,The Jungle Book,2016,0,Upscaled 4K,HDR10,"Dolby Atmos, True-HD 7.1",,6.9,奇幻森林,冒险/家庭/奇幻,2025-03-23,0,
10536,The Italian Job,1969,1,Native 4K,HDR10,Dolby Vision,5.1 DTS-HD MA,6.9,意大利任务,犯罪/喜剧/惊悚,,0,
7988,The Island,1980,1,Native 4K,HDR10,Dolby Vision,5.1 DTS-HD MA,5.2,魔岛生死劫,惊悚/悬疑/动作/冒险,,0,
570670,The Invisible Man,2020,1,Native 4K,HDR10+,"Dolby Atmos, True-HD 7.1",,7.1,隐形人,惊悚/科幻/恐怖,,0,
10787,The Invisible Man,1933,1,Native 4K,HDR10,DTS-HD MA Mono,,7.5,隐形人,恐怖/科幻,,0,
257211,The Intern,2015,0,Upscaled 4K,HDR10,Dolby Vision,5.1 DTS-HD MA,7.2,实习生,喜剧,2026-05-04,0,
9806,The Incredibles,2004,0,Upscaled 4K,HDR10,"Dolby Atmos, True-HD 7.1",,7.7,超人总动员,动作/冒险/动画/家庭,,0,
1724,The Incredible Hulk,2008,0,Upscaled 4K,HDR10,Dolby Vision,"DTS: X, 7.1 DTS HD-MA",6.3,无敌浩克,科幻/动作/冒险,2026-03-29,0,
12162,The hurt Locker,2008,0,Upscaled 4K,HDR10,Dolby Vision,"Dolby Atmos, True-HD 7.1",7.2,拆弹部队,剧情/惊悚/战争,,0,
290595,The Huntsman: Winter’s War,2016,0,Upscaled 4K,HDR10,7.1 DTS-HD-MA,,6.3,猎神：冬日之战,动作/冒险/剧情,,0,
101444,The Hunters of the Golden Cobra,1982,1,Native 4K,HDR10,2.0 DTS-HD MA,,5.4,金蛇,犯罪/冒险/动作/战争,,0,
10632,The Hunted,2003,1,Native 4K,HDR10,Dolby Vision,5.1 DTS-HD MA,6.2,猎捕游戏,剧情/动作/惊悚/犯罪,,0,
1669,The Hunt For Red October,1990,1,Native 4K,HDR10,Dolby Vision,Dolby TrueHD 5.1,7.4,猎杀红色十月,动作/惊悚,,0,
514847,The Hunt,2020,1,Native 4K,HDR10,"Dolby Atmos, True-HD 7.1",The Hunger Games: The Ballad of Songbirds,6.7,狩猎,动作/惊悚/恐怖,,0,
1115039,and Snakes,2023,1,Native 4K,HDR10,Dolby Vision,"Dolby Atmos, True-HD 7.1",N/A,From Shaw to Snakes: The Venom and Violence of Early Chinese Language Horror Cinema,纪录,,0,
131634,The Hunger Games: Mockingjay Part 2,2015,0,Upscaled 4K,HDR10,"Dolby Atmos, True-HD 7.1",,6.9,饥饿游戏3：嘲笑鸟（下）,动作/冒险/科幻,2025-03-23,0,
131631,The Hunger Games: Mockingjay Part 1,2014,0,Upscaled 4K,HDR10,"Dolby Atmos, True-HD 7.1",,6.8,饥饿游戏3：嘲笑鸟（上）,科幻/冒险/惊悚,2025-03-23,0,
101299,The Hunger Games: Catching Fire,2013,1,Native 4K,HDR10,"Dolby Atmos, True-HD 7.1",,7.4,饥饿游戏2：星火燎原,冒险/动作/科幻,2025-03-23,0,
70160,The Hunger Games,2012,0,Upscaled 4K,HDR10,"Dolby Atmos, True-HD 7.1",,7.2,饥饿游戏,科幻/冒险/动作/惊悚,2026-09-12,0,
11298,The Howling,1981,1,Native 4K,HDR10,Dolby Vision,5.1 DTS-HD-MA,6.6,破胆三次,恐怖,,0,
1368166,The Housemaid,2025,1,Native 4K,HDR10,Dolby Vision,"Dolby Atmos, True-HD 7.1",7.3,家弑服务,悬疑/惊悚,,0,
57447,The House with Laughing Windows,1976,1,Native 4K,HDR10,LPCM Mono,,7.2,笑窗之屋,悬疑/惊悚/恐怖,,0,
463821,The House with a Clock in Its Walls,2018,0,Upscaled 4K,HDR10,"Dolby Atmos, True-HD 7.1",,6.3,滴答屋,喜剧/家庭/奇幻/恐怖/悬疑,2025-03-23,0,
28794,The House by the Cemetery,1981,1,Native 4K,HDR10,Dolby Vision,"Dolby Atmos, True-HD 7.1",6.3,守墓屋,恐怖,,0,
14864,The Hot Spot,1990,1,Native 4K,HDR10,Dolby Vision,LPCM 2.0,6.3,激情沸点,爱情/犯罪/惊悚,,0,
57158,The Hobbit: The Desolation of Smaug,2013,1,Native 4K,HDR10,Dolby Vision,"Dolby Atmos, True-HD 7.1",7.6,霍比特人2：史矛革之战,奇幻/冒险/动作,2025-03-23,0,
122917,The Hobbit: The Battle of the Five Armies,2014,1,Native 4K,HDR10,Dolby Vision,"Dolby Atmos, True-HD 7.1",7.3,霍比特人3：五军之战,动作/冒险/奇幻,2025-03-23,0,
49051,The Hobbit: An Unexpected Journey,2012,1,Native 4K,HDR10,Dolby Vision,"Dolby Atmos, True-HD 7.1",7.4,霍比特人1：意外之旅,冒险/奇幻/动作,2025-03-23,0,
390043,The Hitman's Bodyguard,2017,1,Native 4K,HDR10,Dolby Vision,"Dolby Atmos, True-HD 7.1",6.9,王牌保镖,动作/喜剧/犯罪/惊悚,,0,
9542,The Hitcher,1986,1,Native 4K,HDR10,Dolby Vision,"Dolby Atmos, True-HD 7.1",6.9,搭车人,恐怖/动作/惊悚,,0,
43636,The Heroic Trio,1993,1,Native 4K,SDR,5.1 DTS-HD MA,,6.7,东方三侠,科幻/动作/冒险/奇幻/惊悚,,0,
11618,The Haunting,1999,1,Native 4K,HDR10,Dolby Vision,5.1 DTS-HD MA,5.5,鬼入侵,动画/喜剧/家庭/纪录,,0,
10911,The Guns of Navarone,1961,1,Native 4K,HDR10,"Dolby Atmos, True-HD 7.1",,7.3,纳瓦隆大炮,冒险/剧情/战争,,0,
360920,The Grinch,2018,0,Upscaled 4K,HDR10,Dolby Vision,"Dolby Atmos, True-HD 7.1",6.9,绿毛怪格林奇,动画/喜剧/家庭/奇幻,,0,
18129,The Grifters,1990,1,Native 4K,HDR10,Dolby Vision,2.0 DTS-HD MA,6.5,致命赌局,犯罪/剧情,,0,
497,The Green Mile,1999,1,Native 4K,HDR10,"Dolby Atmos, True-HD 7.1",,8.5,绿里奇迹,奇幻/剧情/犯罪,,0,
559907,The Green Knight,2021,1,Native 4K,HDR10,Dolby Vision,"Dolby Atmos, True-HD 7.1",6.6,绿衣骑士,冒险/剧情/奇幻,,0,
316029,The Greatest Showman,2017,1,Native 4K,HDR10,"Dolby Atmos, True-HD 7.1",,7.9,马戏之王,剧情,,0,
311324,The Great Wall,2016,1,Native 4K,HDR10,"Dolby Atmos, True-HD 7.1",,6.0,长城,动作/冒险/奇幻,2025-03-23,0,
2617,The Great Outdoors,1988,1,Native 4K,HDR10,Dolby Vision,2.0 DTS-HD MA,6.4,斗气家族,喜剧,,0,
64682,The Great Gatsby,2013,0,Upscaled 4K,HDR10,5.1 DTS-HD MA,,7.3,了不起的盖茨比,剧情/爱情,,0,
5925,The Great Escape,1963,1,Native 4K,SDR,DTS-HD MA 2.0 Mono,,7.9,大逃亡,冒险/剧情/战争,,0,
9340,The Goonies,1985,1,Native 4K,HDR10,5.1 DTS-HD-MA,,7.5,七宝奇谋,冒险/喜剧/家庭,,0,
15067,"The Good, the Bad, the Weird",2008,0,Upscaled 4K,HDR10,Dolby Vision,7.1 DTS-HD MA,7.2,好家伙、坏家伙、怪家伙,动作/冒险/喜剧/西部,,0,
429,"The Good, the Bad and the Ugly",1966,1,Native 4K,HDR10,Dolby Vision,DTS-HD Master Audio 2.0 Mono,8.5,黄金三镖客,西部,2026-09-11,0,
105864,The Good Dinosaur,2015,0,Upscaled 4K,HDR10,"Dolby Atmos, True-HD 7.1",,6.8,恐龙当家,冒险/动画/家庭,,0,
10136,The Golden Child,1986,1,Native 4K,HDR10,Dolby Vision,5.1 DTS-HD MA,5.9,金童子,动作/冒险/喜剧,,0,
242,Corleone,1990,1,Native 4K,HDR10,Dolby Vision,Dolby True-HD 5.1,7.4,教父3,犯罪/剧情/惊悚,2026-09-12,0,
14069,The Girl Who Leapt Through Time,2006,0,Upscaled 4K,HDR10,5.1 DTS-HD MA,,7.8,穿越时空的少女,奇幻/动画/剧情/科幻,,0,
346685,The Girl on the Train,2016,0,Upscaled 4K,HDR10,"DTS: X, 7.1 DTS HD-MA",,6.4,火车上的女孩,犯罪/悬疑/惊悚,,0,
446807,The Girl in the Spider's Web,2018,1,Native 4K,HDR10,"Dolby Atmos, True-HD 7.1",,6.2,蜘蛛网中的女孩,动作/犯罪/惊悚,2026-09-11,0,
2046,The Gift,2000,1,Native 4K,HDR10,Dolby Vision,5.1 DTS-HD MA,6.5,惊魂眼,恐怖/剧情/惊悚/悬疑,,0,
522627,The Gentlemen,2019,1,Native 4K,HDR10,7.1 DTS-HD-MA,,7.7,绅士们,动作/喜剧/犯罪,2026-09-04,0,
14443,The Garbage Pail Kids Movie,1987,1,Native 4K,HDR10,Dolby Vision,2.0 DTS-HD MA,3.6,垃圾桶小破孩大电影,冒险/喜剧/家庭/科幻,,0,
44800,The Gambler,1974,1,Native 4K,HDR10,Dolby Vision,Lossless Mono,6.7,赌棍,剧情/犯罪,,0,
1280738,The Furious,2025,1,Native 4K,HDR10,Dolby Vision,"Dolby Atmos, True-HD 7.1",8.2,火遮眼,动作/犯罪/惊悚,2026-08-15,0,
13555,The Funhouse,1981,1,Native 4K,HDR10,Dolby Vision,"Dolby Atmos, True-HD 7.1",5.9,恐怖欢乐屋,恐怖,,0,
5503,The Fugitive,1993,1,Native 4K,HDR10,"Dolby Atmos, True-HD 7.1",,7.5,亡命天涯,动作/惊悚/剧情,2025-03-23,0,
1723,The Front,1976,1,Native 4K,HDR10,Dolby Vision,2.0 DTS-HD MA,7.0,出头人,喜剧/剧情,,0,
10779,The Frighteners,1996,1,Native 4K,HDR10,Dolby Vision,"Dolby Atmos, True-HD 7.1",7.0,恐怖幽灵,恐怖/喜剧,,0,
542178,"The French Dispatch of the Liberty, Kansas Evening Sun",2021,1,Native 4K,HDR10,Dolby Vision,5.1 DTS-HD MA,7.0,法兰西特派,剧情/喜剧,,0,
12310,The Four Musketeers,1974,1,Native 4K,HDR10,Dolby Vision,LPCM Mono,6.5,生死剑侠,动作/冒险/喜剧/剧情,,0,
1888,The Fortune Cookie,1966,1,Native 4K,SDR,2.0 DTS-HD MA,,7.2,飞来福,喜剧,,0,
602223,The Forever Purge,2021,0,Upscaled 4K,HDR10,"Dolby Atmos, True-HD 7.1",,6.9,人类清除计划5,动作/恐怖/惊悚,,0,
1127674,The Forbidden City,2025,1,Native 4K,HDR10,Dolby Vision,"Dolby Atmos, True-HD 7.1",6.9,紫禁城,动作/剧情/爱情,,0,
790,The Fog,1980,1,Native 4K,HDR10,Dolby Vision,"Dolby Atmos, True-HD 7.1",6.7,夜雾杀机,恐怖,,0,
394117,The Florida Project,2017,1,Native 4K,HDR10,Dolby Vision,5.1 DTS-HD MA,7.4,佛罗里达乐园,剧情,,0,
298618,The Flash,2023,1,Native 4K,HDR10,Dolby Vision,"Dolby Atmos, True-HD 7.1",6.6,闪电侠,动作/科幻/冒险,2026-09-12,0,
48853,The Five Days,1973,1,Native 4K,HDR10,2.0 DTS-HD MA,,5.9,五天,喜剧/剧情/历史,,0,
177,The Fisher King,1991,1,Native 4K,HDR10,Dolby Vision,5.1 DTS-HD MA,7.3,渔王,喜剧/剧情,,0,
783675,The First Slam Dunk,2022,0,Upscaled 4K,HDR10,Dolby Vision,"Dolby Atmos, True-HD 7.1",7.8,灌篮高手,动画/喜剧/剧情,,0,
442249,The First Purge,2018,0,Upscaled 4K,HDR10,"DTS: X, 7.1 DTS HD-MA",,6.0,人类清除计划4,动作/恐怖/惊悚,,0,
37233,The Firm,1993,1,Native 4K,HDR10,Dolby Vision,Dolby TrueHD 5.1,6.7,糖衣陷阱,剧情/悬疑/惊悚,,0,
42471,The Final Programme,1973,1,Native 4K,HDR10,2.0 DTS-HD MA,,5.4,电脑人魔,惊悚/科幻/喜剧,,0,
8738,The Final Countdown,1980,1,Native 4K,HDR10,Dolby Vision,"Dolby Atmos, True-HD 7.1",6.6,核子航母遇险记,战争/动作/科幻,,0,
18,The Fifth Element,1997,1,Native 4K,HDR10,"Dolby Atmos, True-HD 7.1",,7.6,第五元素,科幻/动作/冒险,,0,
337339,The Fate of the Furious,2017,0,Upscaled 4K,HDR10,Dolby Vision,"DTS: X, 7.1 DTS HD-MA",6.8,速度与激情8,动作/犯罪/惊悚,2025-03-23,0,
9615,The Fast and the Furious: Tokyo Drift,2006,0,Upscaled 4K,HDR10,"DTS:X, 7.1 DTS-HD MA",,6.6,速度与激情3：东京漂移,动作/犯罪/惊悚,2025-03-23,0,
9799,The Fast and the Furious,2001,1,Native 4K,HDR10,Dolby Vision,"Dolby Atmos, True-HD 7.1",7.0,速度与激情,动作/犯罪/惊悚,,0,
201593,The Farmer,1977,1,Native 4K,HDR10,2.0 DTS-HD MA,,5.1,卖命,动作/犯罪,,0,
617126,The Fantastic Four: First Steps,2025,1,Native 4K,HDR10,Dolby Vision,"Dolby Atmos, True-HD 7.1",6.9,神奇4侠：初露锋芒,科幻/冒险/动作,2026-05-06,0,
105184,The Fan,1982,1,Native 4K,SDR,Lossless Mono,,6.6,嗜血追星女,剧情/恐怖,,0,
5994,The Family Man,2000,1,Native 4K,HDR10,Dolby Vision,5.1 DTS-HD MA,6.8,居家男人,喜剧/剧情/爱情/奇幻,,0,
746036,The Fall Guy,2024,1,Native 4K,HDR10,Dolby Vision,"Dolby Atmos, True-HD 7.1",7.0,特技狂人,动作/喜剧/爱情,2026-03-29,0,
88396,The Falcon and the Winter Soldier,2021,1,Native 4K,HDR10,"Dolby Atmos, True-HD 7.1",,7.6,猎鹰与冬兵,动作冒险/Sci-Fi & Fantasy,,0,
9276,The Faculty,1998,1,Native 4K,HDR10,Dolby Vision,5.1 DTS-HD MA,6.6,老师不是人,恐怖/科幻,,0,
804095,The Fabelmans,2022,1,Native 4K,HDR10,Dolby Vision,Dolby TrueHD 7.1,7.6,造梦之家,剧情,2026-08-28,0,
10389,The Eye,2002,1,Native 4K,HDR10,Dolby Vision,5.1 DTS-HD MA,6.6,见鬼,恐怖,,0,
138103,The Expendables 3,2014,1,Native 4K,HDR10,Dolby Atmos True-HD,,6.2,敢死队3,动作/冒险/惊悚,2025-03-23,0,
76163,The Expendables 2,2012,0,Upscaled 4K,HDR10,"Dolby Atmos, True-HD 7.1",,6.4,敢死队2,动作/冒险/惊悚,,0,
27578,The Expendables,2010,0,Upscaled 4K,HDR10,"Dolby Atmos, True-HD 7.1",,6.3,敢死队,惊悚/冒险/动作,,0,
807172,The Exorcist: Believer,2023,1,Native 4K,HDR10,Dolby Vision,"Dolby Atmos, True-HD 7.1",5.8,驱魔人：信徒,恐怖,,0,
11587,The Exorcist III,1990,1,Native 4K,HDR10,Dolby Vision,5.1 DTS-HD MA,6.3,驱魔人III,恐怖,,0,
9552,The Exorcist,1973,1,Native 4K,HDR10,"Dolby Atmos, True-HD 7.1",,7.7,驱魔人,恐怖,,0,
94738,"The Executioner, Part II",1984,1,Native 4K,HDR10,Dolby Vision,Lossless Mono,4.3,执行者2,动作/犯罪/剧情,,0,
764,The Evil Dead,1981,1,Native 4K,HDR10,Dolby Vision,Dolby True-HD 5.1,7.3,鬼玩人,恐怖,,0,
29566,The Escapees,1981,1,Native 4K,HDR10+,Dolby Vision,LPCM Mono,4.6,逃亡者,剧情/犯罪,,0,
926393,The Equalizer 3,2023,1,Native 4K,HDR10,Dolby Vision,"Dolby Atmos, True-HD 7.1",7.3,伸冤人3,动作/惊悚/犯罪,2025-03-23,0,
345887,The Equalizer 2,2018,0,Upscaled 4K,HDR10,"Dolby Atmos, True-HD 7.1",,6.8,伸冤人2,动作/惊悚/犯罪,2025-03-23,0,
156022,The Equalizer,2014,0,Upscaled 4K,HDR10,"Dolby Atmos, True-HD 7.1",,7.3,伸冤人,惊悚/动作/犯罪,2025-03-23,0,
1101383,The End of Oak Street,2026,1,Native 4K,HDR10,Dolby Vision,"Dolby Atmos, True-HD 7.1",7.0,逃出绝命街,科幻/悬疑/惊悚,,0,
11688,The Emperor's New Groove,2000,0,Upscaled 4K,HDR10,Dolby Vision,"Dolby Atmos, True-HD 7.1",7.6,变身国王,冒险/动画/喜剧/家庭/奇幻,,0,
378236,The Emoji Movie,2017,0,Upscaled 4K,HDR10,"Dolby Atmos, True-HD 7.1",,5.4,表情奇幻冒险,动画/家庭/喜剧,,0,
1955,The Elephant Man,1980,1,Native 4K,HDR10,Dolby Vision,LPCM 2.0,8.1,象人,剧情/历史,,0,
20187,The Eiger Sanction,1975,1,Native 4K,HDR10,Dolby Vision,5.1 DTS-HD MA,6.1,勇闯雷霆峰,动作/冒险/剧情,,0,
1278,The Dreamers,2003,1,Native 4K,HDR10,Dolby Vision,5.1 DTS-HD MA,7.2,戏梦巴黎,剧情/爱情,,0,
1325734,The Drama,2026,1,Native 4K,HDR10,Dolby Vision,"Dolby Atmos, True-HD 7.1",6.9,爱情抓马,爱情/喜剧/剧情,,0,
10537,The Doors,1991,1,Native 4K,HDR10+,Dolby Vision,"Dolby Atmos, True-HD 7.1",7.1,大门,音乐/剧情,,0,
13552,The Doom Generation,1995,1,Native 4K,SDR,5.1 DTS-HD MA,,6.5,玩尽末世纪,喜剧/剧情/犯罪,,0,
262500,The Divergent Series: Insurgent,2015,0,Upscaled 4K,HDR10,"Dolby Atmos, True-HD 7.1",,6.4,分歧者2：绝地反击,动作/科幻/惊悚,2026-09-11,0,
262504,The Divergent Series: Allegiant,2016,1,Native 4K,HDR10,"Dolby Atmos, True-HD 7.1",,6.1,分歧者3：忠诚世界,冒险/科幻/动作/悬疑,2026-09-11,0,
4593,The Discreet Charm of The Bourgeoisie,1972,1,Native 4K,HDR10,2.0 DTS-HD MA,,7.5,资产阶级的审慎魅力,喜剧,,0,
1654,The Dirty Dozen,1967,1,Native 4K,HDR10,Dolby Vision,LPCM 2.0,7.6,十二金刚,动作/冒险/战争,,0,
74831,The Devil's Wedding Night,1973,1,Native 4K,HDR10,2.0 DTS-HD MA,,5.3,恶魔婚礼之夜,恐怖,,0,
38701,The Devil's Rain,1975,1,Native 4K,HDR10,2.0 DTS-HD MA,,5.0,魔鬼雨,恐怖,,0,
58218,The Devil's Nightmare,1971,1,Native 4K,SDR,LPCM Mono,,6.2,恶魔的梦魇,恐怖/奇幻,,0,
30872,The Devil's Honey,1986,1,Native 4K,HDR10,2.0 DTS-HD MA,,5.5,恶魔的宝贝儿,惊悚/剧情,,0,
1433,The Devil's Backbone,2001,0,Upscaled 4K,HDR10,Dolby Vision,5.1 DTS-HD MA,7.3,鬼童院,奇幻/剧情/恐怖/惊悚,,0,
1314481,The Devil Wears Prada 2,2026,1,Native 4K,HDR10,Dolby Vision,"Dolby Atmos, True-HD 7.1",7.0,穿普拉达的女王2,喜剧/剧情,2026-07-30,0,
34480,The Descent: Part II,2009,0,Upscaled 4K,HDR10,Dolby Vision,5.1 DTS-HD MA,6.0,黑暗侵袭2,冒险/恐怖/惊悚,,0,
9392,The Descent,2005,1,Native 4K,HDR10,Dolby Vision,7.1 DTS-HD MA,7.0,黑暗侵袭,冒险/恐怖,2026-07-06,0,
1422,The Departed,2006,0,Upscaled 4K,HDR10,5.1 DTS-HD MA,,8.2,无间道风云,剧情/惊悚/犯罪,,0,
29130,The Demoniacs,1974,1,Native 4K,HDR10,Dolby Vision,DTS-HD MA Mono,5.8,活死人的咒语,恐怖,,0,
16113,The Delta Force,1986,1,Native 4K,HDR10,Dolby Vision,5.1 DTS-HD-MA,6.0,三角洲突击队,动作/惊悚/战争,,0,
11778,The Deer Hunter,1978,1,Native 4K,HDR10,Dolby Vision,5.1 DTS-HD-MA,8.0,猎鹿人,剧情/战争,,0,
487670,The Death Of Superman,2018,0,Upscaled 4K,HDR10,5.1 DTS-HD-MA,,7.4,超人之死,科幻/动画/动作/剧情/冒险,,0,
630656,The Death and Return of Superman,2019,0,Upscaled 4K,HDR10,5.1 DTS-HD MA,,6.7,超人之死而复生,科幻/冒险/动画/动作/剧情,,0,
40059,The Deadly Spawn,1983,1,Native 4K,HDR10+,Dolby Vision,2.0 DTS-HD MA,5.6,异形再现,恐怖/科幻,,0,
11336,The Dead Zone,1983,1,Native 4K,HDR10,Dolby Vision,5.1 DTS-HD MA,7.0,死亡地带,惊悚/恐怖/科幻,,0,
40448,The Dead Pit,1989,1,Native 4K,HDR10,2.0 DTS-HD MA,,5.2,尸坑,恐怖,,0,
764,The Dead,1987,1,Native 4K,HDR10,Dolby Vision,4.0 DTS-HD MA,7.3,鬼玩人,恐怖,,0,
10722,The Day of the Beast,1995,1,Native 4K,HDR10,DTS-HD MA 2.0,,7.3,野兽之日,恐怖/喜剧/动作,,0,
445651,The Darkest Minds,2018,0,Upscaled 4K,HDR10,"Dolby Atmos, True-HD 7.1",,7.0,黑暗心灵,动作/冒险/剧情,2026-09-11,0,
353491,The Dark Tower,2017,1,Native 4K,HDR10,Dolby Vision,"Dolby Atmos, True-HD 7.1",5.8,黑暗塔,奇幻/动作/科幻,2026-09-11,0,
49026,The Dark Knight Rises,2012,1,Native 4K,HDR10,5.1 DTS-HD-MA,,7.8,蝙蝠侠：黑暗骑士崛起,动作/犯罪/剧情/惊悚,2025-03-23,0,
155,The Dark Knight,2008,1,Native 4K,HDR10,5.1 DTS-HD-MA,,8.5,蝙蝠侠：黑暗骑士,动作/惊悚/犯罪,2025-03-23,0,
10349,The Dark Half,1993,1,Native 4K,HDR10,Dolby Vision,5.1 DTS-HD MA,6.0,人鬼双胞胎,悬疑/恐怖,,0,
11639,The Dark Crystal,1982,1,Native 4K,HDR10,Dolby Vision,"Dolby Atmos, True-HD 7.1",7.2,黑水晶,冒险/家庭/奇幻,,0,
4538,The Darjeeling Limited,2007,0,Upscaled 4K,HDR10,Dolby Vision,5.1 DTS-HD MA,7.1,穿越大吉岭,冒险/剧情/喜剧,,0,
13210,The Dam Busters,1955,1,Native 4K,HDR10,2.0 DTS-HD MA,,6.9,敌后大爆破,剧情/历史/战争,,0,
591,The Da Vinci Code,2006,1,Native 4K,HDR10,"Dolby Atmos, True-HD 7.1",,6.7,达·芬奇密码,惊悚/悬疑,,0,
3079,The Curse of Frankenstein,1957,1,Native 4K,HDR10,Dolby Vision,5.1 DTS-HD MA,6.8,弗兰肯斯坦的诅咒,恐怖/科幻,,0,
11386,The Crying Game,1992,1,Native 4K,HDR10,Dolby Vision,2.0 DTS-HD MA,6.8,哭泣的游戏,犯罪/剧情/惊悚,,0,
9495,The Crow,2024,1,Native 4K,HDR10,Dolby Vision,"Dolby Atmos, True-HD 7.1",7.5,乌鸦,奇幻/动作/惊悚,,0,
9495,The Crow,1994,1,Native 4K,HDR10,Dolby Vision,5.1 DTS-HD MA,7.5,乌鸦,奇幻/动作/惊悚,,0,
529203,The Croods: A New Age,2020,0,Upscaled 4K,HDR10,Dolby Vision,"Dolby Atmos, True-HD 7.1",7.4,疯狂原始人2：新纪元,动画/家庭/冒险/奇幻/喜剧,2025-03-23,0,
49519,The Croods,2013,0,Upscaled 4K,HDR10,"DTS:X, DTS-HD MA 7.1",,6.9,疯狂原始人,动画/冒险/家庭/喜剧,2025-03-23,0,
670292,The Creator,2023,1,Native 4K,HDR10,"Dolby Atmos, True-HD 7.1",,7.0,AI创世者,科幻/动作/冒险,2026-08-28,0,
29425,The Crazies,2010,0,Upscaled 4K,HDR10,Dolby Vision,"Dolby Atmos, True-HD 7.1",6.1,杀出狂人镇,科幻/恐怖/动作,,0,
9100,The Craft,1996,1,Native 4K,HDR10,5.1 DTS-HD-MA,,6.8,魔女游戏,恐怖/剧情/奇幻,,0,
1084736,The Count of Monte Cristo,2024,1,Native 4K,HDR10,Dolby Vision,5.1 DTS-HD MA,7.9,基督山伯爵,冒险/动作/剧情,,0,
9341,The Core,2003,1,Native 4K,HDR10,Dolby Vision,5.1 DTS-HD MA,5.8,地心抢险记,科幻/冒险/惊悚,,0,
592,The Conversation,1974,1,Native 4K,HDR10,Dolby Vision,5.1 DTS-HD MA,7.5,窃听大阴谋,犯罪/剧情/悬疑,,0,
12724,The Convent,2000,1,Native 4K,HDR10,Dolby Vision,5.1 DTS-HD MA,5.6,血腥修道院,恐怖/动作/喜剧,,0,
423108,The Conjuring: The Devil Made Me Do It,2021,0,Upscaled 4K,HDR10,"Dolby Atmos, True-HD 7.1",,7.3,招魂3,恐怖/悬疑/惊悚,,0,
628900,The Contractor,2022,0,Upscaled 4K,HDR10,Dolby Vision,7.1 DTS-HD MA,6.3,承包商,动作/惊悚,,0,
1038392,The Conjuring: Last Rites,2025,1,Native 4K,HDR10,Dolby Vision,"Dolby Atmos, True-HD 7.1",6.9,招魂4：终章,恐怖,,0,
423108,The Conjuring 3: The Devil Made Me Do It,2021,0,Upscaled 4K,HDR10,"Dolby Atmos, True-HD 7.1",,7.3,招魂3,恐怖/悬疑/惊悚,,0,
259693,The Conjuring 2,2016,0,Upscaled 4K,HDR10,"Dolby Atmos, True-HD 7.1",,7.3,招魂2,恐怖,,0,
138843,The Conjuring,2013,0,Upscaled 4K,HDR10,5.1 DTS-HD MA,,7.5,招魂,恐怖/惊悚,,0,
29723,The Concorde… Airport '79,1979,1,Native 4K,HDR10,Dolby Vision,5.1 DTS-HD MA,4.7,国际机场1979,动作/剧情/惊悚,,0,
11905,The Company of Wolves,1984,1,Native 4K,HDR10,Dolby Vision,2.0 DTS-HD MA,6.3,狼之一族,恐怖/奇幻,,0,
399035,The Commuter,2018,1,Native 4K,HDR10,Dolby Atmos True-HD,,6.4,通勤营救,动作/惊悚/悬疑,,0,
873,The Color Purple,1985,1,Native 4K,HDR10,5.1 DTS-HD MA,,7.7,紫色,剧情/历史,,0,
44960,The Clown Murders,1976,1,Native 4K,HDR10,2.0 DTS-HD MA,,4.7,The Clown Murders,剧情/悬疑/惊悚/恐怖,,0,
902,The City of Lost Children,1995,1,Native 4K,HDR10,Dolby Vision,2.0 DTS-HD MA,7.2,童梦失魂夜,奇幻/科幻/冒险,,0,
40364,The Church,1989,1,Native 4K,HDR10,Dolby Vision,5.1 DTS-HD MA,6.1,教堂幽灵,恐怖,,0,
2789,The Chronicles of Riddick,2004,1,Native 4K,HDR10,Dolby Vision,"Dolby Atmos, True-HD 7.1",6.6,星际传奇2,动作/科幻,,0,
13550,The Changeling,1980,1,Native 4K,HDR10,5.1 DTS-HD MA,,7.0,夺魄冤魂,恐怖,,0,
32562,The Celluloid Closet,1996,1,Native 4K,HDR10,Dolby Vision,2.0 DTS-HD MA,7.2,赛璐路壁橱,纪录/历史,,0,
8843,The Cell,2000,1,Native 4K,HDR10,Dolby Vision,5.1 DTS-HD MA,6.3,入侵脑细胞,恐怖/科幻/惊悚,2026-09-04,0,
27431,The Cat o' Nine Tails,1971,1,Native 4K,HDR10,Dolby Vision,DTS-HD MA 2.0 Mono,6.7,九尾怪猫,恐怖/悬疑/惊悚,,0,
76804,The Cat and the Canary,1927,1,Native 4K,SDR,5.1 DTS-HD MA,,6.9,猫和金丝雀,喜剧/恐怖/悬疑,,0,
3485,The Castle of Fu Manchu,1969,1,Native 4K,HDR10,Lossless Mono,,3.6,傅满洲的城堡,犯罪/冒险/恐怖,,0,
29167,The Case of the Bloody Iris,1972,1,Native 4K,HDR10,Lossless Mono,,6.3,滴血碧玉肌,惊悚/悬疑/恐怖,,0,
15483,The Card Player,2004,1,Native 4K,HDR10,Dolby Vision,5.1 DTS-HD MA,4.4,网络杀人案,犯罪/恐怖/悬疑/惊悚,,0,
481848,The Call of the Wild,2020,1,Native 4K,HDR10,"Dolby Atmos, True-HD 7.1",,7.5,野性的呼唤,冒险/家庭/剧情,,0,
9894,The Cable Guy,1996,1,Native 4K,HDR10,Dolby Vision,Dolby Atmos,6.0,王牌特派员,喜剧/剧情/惊悚,,0,
234,The Cabinet of Dr. Caligari,1920,1,Native 4K,SDR,5.1 DTS-HD MA,,7.9,卡里加里博士的小屋,剧情/恐怖/惊悚/犯罪,,0,
22970,The Cabin in the Woods,2011,0,Upscaled 4K,HDR10,Dolby Vision,"Dolby Atmos, True-HD 7.1",6.7,林中小屋,恐怖/悬疑/喜剧,2026-09-11,0,
623511,The Burning Sea,2021,1,Native 4K,HDR,Dolby Vision,"Dolby Atmos, True-HD 7.1",6.6,北海,动作/惊悚/剧情,,0,
24124,The Burning,1981,1,Native 4K,HDR10,Dolby Vision,2.0 DTS-HD MA,6.2,炼狱,恐怖,,0,
33319,The Burmese Harp,1956,1,Native 4K,SDR,LPCM Mono,,7.8,缅甸的竖琴,剧情/战争,,0,
11974,The Burbs,1989,1,Native 4K,HDR10,Dolby Vision,2.0 DTS-HD MA,6.8,地狱来的芳邻,喜剧/恐怖/惊悚,,0,
549509,The Brutalist,2024,1,Native 4K,SDR,5.1 DTS-HD MA,,6.9,粗野派,剧情,,0,
826,The Bridge on the River Kwai,1957,1,Native 4K,HDR10,Dolby Vision,"Dolby Atmos, True-HD 7.1",7.8,桂河大桥,剧情/历史/战争,2026-09-11,0,
1159831,The Bride!,2026,1,Native 4K,HDR10,Dolby Vision,"Dolby Atmos, True-HD 7.1",6.1,暗黑新娘！,科幻/恐怖/奇幻,,0,
229,The Bride of Frankenstein,1935,1,Native 4K,HDR10,2.0 DTS-HD MA,,7.5,科学怪人的新娘,恐怖/科幻,,0,
2108,The Breakfast Club,1985,1,Native 4K,HDR10,Dolby Vision,5.1 DTS-HD MA,7.7,早餐俱乐部,喜剧/剧情,,0,
22323,The Boys Next Door,1985,1,Native 4K,HDR10,5.1 DTS-HD MA,,6.2,邻家男孩,犯罪/剧情/惊悚,,0,
34377,The Boys in the Band,1970,1,Native 4K,HDR10,Dolby Vision,1.0 DTS-HD MA Mono,7.0,乐队男孩,剧情,,0,
508883,The Boy and the Heron,2023,0,Upscaled 4K,HDR10,Dolby Vision,"Dolby Atmos, True-HD 7.1",7.4,你想活出怎样的人生,动画/奇幻/剧情,,0,
315465,The Boy and The Beast,2015,0,Upscaled 4K,HDR10,5.1 DTS-HD MA,,7.9,怪物之子,动作/冒险/动画/剧情/家庭/奇幻,,0,
321258,The Boy,2016,0,Upscaled 4K,HDR10,Dolby Vision,"Dolby Atmos, True-HD 7.1",6.0,灵偶契约,恐怖/悬疑/惊悚,,0,
170687,The Boxtrolls,2014,0,Upscaled 4K,HDR10,Dolby Vision,"Dolby Atmos, True-HD 7.1",6.7,盒子怪,动画/喜剧/家庭/奇幻,,0,
2503,The Bourne Ultimatum,2007,0,Upscaled 4K,HDR10,"DTS: X, 7.1 DTS-HD MA",,7.4,谍影重重3,动作/剧情/悬疑/惊悚,2025-03-23,0,
2502,The Bourne Supremacy,2004,0,Upscaled 4K,HDR10,"DTS: X, 7.1 DTS-HD MA",,7.3,谍影重重2,动作/剧情/惊悚,2025-03-23,0,
49040,The Bourne Legacy,2012,0,Upscaled 4K,HDR10,"DTS: X, 7.1 DTS-HD MA",,6.3,谍影重重4,动作/惊悚,2025-03-23,0,
2501,The Bourne Identity,2002,0,Upscaled 4K,HDR10,"DTS: X, 7.1 DTS-HD MA",,7.5,谍影重重,动作/悬疑/惊悚,2025-03-23,0,
459151,The Boss Baby: Family Business,2021,0,Upscaled 4K,HDR10,Dolby Vision,"Dolby Atmos, True-HD 7.1",7.3,宝贝老板2,动画/喜剧/冒险/家庭,,0,
295693,The Boss Baby,2017,0,Upscaled 4K,HDR10,"Dolby Atmos, True-HD 7.1",,6.4,宝贝老板,动画/喜剧/家庭,,0,
256379,The Boogeyman,1980,1,Native 4K,HDR10,2.0 DTS-HD MA,,6.3,妖怪人,家庭/奇幻/剧情,,0,
33721,The Boogens,1981,1,Native 4K,HDR10,Dolby Vision,5.1 DTS-HD MA,5.5,地兽,恐怖,,0,
9481,The Bone Collector,1999,1,Native 4K,HDR10,Dolby Vision,5.1 DTS-HD MA,6.8,神秘拼图,犯罪/惊悚/剧情/悬疑,,0,
18674,The Bodyguard from Beijing,1994,1,Native 4K,HDR10,Dolby Vision,2.0 DTS-HD MA,6.8,中南海保镖,剧情/动作/惊悚,,0,
504827,The Bob's Burgers Movie,2022,1,Native 4K,HDR10,5.1 DTS-HD MA,,6.9,开心汉堡店,动画/喜剧/犯罪/悬疑,,0,
525,The Blues Brothers,1980,1,Native 4K,HDR10,"DTS: X, 7.1 DTS-HD MA",,7.7,福禄双霸天,音乐/喜剧/犯罪,,0,
90887,The Blood Rose,1970,1,Native 4K,SDR,2.0 DTS-HD MA,,5.6,血玫瑰,恐怖,,0,
26774,The Blood on Satan's Claw,1971,1,Native 4K,HDR10,Dolby Vision,2.0 DTS-HD MA,6.2,撒旦之鸦,恐怖,,0,
3483,The Blood of Fu Manchu,1968,1,Native 4K,HDR10,Dolby Vision,DTS-HD MA Mono,4.4,傅满洲之血,冒险/犯罪,,0,
731740,The Block Island Sound,2020,1,Native 4K,HDR10,5.1 DTS-HD MA,,5.2,布洛克岛秘音,恐怖/科幻,,0,
9599,The Blob,1988,1,Native 4K,HDR10,5.1 DTS-HD MA,,6.9,幽浮魔点,恐怖/科幻/惊悚,,0,
42845,The Blade,1995,1,Native 4K,HDR10,Dolby Vision,LPCM Mono,7.1,刀,动作/冒险,,0,
1008392,The Blackening,2023,1,Native 4K,HDR10,"Dolby Atmos, True-HD 7.1",,5.8,黑化游戏,恐怖/喜剧,,0,
756999,The Black Phone,2021,1,Native 4K,HDR10,"Dolby Atmos, True-HD 7.1",,7.5,黑色电话,恐怖/惊悚,,0,
83295,The Black Gestapo,1975,1,Native 4K,HDR10,2.0 DTS-HD MA,,4.3,盖世黑太保,犯罪,,0,
26503,The Black Cat,1981,1,Native 4K,HDR10,Lossless Mono,,6.1,黑猫,恐怖,,0,
26504,The Black Belly of the Tarantula,1971,1,Native 4K,HDR10,DTS-HD 2.0,,6.1,塔兰图拉毒蛛,恐怖/悬疑/惊悚,,0,
128115,The Birthday,2004,1,Native 4K,HDR10,Dolby Vision,5.1 DTS-HD MA,5.6,邪诞派对,喜剧/恐怖/悬疑,,0,
339408,The Birth of a Nation,2016,0,Upscaled 4K,HDR10,5.1 DTS-HD MA,,6.6,一个国家的诞生,剧情,,0,
571,The Birds,1963,1,Native 4K,HDR10,DTS-HD MA 2.0,,7.5,群鸟,恐怖/惊悚,,0,
20345,The Bird with the Crystal Plumage,1970,1,Native 4K,HDR10,Dolby Vision,DTS-HD MA Mono,7.1,摧花手,恐怖/悬疑/惊悚,,0,
1008409,The Bikeriders,2023,1,Native 4K,HDR10,"Dolby Atmos, True-HD 7.1",,6.7,摩托骑士,犯罪/剧情,,0,
115,The Big Lebowski,1998,1,Native 4K,HDR10,"DTS: X, 7.1 DTS-HD MA",,7.8,谋杀绿脚趾,喜剧/犯罪,,0,
104259,The Big Heat,1988,1,Native 4K,HDR10,Dolby Vision,2.0 DTS-HD MA,6.3,城市特警,动作/惊悚/犯罪,,0,
14580,The Big Heat,1953,1,Native 4K,HDR10,Dolby Vision,LPCM Mono,7.7,大内幕,犯罪/惊悚,,0,
175,The Big Blue,1988,1,Native 4K,HDR10,Dolby Vision,5.1 DTS-HD-MA,7.4,碧海蓝天,爱情/冒险/剧情,,0,
19204,The Beyond,1981,1,Native 4K,HDR10,Dolby Vision,5.1 DTS-HD-MA,6.9,鬼驱人,恐怖,,0,
866398,The Beekeeper,2024,1,Native 4K,HDR10,"Dolby Atmos, True-HD 7.1",,7.3,养蜂人,动作/犯罪/惊悚,2025-03-23,0,
414906,The Batman,2022,1,Native 4K,HDR10,Dolby Vision,"Dolby Atmos, True-HD 7.1",7.7,新蝙蝠侠,犯罪/悬疑/惊悚,2025-03-23,0,
1175942,The Bad Guys 2,2025,0,Upscaled 4K,HDR10,Dolby Vision,"Dolby Atmos, True-HD 7.1",7.6,坏蛋联盟2,家庭/喜剧/犯罪/冒险/动画/动作,,0,
629542,The Bad Guys,2022,0,Upscaled 4K,HDR10,"Dolby Atmos, True-HD 7.1",,7.5,坏蛋联盟,动作/冒险/动画/喜剧/犯罪/家庭,2025-03-23,0,
28156,The Baby,1973,1,Native 4K,HDR10,LPCM Mono,,5.9,红粉大火拼,恐怖/惊悚,,0,
397243,The Autopsy of Jane Doe,2016,1,Native 4K,HDR10,5.1 DTS-HD MA,,6.8,无名女尸,恐怖/悬疑,,0,
10547,The Arrival,1996,1,Native 4K,HDR10,Dolby Vision,"Dolby Atmos, True-HD 7.1",6.0,天袭,科幻/惊悚/悬疑,,0,
105236,The Ark of the Sun God,1984,1,Native 4K,HDR10,2.0 DTS-HD MA,,5.3,太阳神的神庙,动作/冒险/犯罪,,0,
284,The Apartment,1960,1,Native 4K,HDR10,Dolby Vision,5.1 DTS-HD MA,8.2,桃色公寓,喜剧/剧情/爱情,,0,
78546,The Antichrist,1974,1,Native 4K,HDR10,2.0 DTS-HD MA,,6.1,反基督者,剧情/恐怖,,0,
454640,The Angry Birds Movie 2,2019,0,Upscaled 4K,HDR10,"DTS:X, DTS-HD MA 7.1",,7.1,愤怒的小鸟2,动画/冒险/喜剧/家庭/动作,,0,
153518,The Angry Birds Movie,2016,0,Upscaled 4K,HDR10,"Dolby Atmos, True-HD 7.1",,6.3,愤怒的小鸟,动画/冒险/喜剧/家庭,,0,
102382,The Amazing Spider-Man 2,2014,1,Native 4K,HDR10,"Dolby Atmos, True-HD 7.1",,6.6,超凡蜘蛛侠2,动作/冒险/科幻,,0,
1930,The Amazing Spider-Man,2012,1,Native 4K,HDR10,"Dolby Atmos, True-HD 7.1",,6.8,超凡蜘蛛侠,动作/冒险/科幻,,0,
1087891,The Amateur,2025,1,Native 4K,HDR10,Dolby Vision,"Dolby Atmos, True-HD 7.1",6.9,谍网追凶,惊悚/动作,,0,
1013601,The Alto Knights,2025,1,Native 4K,HDR10,Dolby Vision,Dolby Atmos,6.2,黑道中人,犯罪/剧情/历史,,0,
10436,The Age of Innocence,1993,1,Native 4K,HDR10,Dolby Vision,"Dolby Atmos, True-HD 7.1",7.0,纯真年代,剧情/爱情,,0,
488,The African Queen,1951,1,Native 4K,HDR10+,Dolby Vision,LPCM 2.0 Mono,7.3,非洲女王号,冒险/爱情/战争/剧情,,0,
14506,The Adventures of Baron Munchausen,1988,1,Native 4K,HDR10,Dolby Vision,5.1 DTS-HD MA,7.0,终极天将,奇幻/冒险/喜剧,,0,
34996,The Addiction,1995,1,Native 4K,HDR10,Dolby Vision,5.1 DTS-HD MA,6.5,夜瘾,剧情/恐怖,,0,
2907,The Addams Family,1991,1,Native 4K,HDR10,Dolby Vision,5.1 DTS-HD MA,7.1,亚当斯一家,喜剧/奇幻,,0,
870028,The Accountant 2,2025,1,Native 4K,HDR10,Dolby Vision,"Dolby Atmos, True-HD 7.1",7.1,会计刺客2,悬疑/犯罪/惊悚,,0,
302946,The Accountant,2016,0,Upscaled 4K,HDR10,7.1 DTS HD-MA,,7.1,会计刺客,犯罪/惊悚/剧情,2025-03-23,0,
2756,The Abyss,1989,1,Native 4K,HDR10,Dolby Vision,"Dolby Atmos, True-HD 7.1",7.4,深渊,冒险/惊悚/科幻,,0,
38006,The Abominable Snowman,1957,1,Native 4K,HDR10,Dolby Vision,TBC,6.2,极地战将,冒险/恐怖,,0,
15515,The 7th Voyage of Sinbad,1958,1,Native 4K,HDR10,Dolby Vision,5.1 DTS-HD MA,6.9,辛巴达七航妖岛,动作/冒险/家庭/奇幻,,0,
299687,The 5th Wave,2016,0,Upscaled 4K,HDR10,"Dolby Atmos, True-HD 7.1",,5.9,第五波,科幻/冒险/动作,,0,
1146556,The 4:30 Movie,2024,0,Upscaled 4K,SDR,"Dolby Atmos, True-HD 7.1",,5.8,四点半的电影,喜剧/爱情,,0,
147,The 400 Blows,1959,1,Native 4K,HDR10,Dolby Vision,LPCM Mono,8.0,四百击,剧情,,0,
6957,The 40-Year-Old Virgin,2005,1,Native 4K,HDR10,Dolby Vision,"Dolby Atmos, True-HD 7.1",6.4,四十岁的老处男,喜剧/爱情,,0,
522016,The 355,2022,1,Native 4K,HDR10,"Dolby Atmos, True-HD 7.1",,6.0,特工355,动作/冒险/惊悚,,0,
63507,Terror-Creatures from the Grave,1965,1,Native 4K,HDR10,2.0 DTS-HD MA,,5.9,活人墓地,恐怖/悬疑,,0,
1034541,Terrifier 3,2024,1,Native 4K,SDR,5.1 DTS-HD MA,,6.8,断魂小丑3,恐怖,,0,
663712,Terrifier 2,2022,1,Native 4K,HDR10,5.1 DTS-HD MA,,6.7,断魂小丑2,恐怖,,0,
11050,Terms of Endearment,1983,1,Native 4K,HDR10,Dolby Vision,5.1 DTS-HD MA,7.1,母女情深,剧情/喜剧,,0,
534,Terminator Salvation,2009,0,Upscaled 4K,HDR10,5.1 DTS-HD MA,,6.1,终结者4：救世主,动作/科幻/惊悚,2026-09-11,0,
87101,Terminator Genisys,2015,0,Upscaled 4K,HDR10,Dolby Vision,"Dolby Atmos, True-HD 7.1",6.0,终结者：创世纪,科幻/动作/惊悚,2025-03-23,0,
290859,Terminator : Dark Fate,2019,0,Upscaled 4K,HDR10,Dolby Vision,"Dolby Atmos, True-HD 7.1",6.4,终结者6：黑暗命运,科幻/动作/冒险/惊悚,2025-03-23,0,
10396,Tequila Sunrise,1988,1,Native 4K,HDR10,Dolby Vision,TBC,6.1,破晓时刻,惊悚/犯罪/爱情,,0,
577922,Tenet,2020,1,Native 4K,HDR10,5.1 DTS-HD-MA,,7.2,信条,动作/惊悚/科幻,2025-03-23,0,
29702,Tenebrae,1982,1,Native 4K,HDR10,Dolby Vision,2.0 DTS-HD MA,6.8,黑暗,恐怖/悬疑/惊悚,,0,
13754,Tekkonkinkreet,2006,0,Both,SDR,Dolby TrueHD 5.1,,7.4,恶童,动画/动作/冒险,,0,
308531,Teenage Mutant Ninja Turtles: Out of the Shadows,2016,0,Upscaled 4K,HDR10,"Dolby Atmos, True-HD 7.1",,6.1,忍者神龟2：破影而出,动作/冒险/喜剧/家庭/科幻,,0,
614930,Teenage Mutant Ninja Turtles: Mutant Mayhem,2023,0,Upscaled 4K,HDR10,Dolby Vision,"Dolby Atmos, True-HD 7.1",7.2,忍者神龟：变种大乱斗,动画/喜剧/动作/科幻,,0,
1499,Teenage Mutant Ninja Turtles III,1993,1,Native 4K,HDR10,Dolby Vision,5.1 DTS-HD MA,5.5,忍者神龟3,动作/冒险/喜剧/家庭/奇幻/科幻,,0,
1497,Teenage Mutant Ninja Turtles II: The Secret of the Ooze,1991,1,Native 4K,HDR10,Dolby Vision,5.1 DTS-HD MA,6.2,忍者神龟2,科幻/冒险/动作/喜剧/家庭,,0,
98566,Teenage Mutant Ninja Turtles,2014,0,Upscaled 4K,HDR10,Dolby Vision,"Dolby Atmos, True-HD 7.1",5.9,忍者神龟：变种时代,科幻/动作/冒险/喜剧,,0,
1498,Teenage Mutant Ninja Turtles,1990,1,Native 4K,HDR10,Dolby Vision,"Dolby Atmos, True-HD 7.1",6.7,忍者神龟,科幻/动作/冒险/喜剧/家庭,,0,
72105,Ted,2012,0,Upscaled 4K,HDR10,Dolby Vision,5.1 DTS-HD MA,6.5,泰迪熊,喜剧/奇幻,,0,
3989,Team America: World Police,2004,1,Native 4K,HDR10,Dolby Vision,5.1 DTS-HD MA,6.7,美国战队：世界警察,N/A,,0,
9718,Talladega Nights: The Ballad of Ricky Bobby,2006,1,Native 4K,HDR10,Dolby Vision,"Dolby Atmos, True-HD 7.1",6.4,塔拉德加之夜,喜剧,,0,
180863,T2 Trainspotting,2017,0,Upscaled 4K,HDR10,"Dolby Atmos, True-HD 7.1",,6.9,猜火车2,剧情/喜剧/犯罪,2026-09-11,0,
37916,Swept Away,1974,1,Native 4K,HDR10,Dolby Vision,2.0 DTS-HD MA,7.4,踩过界,喜剧/剧情/爱情,,0,
13885,Sweeney Todd: The Demon Barber of Fleet Street,2007,1,Native 4K,HDR10,Dolby Vision,Dolby TrueHD 5.1,7.2,理发师陶德,剧情/恐怖,,0,
17918,Swamp Thing,1982,1,Native 4K,HDR10,Dolby Vision,2.0 DTS-HD MA,5.4,沼泽怪物,恐怖/科幻,,0,
916224,Suzume,2022,0,Upscaled 4K,HDR10,True-HD 5.1,,7.9,铃芽之旅,动画/剧情/冒险/奇幻,2025-03-23,0,
11906,Suspiria,1977,1,Native 4K,HDR10,"Dolby Atmos (English), DTS-HD MA 4.0, (English), DTS-HD MA 45.1 (Italian)",,7.5,阴风阵阵,恐怖,,0,
28070,Surf Nazis Must Die,1987,1,Native 4K,HDR10,2.0 DTS-HD MA,,3.9,冲浪纳粹必死,动作/喜剧/恐怖,,0,
1924,Superman: The Movie,1978,1,Native 4K,HDR10,Dolby Vision,"Dolby Atmos, True-HD 7.1",7.2,超人,科幻/动作/冒险,2026-09-12,0,
618355,Superman: Red Son,2020,0,Upscaled 4K,HDR10,5.1 DTS-HD-MA,,7.1,超人：红色之子,科幻/动画/动作,,0,
618354,Superman: Man of Tomorrow,2020,0,Upscaled 4K,HDR10,5.1 DTS-HD-MA,,7.1,超人：明日之子,动画/动作/科幻,,0,
13640,Superman: Doomsday,2007,0,Upscaled 4K,HDR10,5.1 DTS-HD-MA,,6.7,超人：毁灭日,动作/动画/科幻,,0,
11411,Superman IV: The Quest for Peace,1987,1,Native 4K,HDR10,"Dolby Atmos, True-HD 7.1",,4.6,超人4：和平任务,动作/冒险/科幻,2026-03-29,0,
9531,Superman III,1983,1,Native 4K,HDR10,"Dolby Atmos, True-HD 7.1",,5.5,超人3,喜剧/科幻/动作/冒险,2026-03-29,0,
1061474,Superman,2025,1,Native 4K,HDR10,Dolby Vision,"Dolby Atmos, True-HD 7.1",7.3,超人,科幻/冒险/动作,2026-09-11,0,
1081003,Supergirl,2026,1,Native 4K,HDR10,Dolby Vision,"Dolby Atmos, True-HD 7.1",6.7,超级少女,动作/冒险/科幻,,0,
37686,Super 8,2011,1,Native 4K,HDR10,Dolby Vision,Dolby True-HD 7.1,6.8,超级8,惊悚/科幻/悬疑,,0,
599,Sunset Boulevard,1950,1,Native 4K,HDR10,Dolby Vision,Dolby TrueHD 5.1,8.3,日落大道,剧情,,0,
363676,Sully,2016,1,Native 4K,HDR10,"Dolby Atmos, True-HD 7.1",,7.2,萨利机长,剧情/历史,,0,
487242,Suicide Squad: Hell to Pay,2018,0,Upscaled 4K,HDR10,5.1 DTS-HD MA,,7.1,自杀小队：严厉惩罚,科幻/动作/动画/奇幻/冒险,,0,
297761,Suicide Squad,2016,0,Upscaled 4K,HDR10,"Dolby Atmos, True-HD 7.1",,5.9,X特遣队,动作/冒险/奇幻,,0,
9091,Sudden Death,1995,1,Native 4K,HDR10,Dolby Vision,5.1 DTS-HD MA,6.0,突然死亡,动作/剧情/惊悚/犯罪,,0,
21515,Student Bodies,1981,1,Native 4K,HDR10,Dolby Vision,LPCM 2.0,5.2,学生闹翻天,喜剧/恐怖,,0,
513045,Stuber,2019,0,Upscaled 4K,HDR10+,"Dolby Atmos, True-HD 7.1",,6.6,优步危机,动作/喜剧,,0,
14746,Streets of Fire,1984,1,Native 4K,HDR10,Dolby Vision,"Dolby Atmos, True-HD 7.1",6.9,狠将奇兵,动作,,0,
12613,Street Fighter II: The Animated Movie,1994,1,Native 4K,HDR10,5.1 DTS-HD MA,Stranger Things: The Complete Series (2016-2025),7.1,街头霸王2,动画/动作,,0,
277216,Straight Outta Compton,2015,0,Upscaled 4K,HDR10,"DTS:X, DTS-HD MA 7.1",,7.8,冲出康普顿,剧情/音乐/历史,,0,
17467,Story of Ricky,1991,1,Native 4K,HDR10,Dolby Vision,TBC,6.9,力王,动作/科幻/恐怖,,0,
332210,Storks,2016,0,Upscaled 4K,HDR10,7.1 DTS-HD MA,,6.7,逗鸟外传：萌宝满天飞,冒险/动画/喜剧/家庭,,0,
21338,Stone Cold,1991,1,Native 4K,HDR10,Dolby Vision,5.1 DTS-HD MA,6.2,九反威龙,动作/犯罪/惊悚/剧情,,0,
255,Stolen Kisses,1968,1,Native 4K,HDR10,Dolby Vision,LPCM Mono,7.3,偷吻,喜剧/剧情/爱情,,0,
11601,Stir of Echoes,1999,1,Native 4K,HDR10,Dolby Vision,"Dolby Atmos, True-HD 7.1",6.7,灵异骇客,恐怖/悬疑/惊悚,,0,
12133,Step Brothers,2008,0,Upscaled 4K,HDR10,"Dolby Atmos, True-HD 7.1",,6.6,非亲兄弟,喜剧,,0,
563,Starship Troopers,1997,1,Native 4K,HDR10,"Dolby Atmos, True-HD 7.1",,7.1,星河战队,冒险/动作/惊悚/科幻,,0,
2270,Stardust,2007,1,Native 4K,HDR10,Dolby Vision,5.1 DTS-HD MA,7.3,星尘,冒险/奇幻/爱情/家庭,,0,
1228710,Star Wars: The Mandalorian and Grogu,2026,1,Native 4K,HDR10,Dolby Vision,"Dolby Atmos, True-HD 7.1",7.5,星球大战：曼达洛人与古古,动作/冒险/科幻,2026-08-27,0,
348350,Star Wars: Solo - A Star Wars Story,2018,1,Native 4K,HDR10,"Dolby Atmos, True-HD 7.1",,6.6,星球大战外传2：游侠索罗,科幻/冒险/动作,2025-03-23,0,
330459,Star Wars: Rogue One - A Star Wars Story,2016,1,Native 4K,HDR10,"Dolby Atmos, True-HD 7.1",,7.5,星球大战外传1：侠盗一号,动作/冒险/科幻,2025-03-23,0,
181808,Star Wars: Episode VIII – The Last Jedi,2017,1,Native 4K,HDR10,Dolby Vision,"Dolby Atmos, True-HD 7.1",6.7,星球大战8：最后的绝地武士,冒险/动作/科幻,2025-03-23,0,
140607,Star Wars: Episode VII - The Force Awakens,2015,1,Native 4K,HDR10,"Dolby Atmos, True-HD 7.1",,7.2,星球大战7：原力觉醒,冒险/动作/科幻,2025-03-23,0,
1892,Star Wars: Episode VI - Return of the Jedi,1983,1,Native 4K,HDR10,"Dolby Atmos, True-HD 7.1",,7.9,星球大战6：绝地归来,冒险/动作/科幻,2025-03-23,0,
1891,Star Wars: Episode V - The Empire Strikes Back,1980,1,Native 4K,HDR10,Dolby Vision,"Dolby Atmos, True-HD 7.1",8.4,星球大战5：帝国反击战,冒险/动作/科幻,2025-03-23,0,
181812,Star Wars: Episode IX - The Rise of Skywalker,2019,1,Native 4K,HDR10,"Dolby Atmos, True-HD 7.1",,6.2,星球大战9：天行者崛起,冒险/动作/科幻,2025-03-23,0,
11,Star Wars: Episode IV - A New Hope,1977,1,Native 4K,HDR10,"Dolby Atmos, True-HD 7.1",,8.2,星球大战4：新希望,冒险/动作/科幻,2025-03-23,0,
1895,Star Wars: Episode III - Revenge of the Sith,2005,0,Upscaled 4K,HDR10,"Dolby Atmos, True-HD 7.1",,7.5,星球大战3：西斯的复仇,冒险/动作/科幻,2025-03-23,0,
1894,Star Wars: Episode II - Attack of the Clones,2002,0,Upscaled 4K,HDR10,"Dolby Atmos, True-HD 7.1",,6.6,星球大战2：克隆人的进攻,冒险/动作/科幻,2025-03-23,0,
1893,Star Wars: Episode I - The Phantom Menace,1999,0,Upscaled 4K,HDR10,"Dolby Atmos, True-HD 7.1",,6.6,星球大战1：幽灵的威胁,冒险/动作/科幻,2025-03-23,0,
152,Star Trek: The Motion Picture,1979,1,Native 4K,HDR10,Dolby Vision,"Dolby Atmos, True-HD 7.1",6.5,星际旅行1：无限太空,科幻/冒险/悬疑,,0,
1114894,Star Trek: Section 31,2025,1,Native 4K,HDR10,Dolby Vision,"Dolby Atmos, True-HD 7.1",4.7,星际迷航：31区,科幻/冒险/动作,,0,
201,Star Trek: Nemesis,2002,1,Native 4K,HDR10,Dolby Vision,Dolby TrueHD 7.1,6.3,星际旅行10：复仇女神,科幻/动作/冒险/惊悚,,0,
193,Star Trek: Generations,1994,1,Native 4K,HDR10,Dolby Vision,Dolby True-HD 7.1,6.5,星际旅行7：斗转星移,科幻/动作/冒险/惊悚,,0,
199,Star Trek: First Contact,1996,1,Native 4K,HDR10,Dolby Vision,"Dolby Atmos, True-HD 7.1",7.3,星际旅行8：第一类接触,科幻/动作/冒险/惊悚,,0,
201,Star Trek X: Nemesis,2002,1,Native 4K,HDR10,Dolby Vision,Dolby TrueHD 7.1,6.3,星际旅行10：复仇女神,科幻/动作/冒险/惊悚,,0,
193,Star Trek VII: Generations,1994,1,Native 4K,HDR10,Dolby Vision,Dolby TrueHD 7.1,6.5,星际旅行7：斗转星移,科幻/动作/冒险/惊悚,,0,
174,Star Trek VI: The Undiscovered Country,1991,1,Native 4K,HDR10,Dolby Vision,Dolby TrueHD 7.1,7.0,星际旅行6：未来之城,科幻/动作/冒险/惊悚,,0,
172,Star Trek V: The Final Frontier,1989,1,Native 4K,HDR10,Dolby Vision,Dolby TrueHD 7.1,5.7,星际旅行5：终极先锋,科幻/动作/冒险/惊悚,,0,
200,Star Trek IX: Insurrection,1998,1,Native 4K,HDR10,Dolby Vision,Dolby TrueHD 7.1,6.5,星际旅行9：起义,科幻/动作/冒险/惊悚,,0,
168,Star Trek IV: The Voyage Home,1986,1,Native 4K,HDR10,Dolby Vision,Dolby TrueHD 7.1,7.2,星际旅行4：抢救未来,科幻/冒险,,0,
157,Star Trek III: The Search for Spock,1984,1,Native 4K,HDR10,Dolby Vision,Dolby TrueHD 7.1,6.6,星际旅行3：石破天惊,科幻/动作/冒险/惊悚,,0,
154,Star Trek II: The Wrath of Khan,1982,1,Native 4K,HDR10,Dolby Vision,Dolby TrueHD 7.1,7.5,星际旅行2：可汗怒吼,动作/冒险/科幻/惊悚,,0,
188927,Star Trek Beyond,2016,0,Upscaled 4K,HDR10,"Dolby Atmos, True-HD 7.1",,6.8,星际迷航3：超越星辰,动作/冒险/科幻,,0,
13475,Star Trek,2009,0,Upscaled 4K,HDR10,"Dolby Atmos, True-HD 7.1",,7.4,星际迷航,科幻/动作/冒险,,0,
235,Stand by Me,1986,1,Native 4K,HDR10,"Dolby Atmos, True-HD 7.1",,7.8,伴我同行,剧情/冒险,,0,
632,Stalag 17,1953,1,Native 4K,HDR10,Dolby Vision,2.0 DTS-HD MA,7.7,战地军魂,喜剧/剧情/战争,,0,
1230368,Springsteen: Deliver Me from Nowhere,2025,1,Native 4K,HDR10,Dolby Vision,"Dolby Atmos, True-HD 7.1",6.6,无处释放我,剧情/音乐,,0,
314365,Spotlight,2015,0,Upscaled 4K,HDR10,Dolby Vision,5.1 DTS-HD MA,7.8,聚焦,剧情/历史,,0,
381288,Split,2016,0,Upscaled 4K,HDR10,5.1 DTS-HD-MA,,7.3,分裂,恐怖/惊悚,,0,
602734,Spiral: From the Book of Saw,2021,1,Native 4K,HDR10,"Dolby Atmos, True-HD 7.1",,5.9,电锯惊魂9：漩涡,恐怖/悬疑,,0,
975225,Spinal Tap II: The End Continues,2025,1,Native 4K,HDR10,Dolby Vision,5.1 DTS-HD MA,6.1,摇滚万万岁2,喜剧/音乐,,0,
123620,Spike of Bensonhurst,1988,1,Native 4K,HDR10,2.0 DTS-HD MA,,5.4,黑手党的孩子,喜剧/剧情,,0,
431693,Spies in Disguise,2020,0,Upscaled 4K,HDR10,"Dolby Atmos, True-HD 7.1",,7.5,变身特工,动画/动作/冒险/喜剧/家庭,,0,
634649,Spider-Man: No Way Home,2021,0,Upscaled 4K,HDR10,Dolby Vision,"Dolby Atmos, True-HD 7.1",7.9,Spider-Man: No Way Home,动作/冒险/科幻,2025-03-23,0,
324857,Spider-Man: Into the Spider-Verse,2018,0,Upscaled 4K,HDR10,"Dolby Atmos, True-HD 7.1",,8.4,蜘蛛侠：平行宇宙,动画/动作/冒险/科幻,2025-03-23,0,
315635,Spider-Man: Homecoming,2017,0,Upscaled 4K,HDR10,Dolby Vision,"Dolby Atmos, True-HD 7.1",7.3,蜘蛛侠：英雄归来,动作/冒险/科幻,2025-03-23,0,
429617,Spider-Man: Far from Home,2019,0,Upscaled 4K,HDR & HDR10+,Dolby Vision,"Dolby Atmos, True-HD 7.1",7.4,蜘蛛侠：英雄远征,动作/冒险/科幻,2025-03-23,0,
969681,Spider-Man: Brand New Day,2026,0,Upscaled 4K,HDR10,Dolby Vision,"Dolby Atmos, True-HD 7.1",7.9,蜘蛛侠：崭新之日,科幻/动作/冒险,,0,
569094,Spider-Man: Across the Spider-Verse,2023,0,Upscaled 4K,HDR10,Dolby Vision,"Dolby Atmos, True-HD 7.1",8.3,蜘蛛侠：纵横宇宙,动画/动作/冒险/科幻,2026-09-12,0,
559,Spider-Man 3,2007,1,Native 4K,HDR10,"Dolby Atmos, True-HD 7.1",,6.5,蜘蛛侠3,动作/冒险/科幻,,0,
558,Spider-Man 2,2004,1,Native 4K,HDR10,"Dolby Atmos, True-HD 7.1",,7.3,蜘蛛侠2,动作/冒险/科幻,2025-03-23,0,
557,Spider-Man,2002,1,Native 4K,HDR10,"Dolby Atmos, True-HD 7.1",,7.4,蜘蛛侠,动作/科幻,,0,
1637,Speed,1994,1,Native 4K,HDR10,5.1 DTS-HD-MA,,7.2,生死时速,动作/惊悚,,0,
206647,Spectre,2015,1,Native 4K,HDR10,Dolby Vision,7.1 DTS-HD-MA,6.6,007：幽灵党,动作/冒险/惊悚,2025-03-23,0,
9348,Species,1995,1,Native 4K,HDR10,Dolby Vision,5.1 DTS-HD MA,6.0,异种,科幻/恐怖/动作,,0,
1114513,Speak No Evil,2024,1,Native 4K,HDR10,Dolby Vision,"Dolby Atmos, True-HD 7.1",7.1,非礼勿言,恐怖/惊悚,,0,
967,Spartacus,1960,1,Native 4K,HDR10,Dolby Vision,"DTS:X, DTS-HD MA 7.1",7.5,斯巴达克斯,历史/剧情/冒险,,0,
957,Spaceballs,1987,1,Native 4K,HDR10,5.1 DTS-HD-MA,,6.9,太空炮弹,喜剧/科幻,,0,
18221,Space Station,2002,1,Native 4K,HDR10,"DTS:X, DTS-HD MA 7.1",,6.5,国际空间站,纪录,,0,
379686,Space Jam: A New Legacy,2021,0,Upscaled 4K,HDR10,"Dolby Atmos, True-HD 7.1",,6.6,空中大灌篮：新传奇,家庭/喜剧/冒险/动画/科幻,,0,
2300,Space Jam,1996,1,Native 4K,HDR10,"Dolby Atmos, True-HD 7.1",,6.8,空中大灌篮,家庭/动画/科幻/奇幻/喜剧,,0,
81850,Space Adventure Cobra,1982,1,Native 4K,HDR10,Dolby Vision,5.1 DTS-HD-MA,6.7,哥普拉,动画/科幻/动作/冒险,,0,
12101,Soylent Green,1973,1,Native 4K,HDR10,Dolby Vision,LPCM Mono,6.9,绿色食品,科幻/犯罪/悬疑,,0,
9473,"South Park: Bigger, Longer & Uncut",1999,1,Native 4K,HDR10,Dolby Vision,Dolby TrueHD 5.1,7.3,南方公园：加长未删减剧场版,动画/喜剧,,0,
45612,Source Code,2011,0,Upscaled 4K,HDR10,Dolby Vision,"Dolby Atmos, True-HD 7.1",7.3,源代码,惊悚/科幻/悬疑,2025-03-23,0,
502033,Sound of Metal,2019,1,Native 4K,HDR10,5.1 DTS-HD MA,,7.7,金属之声,剧情/音乐,,0,
508442,Soul,2020,1,Native 4K,HDR10,"Dolby Atmos, True-HD 7.1",,8.1,心灵奇旅,动画/家庭/剧情/音乐/奇幻,2025-03-23,0,
38985,Sorcerer,1977,1,Native 4K,HDR10,Dolby Vision,5.1 DTS-HD MA,7.5,千惊万险,惊悚/冒险,,0,
939243,Sonic the Hedgehog 3,2024,1,Native 4K,HDR10,Dolby Vision,"Dolby Atmos, True-HD 7.1",7.6,刺猬索尼克3,动作/科幻/喜剧/家庭,,0,
675353,Sonic the Hedgehog 2,2022,0,Upscaled 4K,HDR10,Dolby Vision,"Dolby Atmos, True-HD 7.1",7.4,刺猬索尼克2,动作/冒险/家庭/喜剧,,0,
454626,Sonic the Hedgehog,2020,1,Native 4K,HDR10,Dolby Vision,"Dolby Atmos, True-HD 7.1",7.3,刺猬索尼克,动作/科幻/喜剧/家庭,,0,
330947,Song to Song,2017,1,Native 4K,SDR,"Dolby Atmos, True-HD 7.1",,5.5,歌声不绝,爱情/剧情,,0,
3077,Son of Frankenstein,1939,1,Native 4K,HDR10,Dolby Vision,2.0 DTS-HD MA,6.7,科学怪人之子,恐怖/科幻,,0,
16633,Somewhere in Time,1980,1,Native 4K,HDR10,Dolby Vision,2.0 DTS-HD MA,7.5,时光倒流七十年,剧情/奇幻/爱情,,0,
239,Some Like It Hot,1959,1,Native 4K,HDR10,Dolby Vision,DTS-HD MA 2.0 Mono,8.1,热情如火,喜剧/爱情/犯罪,,0,
302401,Snowden,2016,1,Native 4K,HDR10,Dolby Vision,5.1 DTS-HD MA,7.1,斯诺登,剧情/历史/犯罪/惊悚,,0,
408,Snow White and the Seven Dwarfs,1937,1,Native 4K,HDR10,5.1 DTS-HD MA,,7.1,白雪公主和七个小矮人,奇幻/动画/家庭,,0,
58595,Snow White And The Huntsman,2012,0,Upscaled 4K,HDR10,"DTS:X, DTS-HD MA 7.1",,6.0,白雪公主与猎人,冒险/奇幻/剧情,,0,
447273,Snow White,2025,1,Native 4K,HDR10,Dolby Vision,"Dolby Atmos, True-HD 7.1",4.3,白雪公主,家庭/奇幻,,0,
134411,Snitch,2013,0,Upscaled 4K,HDR10,"Dolby Atmos, True-HD 7.1",,6.1,告密者,动作/剧情/惊悚,2026-09-11,0,
107,Snatch,2000,1,Native 4K,HDR10,"Dolby Atmos, True-HD 7.1",,7.8,偷拐抢骗,犯罪/喜剧,,0,
326,Snakes on a Plane,2006,0,Upscaled 4K,HDR10,Dolby Vision,5.1 DTS-HD MA,5.5,航班蛇患,动作/冒险/犯罪/惊悚,,0,
568620,Snake Eyes: G.I. Joe Origins,2021,1,Native 4K,HDR10,Dolby Vision,"Dolby Atmos, True-HD 7.1",6.4,特种部队：蛇眼起源,动作/冒险,,0,
137116,Smurfs: The Lost Village,2017,0,Upscaled 4K,HDR10,"Dolby Atmos, True-HD 7.1",,6.4,蓝精灵：寻找神秘村,家庭/喜剧/冒险/动画,,0,
7516,Smokin' Aces,2006,0,Upscaled 4K,HDR10,"DTS:X, DTS-HD MA 7.1",,6.5,五路追杀令,动作/喜剧/犯罪/惊悚,,0,
11006,Smokey and the Bandit,1977,1,Native 4K,HDR10,"Dolby Atmos, True-HD 7.1",,7.0,横冲直撞斗飞车,动作/冒险/喜剧,,0,
1100782,Smile 2,2024,1,Native 4K,HDR10,Dolby Vision,"Dolby Atmos, True-HD 7.1",6.6,危笑2,恐怖/悬疑,,0,
882598,Smile,2022,1,Native 4K,HDR10,Dolby Vision,"Dolby Atmos, True-HD 7.1",6.7,危笑,恐怖/悬疑,,0,
819,Sleepers,1996,1,Native 4K,HDR10,Dolby Vision,5.1 DTS-HD MA,7.6,沉睡者,犯罪/剧情/惊悚,,0,
34312,Sleepaway Camp III: Teenage Wasteland,1989,1,Native 4K,HDR10,Dolby Vision,2.0 DTS-HD MA,5.4,血腥死亡营3：贫瘠荒地,喜剧/恐怖,,0,
34311,Sleepaway Camp II: Unhappy Campers,1988,1,Native 4K,HDR10,Dolby Vision,2.0 DTS-HD MA,5.8,血腥死亡营2：恐怖野营地,喜剧/恐怖,,0,
39973,Slave of the Cannibal God,1978,1,Native 4K,HDR10,2.0 DTS-HD MA,,5.2,食人神之山,冒险/恐怖,,0,
447200,Skyscraper,2018,0,Upscaled 4K,HDR10,Dolby Vision,"Dolby Atmos, True-HD 7.1",6.3,摩天营救,动作/惊悚/冒险,,0,
37724,Skyfall,2012,1,Native 4K,HDR10,Dolby Vision,5.1 DTS-HD-MA,7.3,007：大破天幕杀机,动作/冒险/惊悚,2025-03-23,0,
1223601,Sisu: Road to Revenge,2025,1,Native 4K,HDR10,Dolby Vision,"Dolby Atmos, True-HD 7.1",7.3,永生战士2,动作/战争/惊悚,,0,
840326,Sisu,2022,1,Native 4K,HDR10,Dolby Vision,5.1 DTS-HD MA,7.4,永生战士,动作/战争/惊悚,,0,
1233413,Sinners,2025,1,Native 4K,HDR10,Dolby Vision,"Dolby Atmos, True-HD 7.1",7.5,罪人,恐怖/动作/惊悚,2026-05-06,0,
872,Singin' in the Rain,1952,1,Native 4K,HDR10,5.1 DTS-HD-MA,,8.1,雨中曲,喜剧/爱情,2026-09-11,0,
369557,Sing Street,2016,0,Upscaled 4K,HDR10,Dolby Vision,"Dolby Atmos, True-HD 7.1",7.9,初恋这首情歌,爱情/剧情/音乐/喜剧,,0,
438695,Sing 2,2021,0,Upscaled 4K,HDR10,Dolby Vision,"Dolby Atmos, True-HD 7.1",7.8,欢乐好声音2,动画/喜剧/家庭/音乐,,0,
335797,Sing,2016,0,Upscaled 4K,HDR10,"Dolby Atmos, True-HD 7.1",,7.1,欢乐好声音,动画/喜剧/家庭/音乐,2025-03-23,0,
811,Silent Running,1972,1,Native 4K,HDR10,Dolby Vision,DTS-HD MA Mono,6.4,宇宙静悄悄,冒险/科幻/剧情,,0,
27414,"Silent Night, Deadly Night",1984,1,Native 4K,HDR10,Dolby Vision,DTS-HD MA Mono,5.9,平安夜，杀人夜,惊悚/恐怖,,0,
2675,Signs,2002,1,Native 4K,HDR10,5.1 DTS-HD MA,,6.7,天兆,惊悚/科幻/恐怖,,0,
400535,Sicario: Day of the Soldado,2018,0,Upscaled 4K,HDR10,"Dolby Atmos, True-HD 7.1",,6.9,边境杀手2：边境战士,动作/犯罪/惊悚,,0,
400535,Sicario 2: Soldado,2018,0,Upscaled 4K,HDR10,"Dolby Atmos, True-HD 7.1",,6.9,边境杀手2：边境战士,动作/犯罪/惊悚,,0,
273481,Sicario,2015,1,Native 4K,HDR10,"Dolby Atmos, True-HD 7.1",,7.4,边境杀手,动作/犯罪/惊悚,,0,
11324,Shutter Island,2010,0,Upscaled 4K,HDR10,Dolby Vision,5.1 DTS-HD-MA,8.2,禁闭岛,剧情/惊悚/悬疑,2026-09-11,0,
810,Shrek the Third,2007,0,Upscaled 4K,HDR10,"DTS: X, 7.1 DTS-HD MA",,6.3,怪物史瑞克3,奇幻/冒险/动画/喜剧/家庭,,0,
10192,Shrek Forever After,2010,0,Upscaled 4K,HDR10,"Dolby Atmos, True-HD 7.1",,6.4,怪物史瑞克4,喜剧/冒险/奇幻/动画/家庭,,0,
809,Shrek 2,2004,0,Upscaled 4K,HDR10,"DTS:X, 7.1 DTS-HD MA",,7.3,怪物史瑞克2,动画/喜剧/家庭/奇幻/爱情,,0,
808,Shrek,2001,0,Upscaled 4K,HDR10,"DTS: X, 7.1 DTS-HD MA",,7.8,怪物史瑞克,动画/喜剧/奇幻/冒险/家庭,,0,
10802,Showgirls,1995,1,Native 4K,HDR10,5.1 DTS-HD MA,,5.6,艳舞女郎,剧情,,0,
7485,Shooter,2007,0,Upscaled 4K,HDR10,Dolby Vision,5.1 DTS-HD-MA,7.1,生死狙击,剧情/动作/惊悚,2025-03-23,0,
315011,Shin Godzilla,2016,0,Upscaled 4K,HDR10,5.1 DTS-HD-MA,,7.2,新哥斯拉,动作/科幻/恐怖,,0,
58574,Sherlock Holmes: A Game of Shadows,2011,0,Upscaled 4K,HDR10,5.1 DTS-HD-MA,,7.1,大侦探福尔摩斯2：诡影游戏,动作/冒险/悬疑,2025-03-23,0,
10528,Sherlock Holmes,2009,0,Upscaled 4K,HDR10,5.1 DTS-HD-MA,,7.2,大侦探福尔摩斯,动作/冒险/悬疑,2025-03-23,0,
1290821,Shelter,2026,0,Upscaled 4K,HDR10,5.1 DTS-HD MA,,7.8,庇护之地,动作/犯罪/惊悚,,0,
1196573,She Rides Shotgun,2025,1,Native 4K,HDR10,5.1 DTS-HD MA,,7.1,亡命父女,动作/惊悚/犯罪,,0,
594767,Shazam! Fury of the Gods,2023,1,Native 4K,HDR10,Dolby Vision,"Dolby Atmos, True-HD 7.1",6.4,雷霆沙赞！众神之怒,喜剧/动作/奇幻,2025-03-23,0,
287947,Shazam,2019,0,Upscaled 4K,HDR10,Dolby Vision,"Dolby Atmos, True-HD 7.1",7.0,雷霆沙赞！,动作/喜剧/奇幻,2025-03-23,0,
747,Shaun Of The Dead,2004,0,Upscaled 4K,HDR10+,"DTS:X, DTS-HD MA 7.1",,7.5,僵尸肖恩,恐怖/喜剧,,0,
566525,Shang-Chi and the Legend of the Ten Rings,2021,0,Upscaled 4K,HDR10,"Dolby Atmos, True-HD 7.1",,7.5,尚气与十环传奇,动作/冒险/奇幻,2025-03-23,0,
486131,Shaft,2019,0,Upscaled 4K,HDR10,"Dolby Atmos, True-HD 7.1",,6.5,夏福特,动作/犯罪/喜剧/悬疑,,0,
482,Shaft,1971,1,Native 4K,HDR10,Dolby Vision,LPCM Mono,6.4,黑街神探,犯罪/惊悚/剧情/动作,,0,
21734,Shadow of a Doubt,1943,1,Native 4K,HDR10,DTS-HD Master Audio 2.0 Mono,,7.5,辣手摧花,惊悚/悬疑/犯罪,,0,
137094,Shadow,2018,1,Native 4K,HDR10,"Dolby Atmos, True-HD 7.1",,6.1,一触即发,动作/剧情/惊悚,2025-03-23,0,
420696,SexWorld,1978,1,Native 4K,HDR10,DTS-HD Master Audio 2.0 Mono,,4.0,El maravilloso mundo del sexo,喜剧,,0,
5072,Severance,2006,0,Upscaled 4K,HDR10,Dolby Vision,5.1 DTS-HD MA,6.3,断头气,恐怖/喜剧/惊悚,,0,
346,Seven Samurai,1954,1,Native 4K,HDR10,Dolby Vision,LPCM Mono,8.5,七武士,动作/剧情,,0,
9040,Serpico,1973,1,Native 4K,HDR10,Dolby Vision,5.1 DTS-HD MA,7.5,冲突,犯罪/剧情/历史,,0,
16320,Serenity,2005,0,Upscaled 4K,HDR10,"DTS:X, DTS-HD MA 7.1",,7.4,冲出宁静号,科幻/动作/冒险/惊悚,2026-09-11,0,
4584,Sense and Sensibility,1995,1,Native 4K,HDR10,Dolby Vision,"Dolby Atmos, True-HD 7.1",7.4,理智与情感,剧情/爱情,2026-08-06,0,
1198994,Send Help,2026,1,Native 4K,HDR10,Dolby Vision,"Dolby Atmos, True-HD 7.1",7.0,请求救援,恐怖/惊悚/喜剧,2026-04-13,0,
11249,Seed of Chucky,2004,1,Native 4K,HDR10,Dolby Vision,5.1 DTS-HD MA,5.5,鬼娃回魂5：鬼娃孽种,恐怖/喜剧,,0,
807,Se7en (Seven),1995,1,Native 4K,HDR10,5.1 DTS-HD MA,,8.4,七宗罪,犯罪/悬疑/惊悚,,0,
25476,Scum,1979,1,Native 4K,HDR10,Dolby Vision,5.1 DTS-HD MA,7.1,人渣,剧情/犯罪,,0,
9647,Scrooged,1988,1,Native 4K,HDR10,Dolby Vision,5.1 DTS-HD MA,6.8,孤寒财主,奇幻/喜剧/剧情,,0,
1225572,Screamboat,2025,1,Native 4K,HDR10,Dolby Digital 5.1,,5.0,泣船威利,恐怖/喜剧,,0,
934433,Scream VI,2023,1,Native 4K,HDR10,Dolby Vision,"Dolby Atmos, True-HD 7.1",6.9,惊声尖叫6,恐怖/惊悚/犯罪,,0,
1159559,Scream 7,2026,1,Native 4K,HDR10,Dolby Vision,"Dolby Atmos, True-HD 7.1",6.2,惊声尖叫7,恐怖/悬疑/犯罪,,0,
41446,Scream 4,2011,0,Upscaled 4K,HDR10,Dolby Vision,"Dolby Atmos, True-HD 7.1",6.5,惊声尖叫4,恐怖/悬疑,,0,
4234,Scream 3,2000,1,Native 4K,HDR10,Dolby Vision,5.1 DTS-HD MA,6.0,惊声尖叫3,恐怖/悬疑,,0,
4233,Scream 2,1997,1,Native 4K,HDR10,Dolby Vision,5.1 DTS-HD MA,6.5,惊声尖叫2,恐怖/悬疑,,0,
646385,Scream,2022,0,Upscaled 4K,HDR10,Dolby Vision,7.1 DTS-HD MA,6.7,惊声尖叫5,恐怖/悬疑,,0,
4232,Scream,1996,1,Native 4K,HDR10,5.1 DTS-HD-MA,,7.4,惊声尖叫,犯罪/恐怖/悬疑,,0,
22538,Scott Pilgrim vs. the World,2010,0,Upscaled 4K,HDR10,Dolby Vision,"Dolby Atmos, True-HD 7.1",7.5,歪小子斯科特对抗全世界,动作/喜剧/爱情,,0,
385103,Scoob!,2020,0,Upscaled 4K,HDR10+,5.1 DTS-HD-MA,,7.0,史酷比狗,动画/喜剧/家庭/悬疑,,0,
112929,School on Fire,1988,1,Native 4K,HDR10,Dolby Vision,2.0 DTS-HD-MA,7.3,学校风云,剧情/犯罪/惊悚,,0,
36739,School Daze,1988,1,Native 4K,HDR10,Dolby Vision,"Dolby Atmos, True-HD 7.1",5.7,黑色学府,喜剧/剧情/音乐,,0,
79823,Schizoid,1980,1,Native 4K,HDR10,DTS-HD MA 2.0 Mono,,5.2,精神病患者,恐怖/悬疑,,0,
424,Schindler's List,1993,1,Native 4K,HDR10,Dolby Vision,"Dolby Atmos, True-HD 7.1",8.6,辛德勒的名单,剧情/历史/战争,2026-09-11,0,
9475,Scent of a Woman,1992,1,Native 4K,HDR10,Dolby Vision,5.1 DTS-HD MA,7.8,闻香识女人,剧情,2026-08-29,0,
417384,Scary Stories to Tell in the Dark,2019,0,Upscaled 4K,HDR10,Dolby Vision,Dolby True-HD 5.1,6.5,在黑暗中讲述的恐怖故事,恐怖/悬疑,,0,
1273221,Scary Movie,2026,1,Native 4K,HDR10,Dolby Vision,"Dolby Atmos, True-HD 7.1",6.4,惊声尖笑6,喜剧,,0,
17058,Scarlet Street,1945,1,Native 4K,HDR10,Dolby Vision,2.0 DTS-HD MA,7.6,血红街道,剧情/犯罪,,0,
1406657,Scarlet,2025,0,Upscaled 4K,HDR10,"Dolby Atmos, True-HD 7.1",,7.0,复仇公主斯嘉丽,动画/动作/剧情/科幻,,0,
111,Scarface,1983,1,Native 4K,HDR10,DTS-HD-MA 7.1,,8.2,疤面煞星,动作/犯罪/剧情,,0,
877,Scarface,1932,1,Native 4K,SDR,LPCM Mono,,7.4,疤面人,犯罪/动作/剧情/惊悚,,0,
87700,Scanner Cop II,1995,1,Native 4K,HDR10,DTS-HD Master Audio 2.0,,5.2,超能特警2,科幻/恐怖/动作,,0,
30921,Scanner Cop,1994,1,Native 4K,HDR10,DTS-HD Master Audio 2.0,,5.7,超能特警,科幻/恐怖/动作,,0,
951491,Saw X,2023,1,Native 4K,HDR10,"Dolby Atmos, True-HD 7.1",,7.1,电锯惊魂10,恐怖/悬疑,,0,
214,Saw III,2006,0,Upscaled 4K,HDR10,Dolby Vision,"Dolby Atmos, True-HD 7.1",6.4,电锯惊魂3,恐怖/惊悚/犯罪,,0,
215,Saw II,2005,1,Native 4K,HDR10,Dolby Vision,Dolby Atmos,6.6,电锯惊魂2,恐怖,,0,
176,Saw,2004,1,Native 4K,HDR10,Dolby Vision,"Dolby Atmos, True-HD 7.1",7.4,电锯惊魂,恐怖/悬疑/犯罪,,0,
857,Saving Private Ryan,1998,1,Native 4K,HDR10,Dolby Vision,"Dolby Atmos, True-HD 7.1",8.2,拯救大兵瑞恩,战争/剧情/历史,2025-03-23,0,
110614,Savage Pampas,1966,1,Native 4K,HDR10,DTS-HD-MA 7.1,,5.3,荒蛮之地,冒险/剧情/西部,,0,
223702,Sausage Party,2016,0,Upscaled 4K,HDR10,"Dolby Atmos, True-HD 7.1",,5.8,香肠派对,冒险/动画/喜剧/奇幻,,0,
11009,Saturday Night Fever,1977,1,Native 4K,HDR10,Dolby Vision,5.1 DTS-HD MA,6.7,周末夜狂热,剧情,,0,
19236,Santa Sangre,1989,1,Native 4K,SDR,5.1 DTS-HD-MA,,7.2,圣血,恐怖/剧情/惊悚,,0,
13764,Santa Claus: The Movie,1985,1,Native 4K,HDR10,Dolby Vision,LPCM 2.0,6.3,圣诞总动员,家庭/奇幻/冒险,,0,
13400,Santa Claus Is Comin' to Town,1970,1,Native 4K,HDR10,5.1 DTS-HD-MA,,7.2,圣诞老人来啦,动画/家庭/奇幻/电视电影,,0,
254128,San Andreas,2015,0,Upscaled 4K,HDR10,"Dolby Atmos, True-HD 7.1",,6.2,末日崩塌,动作/剧情/惊悚,,0,
6106,Salvador,1986,1,Native 4K,HDR10,Dolby Vision,"Dolby Atmos, True-HD 7.1",7.0,萨尔瓦多,剧情/惊悚/战争,,0,
27576,Salt,2010,1,Native 4K,HDR10,"Dolby Atmos, True-HD 7.1",,6.4,特工绍特,动作/悬疑/惊悚,2025-03-23,0,
32646,Safe,1995,1,Native 4K,HDR10,Dolby Vision,LPCM Mono,7.0,安然无恙,剧情,,0,
31997,Saboteur,1942,1,Native 4K,HDR10,DTS-HD MA 2.0 Mono,,6.9,海角擒凶,惊悚/悬疑,,0,
1290792,One Spoon of Chocolate,2025,1,Native 4K,HDR10,Dolby Vision,5.1 DTS-HD MA,5.7,一勺巧克力,动作/剧情/惊悚,,0,
942624,Running the Bases,2022,1,Native 4K,SDR,5.1 DTS-HD MA,,7.7,跑垒,剧情,,0,
104,Run Lola Run,1998,1,Native 4K,HDR10,Dolby Vision,5.1 DTS-HD MA,7.3,罗拉快跑,动作/剧情/惊悚,,0,
33542,Rumble in the Bronx,1995,1,Native 4K,HDR10,Dolby Vision,LPCM 2.0,6.9,红番区,犯罪/动作/喜剧/惊悚,2026-07-19,0,
14534,Rudy,1993,1,Native 4K,HDR10,Dolby Vision,"Dolby Atmos, True-HD 7.1",7.3,追梦赤子心,剧情/历史,,0,
13382,Rudolph the Red-Nosed Reindeer,1964,1,Native 4K,HDR10,5.1 DTS-HD MA,,7.4,红鼻子驯鹿鲁道夫,动画/家庭/冒险/奇幻,,0,
397422,Rough Night,2017,0,Upscaled 4K,HDR10,"Dolby Atmos, True-HD 7.1",,5.7,仓皇一夜,剧情/喜剧,,0,
805,Rosemary's Baby,1968,1,Native 4K,HDR10,Dolby Vision,Dolby TrueHD 2.0 Mono,7.8,罗斯玛丽的婴儿,剧情/恐怖/惊悚,,0,
1580,Rope,1948,1,Native 4K,HDR10,2.0 DTS-HD MA,,7.9,夺魂索,惊悚/犯罪/剧情,,0,
1242419,Roofman,2025,1,Native 4K,HDR10,Dolby Vision,Dolby TrueHD 5.1,7.0,屋顶人,犯罪/喜剧/剧情,,0,
8195,Ronin,1998,1,Native 4K,HDR10,Dolby Vision,5.1 DTS-HD MA,7.0,浪人,动作/惊悚/犯罪,,0,
482321,Ron's Gone Wrong,2021,0,Upscaled 4K,HDR10,"Dolby Atmos, True-HD 7.1",,7.8,天赐灵机,动画/科幻/家庭/喜剧,,0,
804,Roman Holiday,1953,1,Native 4K,HDR10,Dolby Vision,Dolby TrueHD 2.0 Mono,7.9,罗马假日,爱情/喜剧/剧情,,0,
10670,Rollercoaster,1977,1,Native 4K,HDR10,Dolby Vision,5.1 DTS-HD MA,6.0,摩天轮大血案,动作/惊悚,,0,
1375,Rocky V,1990,1,Native 4K,HDR10,Dolby Vision,5.1 DTS-HD MA,5.8,洛奇5,剧情/动作,,0,
1374,Rocky IV,1985,1,Native 4K,HDR10,Dolby Vision,5.1 DTS-HD MA,7.1,洛奇4,剧情/动作,,0,
1371,Rocky III,1982,1,Native 4K,HDR10,Dolby Vision,5.1 DTS-HD MA,6.9,洛奇3,剧情/动作,,0,
1367,Rocky II,1979,1,Native 4K,HDR10,Dolby Vision,5.1 DTS-HD MA,7.3,洛奇2,剧情/动作,,0,
1246,Rocky Balboa,2006,0,Upscaled 4K,HDR10,Dolby Vision,5.1 DTS-HD MA,6.9,洛奇6：永远的拳王,剧情/动作,,0,
1366,Rocky,1976,1,Native 4K,HDR10,Dolby Vision,5.1 DTS-HD MA,7.8,洛奇,剧情,,0,
504608,Rocketman,2019,1,Native 4K,HDR & HDR10+,Dolby Vision,"Dolby Atmos, True-HD 7.1",7.3,火箭人,音乐/剧情,,0,
26326,Rock 'n' Roll High School,1979,1,Native 4K,HDR10,Dolby Vision,2.0 DTS-HD MA,6.3,摇滚学校,喜剧/音乐,,0,
5549,RoboCop 2,1990,1,Native 4K,HDR10,Dolby Vision,5.1 DTS-HD MA,6.0,机器战警2,动作/科幻/惊悚,,0,
5548,RoboCop,1987,1,Native 4K,HDR & HDR10+,Dolby Vision,"Dolby Atmos, True-HD 7.1",7.4,机器战警,动作/惊悚/科幻,,0,
20662,Robin Hood,2018,1,Native 4K,HDR & HDR10+,Dolby Vision,"Dolby Atmos, True-HD 7.1",6.4,罗宾汉,动作/冒险/历史/剧情,,0,
20662,Robin Hood,2010,1,Native 4K,HDR10,"DTS: X, 7.1 DTS-HD MA",,6.4,罗宾汉,动作/冒险/历史/剧情,,0,
548754,River Runs Red,2018,0,Upscaled 4K,HDR10,5.1 DTS-HD-MA,,5.5,河流如血,惊悚/犯罪,,0,
335778,Risen,2016,0,Upscaled 4K,HDR10,"Dolby Atmos, True-HD 7.1",,6.3,复活,动作/冒险/剧情/历史/悬疑,2026-09-11,0,
61791,Rise of the Planet of the Apes,2011,0,Upscaled 4K,HDR10,5.1 DTS-HD-MA,,7.4,猩球崛起,惊悚/动作/剧情/科幻,,0,
301,Rio Bravo,1959,1,Native 4K,HDR10,2.0 DTS-HD MA,,7.8,赤胆屠龙,西部/剧情,,0,
2671,Ringu,1998,1,Native 4K,HDR10,Dolby Vision,5.1 DTS-HD MA,7.1,午夜凶铃,恐怖/惊悚,,0,
21921,Richard Pryor: Here and Now,1983,1,Native 4K,HDR10,Dolby Vision,2.0 DTS-HD MA,6.7,Richard Pryor: Here and Now,喜剧/纪录/电视电影,,0,
6081,Revenge of the Pink Panther,1978,1,Native 4K,Dolby Vision,5.1 DTS-HD MA,,6.4,乌龙帮办逢凶化吉,喜剧/犯罪/悬疑,,0,
17386,Revenge of the Ninja,1983,1,Native 4K,HDR10,Dolby Vision,5.1 DTS-HD MA,6.3,复仇忍者,动作/犯罪/剧情/惊悚,,0,
460458,Resident Evil: Welcome to Raccoon City,2021,1,Native 4K,HDR10,Dolby Vision,"Dolby Atmos, True-HD 7.1",5.9,Resident Evil: Welcome to Raccoon City,动作/恐怖/科幻,,0,
400136,Resident Evil: Vendetta,2017,0,Upscaled 4K,HDR10,Dolby Vision,"Dolby Atmos, True-HD 7.1",6.9,生化危机：复仇,动作/动画/冒险/科幻/恐怖,,0,
173897,Resident Evil: The Final Chapter,2016,1,Native 4K,HDR10,"Dolby Atmos, True-HD 7.1",,6.1,生化危机6：终章,动作/恐怖/科幻,,0,
71679,Resident Evil: Retribution,2012,0,Upscaled 4K,HDR10,"Dolby Atmos, True-HD 7.1",,5.8,生化危机5：惩罚,动作/恐怖/科幻,,0,
7737,Resident Evil: Extinction,2007,0,Upscaled 4K,HDR10,"Dolby Atmos, True-HD 7.1",,6.3,生化危机3：灭绝,恐怖/动作/科幻,,0,
1577,Resident Evil: Apocalypse,2004,1,Native 4K,HDR10,"Dolby Atmos, True-HD 7.1",,6.4,生化危机2：启示录,恐怖/动作/科幻,,0,
35791,Resident Evil: Afterlife,2010,0,Upscaled 4K,HDR10,"Dolby Atmos, True-HD 7.1",,6.1,生化危机4：战神再生,动作/冒险/恐怖/科幻,,0,
1576,Resident Evil,2002,1,Native 4K,HDR10,"Dolby Atmos, True-HD 7.1",,6.7,生化危机,恐怖/动作/科幻,,0,
500,Reservoir Dogs,1992,1,Native 4K,HDR10,,,8.1,落水狗,犯罪/惊悚,2026-05-06,0,
641,Requiem for a Dream,2000,1,Native 4K,HDR10,Dolby Vision,"Dolby Atmos, True-HD 7.1",8.0,梦之安魂曲,犯罪/剧情,,0,
31867,Repo Men,2010,1,Native 4K,HDR10,Dolby Vision,TBC,6.3,重生男人,动作/科幻/惊悚/犯罪,2026-08-22,0,
649609,Renfield,2023,1,Native 4K,HDR10,Dolby Vision,"Dolby Atmos, True-HD 7.1",6.4,雷恩菲尔德,喜剧/奇幻/恐怖,,0,
579047,Reminiscence,2021,1,Native 4K,HDR10,Dolby Vision,"Dolby Atmos, True-HD 7.1",6.5,追忆迷局,悬疑/科幻/惊悚,,0,
487672,Reign of the Superman,2019,0,Upscaled 4K,HDR10,5.1 DTS-HD-MA,,7.0,超人王朝,科幻/动画/动作/奇幻/剧情/冒险,,0,
11842,Red Sun,1971,1,Native 4K,HDR10,Dolby Vision,LPCM Mono,6.8,龙虎群英,西部,,0,
401981,Red Sparrow,2018,1,Native 4K,HDR10,"Dolby Atmos, True-HD 7.1",,6.5,红雀,惊悚/悬疑,,0,
9626,Red Sonja,1985,1,Native 4K,HDR10,Dolby Vision,5.1 DTS-HD MA,5.4,女王神剑,冒险/奇幻/动作,,0,
845781,Red One,2024,1,Native 4K,HDR10,Dolby Vision,"Dolby Atmos, True-HD 7.1",7.0,红色一号：冬日行动,动作/冒险/喜剧/奇幻,,0,
9604,Red Heat,1988,1,Native 4K,HDR10,Dolby Vision,5.1 DTS-HD MA,6.2,红色警探,动作/犯罪,,0,
11460,Red Eye,2005,1,Native 4K,HDR10,Dolby Vision,5.1 DTS-HD MA,6.4,红眼航班,惊悚/悬疑,,0,
9533,Red Dragon,2002,1,Native 4K,HDR10,Dolby Vision,5.1 DTS-HD-MA,7.0,红龙,犯罪/惊悚/恐怖,,0,
1880,Red Dawn,1984,1,Native 4K,HDR10,Dolby Vision,5.1 DTS-HD-MA,6.3,天狐入侵,惊悚/战争/剧情,,0,
146216,Red 2,2013,0,Upscaled 4K,HDR10,Dolby Vision,"Dolby Atmos, True-HD 7.1",6.5,赤焰战场2,动作/冒险/喜剧/犯罪/惊悚,,0,
39514,Red,2010,0,Upscaled 4K,HDR10,Dolby Vision,"Dolby Atmos, True-HD 7.1",6.7,赤焰战场,动作/冒险/喜剧/犯罪/惊悚,,0,
221,Rebel Without a Cause,1955,1,Native 4K,HDR10,"Dolby Atmos, True-HD 7.1",,7.5,无因的反叛,剧情,,0,
567,Rear Window,1954,1,Native 4K,HDR10,DTS-HD MA 2.0,,8.3,后窗,惊悚/悬疑/剧情,,0,
14370,Real Genius,1985,1,Native 4K,HDR10,Dolby Vision,"Dolby Atmos, True-HD 7.1",6.7,天才反击,喜剧/爱情/科幻,,0,
333339,Ready Player One,2018,0,Upscaled 4K,HDR10,Dolby Vision,"Dolby Atmos, True-HD 7.1",7.6,头号玩家,冒险/动作/科幻,,0,
527774,Raya and the Last Dragon,2021,0,Upscaled 4K,HDR10,"Dolby Atmos, True-HD 7.1",,7.8,寻龙传说,动画/动作/冒险/奇幻/家庭,2025-03-23,0,
2099,Raw Deal,1986,1,Native 4K,HDR10,5.1 DTS-HD MA,,5.9,边缘战士,动作/犯罪/惊悚,,0,
83223,Rats: Night of Terror,1984,1,Native 4K,HDR10,Dolby Vision,2.0 DTS-HD MA,4.8,人肉鼠餐,恐怖/科幻,,0,
2062,Ratatouille,2007,0,Upscaled 4K,HDR10,"Dolby Atmos, True-HD 7.1",,7.8,美食总动员,动画/喜剧/家庭/奇幻,,0,
44896,Rango,2011,0,Upscaled 4K,HDR10,5.1 DTS-HD MA,,6.9,兰戈,动画/喜剧/家庭/西部/冒险,,0,
427641,Rampage,2018,0,Upscaled 4K,HDR10,Dolby Vision,"Dolby Atmos, True-HD 7.1",6.5,狂暴巨兽,动作/冒险/科幻,,0,
99749,Rampage,1987,1,Native 4K,HDR10,Dolby Vision,5.1 DTS-HD MA,6.0,愤怒,犯罪/剧情/惊悚/恐怖,,0,
522938,Rambo: Last Blood,2019,1,Native 4K,HDR10,Dolby Vision,"Dolby Atmos, True-HD 7.1",6.5,第一滴血5：最后的血,动作/惊悚/剧情,,0,
1369,Rambo: First Blood Part II,1985,1,Native 4K,HDR10,5.1 DTS-HD-MA,,6.7,第一滴血2,动作/冒险/惊悚/战争,,0,
1370,Rambo III,1988,1,Native 4K,HDR10,5.1 DTS-HD-MA,,6.2,第一滴血3,动作/冒险/惊悚/战争,,0,
7555,Rambo,2008,0,Upscaled 4K,HDR10,Dolby Vision,"Dolby Atmos, True-HD 7.1",6.7,第一滴血4,动作/惊悚/战争,2026-07-23,0,
404368,Ralph Breaks The Internet,2018,0,Upscaled 4K,HDR10,"Dolby Atmos, True-HD 7.1",,7.2,无敌破坏王2：大闹互联网,动作/冒险/动画/喜剧/家庭/科幻,2026-09-11,0,
380,Rain Man,1988,1,Native 4K,HDR10,Dolby Vision,5.1 DTS-HD MA,7.7,雨人,剧情,2026-09-11,0,
85,Raiders of the Lost Ark,1981,1,Native 4K,HDR10,Dolby Vision,"Dolby Atmos, True-HD 7.1",7.9,夺宝奇兵：法柜奇兵,冒险/动作,2025-03-23,0,
29437,Rabid,1977,1,Native 4K,Dolby Vision,2.0 DTS-HD MA,,6.3,狂犬病,恐怖/科幻,,0,
62759,Quiet Days in Clichy,1970,1,Native 4K,HDR10,Dolby Vision,DTS-HD MA Mono,4.5,在克里奇的平静日子,喜剧/剧情,,0,
142773,Queen: Budapest,1986,1,Native 4K,HDR10,Dolby Vision,Dolby Atmos,8.2,匈牙利狂想曲：皇后乐队在布达佩斯,音乐/纪录,,0,
536743,Queen & Slim,2019,0,Upscaled 4K,HDR10,"Dolby Atmos, True-HD 7.1",,7.1,皇后与瘦子,犯罪/剧情/爱情,,0,
10764,Quantum of Solace,2008,0,Upscaled 4K,HDR10,Dolby Vision,5.1 DTS-HD-MA,6.3,007：大破量子危机,冒险/动作/惊悚,2025-03-23,0,
11330,Pusher III,2005,1,Native 4K,SDR,"Dolby Atmos, True-HD 7.1",,7.2,末路狂奔3,动作/惊悚/犯罪,,0,
11328,Pusher II,2004,1,Native 4K,SDR,"Dolby Atmos, True-HD 7.1",,7.2,末路狂奔2,动作/犯罪/剧情,,0,
2061,Pusher,1996,1,Native 4K,SDR,"Dolby Atmos, True-HD 7.1",,7.0,末路狂奔,动作/犯罪/剧情,,0,
13455,Push,2009,0,Upscaled 4K,HDR10,Dolby Vision,"Dolby Atmos, True-HD 7.1",6.1,异能,科幻/动作/冒险/惊悚,,0,
13763,Purple Rain,1984,1,Native 4K,HDR10,5.1 DTS-HD MA,,6.7,紫雨,剧情/音乐/爱情,,0,
396321,Puppet Master: The Littlest Reich,2018,0,Upscaled 4K,SDR,5.1 DTS-HD MA,,5.6,魔偶奇谭：至小帝国,恐怖/喜剧,,0,
13056,Punisher: War Zone,2008,0,Upscaled 4K,HDR10,Dolby Vision,"Dolby Atmos, True-HD 7.1",5.9,惩罚者2：战争特区,动作/犯罪,,0,
26515,Pumpkinhead,1988,1,Native 4K,HDR10,Dolby Vision,5.1 DTS-HD MA,6.5,南瓜恶灵,奇幻/恐怖,,0,
680,Pulp Fiction,1994,1,Native 4K,HDR10,,,8.5,低俗小说,惊悚/犯罪/喜剧,2026-08-28,0,
596425,Puccini: Tosca,2001,0,Upscaled 4K,SDR,5.1 DTS-HD MA,,N/A,Tosca,音乐,,0,
582014,Promising Young Woman,2020,0,Upscaled 4K,HDR10,Dolby Atmos,,7.4,前程似锦的女孩,惊悚/犯罪/剧情,,0,
70981,Prometheus,2012,0,Upscaled 4K,HDR10,7.1 DTS HD-MA,,6.6,普罗米修斯,科幻/悬疑/恐怖,2025-03-23,0,
36599,Prom Night,1980,1,Native 4K,HDR10,Dolby Vision,"Dolby Atmos, True-HD 7.1",5.7,舞会惊魂,恐怖/悬疑,,0,
687163,Project Hail Mary,2026,1,Native 4K,HDR10,Dolby Vision,"Dolby Atmos, True-HD 7.1",8.6,挽救计划,科幻/冒险,,0,
21519,Project A,1983,1,Native 4K,HDR10,Dolby Vision,"Dolby Atmos, True-HD 7.1",7.3,A计划,动作/冒险/喜剧,,0,
1020006,Priscilla,2023,1,Native 4K,HDR10,Dolby Vision,"Dolby Atmos, True-HD 7.1",6.7,普瑞希拉,剧情/爱情,,0,
8852,Prince of Darkness,1987,1,Native 4K,HDR10,Dolby Vision,"Dolby Atmos, True-HD 7.1",6.8,天魔回魂,恐怖,,0,
27292,Prime Cut,1972,1,Native 4K,HDR10,Dolby Vision,5.1 DTS-HD MA,6.5,双龙大火拼,动作/犯罪/剧情,,0,
1592,Primal Fear,1996,1,Native 4K,HDR10,Dolby Vision,Dolby TrueHD 5.1,7.7,一级恐惧,犯罪/剧情/惊悚,,0,
4348,Pride & Prejudice,2005,0,Upscaled 4K,HDR10,Dolby Vision,"Dolby Atmos, True-HD 7.1",8.1,傲慢与偏见,剧情/爱情,,0,
676547,Prey for the Devil,2022,0,Upscaled 4K,HDR10,Dolby Vision,"Dolby Atmos, True-HD 7.1",6.8,恶魔的光火,恐怖/惊悚,,0,
766507,Prey,2022,1,Native 4K,HDR10,"Dolby Atmos, True-HD 7.1",,7.6,铁血战士：狩猎,惊悚/动作/科幻,,0,
11522,Pretty in Pink,1986,1,Native 4K,HDR10,Dolby Vision,5.1 DTS-HD MA,6.7,红粉佳人,爱情/剧情,,0,
1318413,Pressure,2026,1,Native 4K,HDR10,Dolby Vision,"Dolby Atmos, True-HD 7.1",7.7,诺曼底72小时,惊悚/历史/战争,2026-08-26,0,
34851,Predators,2010,0,Upscaled 4K,HDR,5.1 DTS-HD-MA,,6.3,新铁血战士,科幻/动作/惊悚,,0,
1242898,Predator: Badlands,2025,1,Native 4K,HDR10,Dolby Vision,"Dolby Atmos, True-HD 7.1",7.8,铁血战士：杀戮之地,动作/科幻/冒险,,0,
169,Predator 2,1990,1,Native 4K,HDR,5.1 DTS-HD-MA,,6.3,铁血战士2,科幻/动作/惊悚,,0,
106,Predator,1987,1,Native 4K,HDR,5.1 DTS-HD-MA,,7.6,铁血战士,科幻/动作/冒险/惊悚,,0,
6435,Practical Magic,1998,1,Native 4K,HDR10,Dolby Vision,"Dolby Atmos, True-HD 7.1",6.8,巫法闯情关,爱情/奇幻/喜剧,,0,
435615,Possessor,2020,1,Native 4K,HDR10,5.1 DTS-HD-MA,,6.4,占有者,恐怖/惊悚/科幻,,0,
503,Poseidon,2006,0,Upscaled 4K,HDR10,Dolby Vision,5.1 DTS-HD MA,5.9,海神号,冒险/动作/剧情/惊悚,2026-05-04,0,
11335,Popeye,1980,1,Native 4K,HDR10,Dolby Vision,TBC,5.6,大力水手,动作/冒险/喜剧/家庭,,0,
243688,Poltergeist,2015,0,Upscaled 4K,HDR,,,5.2,鬼驱人,恐怖,,0,
11134,Police Story III: Supercop,1992,1,Native 4K,HDR10,Dolby Vision,"Dolby Atmos, True-HD 7.1",6.9,警察故事3：超级警察,动作/犯罪/惊悚,,0,
9404,Police Story 4: First Strike,1996,1,Native 4K,HDR10,Dolby Vision,LPCM 2.0,6.5,警察故事4：简单任务,动作/冒险/喜剧/犯罪/剧情/惊悚,,0,
447404,Pokémon: Detective Pikachu,2019,0,Upscaled 4K,HDR10,"Dolby Atmos, True-HD 7.1",,6.9,大侦探皮卡丘,动作/冒险/奇幻,2025-03-23,0,
257088,Point Break,2015,0,Upscaled 4K,HDR,,,6.0,极盗者,动作/冒险/犯罪/惊悚,2026-09-11,0,
1089,Point Break,1991,1,Native 4K,HDR10,Dolby Vision,5.1 DTS-HD MA,7.2,惊爆点,动作/惊悚/犯罪,,0,
26039,Point Blank,1967,1,Native 4K,HDR10,Dolby Vision,LPCM Mono,7.1,步步惊魂,犯罪/惊悚/剧情,,0,
792,Platoon,1986,1,Native 4K,HDR10,Dolby Vision,5.1 DTS-HD MA,7.7,野战排,剧情/战争/动作,,0,
17921,Planet of the Vampires,1965,1,Native 4K,HDR10,Dolby Vision,LPCM Mono,6.4,恶魔星球,科幻/恐怖/冒险/动作,,0,
2609,"Planes, Trains & Automobiles",1987,1,Native 4K,HDR10,Dolby Vision,5.1 DTS-HD-MA,7.3,落难见真情,喜剧,,0,
646389,Plane,2023,1,Native 4K,HDR10,Dolby Vision,"Dolby Atmos, True-HD 7.1",6.9,飞机陷落,动作/冒险/惊悚,,0,
2787,Pitch Black,2000,1,Native 4K,HDR10,Dolby Vision,5.1 DTS-HD-MA,6.9,星际传奇,惊悚/科幻/动作,,0,
24831,Piranha,1978,1,Native 4K,HDR10,Dolby Vision,2.0 DTS-HD MA,6.0,食人鱼,恐怖/科幻/喜剧,,0,
4952,Pillow Talk,1959,1,Native 4K,HDR10,2.0 DTS-HD-MA,Philip K. Dick’s Electric Dreams,7.1,枕边细语,喜剧/爱情,,0,
9800,Philadelphia,1993,1,Native 4K,HDR10,"Dolby Atmos, True-HD 7.1",,7.7,费城故事,剧情,2026-09-11,0,
29161,Phenomena,1985,1,Native 4K,HDR,Dolby Vision,5.1 DTS-HD-MA,6.8,神话,恐怖/惊悚,,0,
9827,Phantoms,1998,1,Native 4K,HDR10,Dolby Vision,5.1 DTS-HD MA,5.6,幻觉,恐怖/科幻/惊悚,,0,
15855,Phantom of the Opera,1943,1,Native 4K,HDR10,2.0 DTS-HD MA,,6.2,歌剧魅影,恐怖/爱情,,0,
522478,Peter Rabbit 2,2021,0,Upscaled 4K,HDR10,"Dolby Atmos, True-HD 7.1",,7.0,比得兔2：逃跑计划,喜剧/家庭/冒险,2025-03-23,0,
381719,Peter Rabbit,2018,0,Upscaled 4K,HDR,"Dolby Atmos, True-HD 7.1",,6.7,比得兔,动画/冒险/家庭,2026-09-11,0,
157433,Pet Sematary,2019,0,Upscaled 4K,HDR & HDR10+,Dolby Vision,"Dolby Atmos, True-HD 7.1",5.7,宠物坟场,恐怖,2026-09-11,0,
8913,Pet Sematary,1989,1,Native 4K,HDR,Dolby Vision,5.1 DTS-HD-MA,6.7,宠物坟场,恐怖,,0,
976893,Perfect Days,2023,1,Native 4K,HDR10,5.1 DTS-HD MA,,7.8,完美的日子,剧情,,0,
10494,Perfect Blue,1997,1,Native 4K,TBC,5.1 DTS-HD MA,,8.3,未麻的部屋,动画/惊悚,,0,
9845,Perdita Durango (Dance with the Devil),1997,1,Native 4K,HDR10,5.1 DTS-HD-MA,,6.5,闪灵双煞,动作/惊悚,,0,
39776,Peking Opera Blues,1986,1,Native 4K,HDR10,Dolby Vision,2.0 DTS-HD MA,7.2,刀马旦,动作/喜剧/剧情,,0,
11167,Peeping Tom,1960,1,Native 4K,HDR10,LPCM Mono,,7.4,偷窥狂,恐怖/惊悚/犯罪,,0,
5683,Pee-wee's Big Adventure,1985,1,Native 4K,HDR10,Dolby Vision,5.1 DTS-HD MA,6.5,荒唐小混蛋奇遇记,喜剧/冒险/家庭,,0,
9869,Patriot Games,1992,1,Native 4K,HDR10,Dolby Vision,True-HD 5.1,6.7,爱国者游戏,剧情/动作/惊悚/犯罪,,0,
975,Paths of Glory,1957,1,Native 4K,HDR10,Dolby Vision,LPCM Mono,8.2,光荣之路,战争/剧情,,0,
5801,Pather Panchali,1955,1,Native 4K,SDR,LPCM Mono,,7.8,大地之歌,剧情/历史,,0,
11577,Pat Garrett and Billy the Kid,1973,1,Native 4K,HDR10,Dolby Vision,LPCM Mono,7.2,比利小子,西部/剧情/历史,,0,
274870,Passengers,2016,1,Native 4K,HDR10,"Dolby Atmos, True-HD 7.0",,7.0,太空旅客,剧情/爱情/科幻,2025-03-23,0,
496243,Parasite,2019,1,Native 4K,HDR10+,"Dolby Atmos, True-HD 7.1",,8.5,寄生虫,喜剧/惊悚/剧情,,0,
1552,Parenthood,1989,1,Native 4K,HDR10,Dolby Vision,"Dolby Atmos, True-HD 7.1",6.7,温馨家族,喜剧/剧情,,0,
496243,Parasite,2019,1,Native 4K,HDR10+,"Dolby Atmos, True-HD 7.1",,8.5,寄生虫,喜剧/惊悚/剧情,,0,
77174,ParaNorman,2012,0,Upscaled 4K,HDR10,Dolby Vision,"Dolby Atmos, True-HD 7.1",7.1,通灵男孩诺曼,家庭/动画/冒险/喜剧,,0,
4977,Paprika,2006,0,Upscaled 4K,HDR10,Dolby Vision,"Dolby Atmos, True-HD 7.1",7.8,红辣椒,动画/科幻/惊悚,,0,
1417,Pan's Labyrinth,2006,0,Upscaled 4K,HDR10,Spanish: DTS-HD MA 5.1,Pan,7.8,潘神的迷宫,奇幻/剧情/战争,,0,
8879,Pale Rider,1985,1,Native 4K,HDR10,Dolby Atmos,,7.2,苍白骑士,西部/剧情,,0,
20391,Paint Your Wagon,1969,1,Native 4K,HDR10,Dolby Vision,5.1 DTS-HD MA,6.3,漆好你的马车,喜剧/西部/音乐,,0,
516729,Paddington in Peru,2024,1,Native 4K,HDR10,"Dolby Atmos, True-HD 7.1",Paddington 2,6.8,帕丁顿熊3：秘鲁大冒险,冒险/喜剧/家庭,,0,
268896,Pacific Rim: Uprising,2018,0,Upscaled 4K,HDR,Dolby Vision,Dolby Atmos True-HD,6.1,环太平洋：雷霆再起,动作/奇幻/科幻/冒险,2025-03-23,0,
68726,Pacific Rim,2013,0,Upscaled 4K,HDR,Dolby Vision,Dolby Atmos True-HD,6.9,环太平洋,动作/科幻/冒险,2026-09-11,0,
55580,P.O. Box Tinto Brass,1995,1,Native 4K,HDR10,TBC,Ozark,6.0,激情信箱,喜剧,,0,
438799,Overlord,2018,0,Upscaled 4K,HDR10,Dolby Vision,Dolby Atmos True-HD,6.7,霸主,恐怖/战争/科幻,,0,
10540,Outland,1981,1,Native 4K,HDR10,Dolby Vision,LPCM 2.0,6.4,九霄云外,科幻/动作/惊悚/犯罪/西部,,0,
6950,Outbreak,1995,1,Native 4K,HDR10,Dolby Vision,5.1 DTS-HD MA,6.6,极度恐慌,动作/剧情/科幻/惊悚,,0,
678,Out of the Past,1947,1,Native 4K,HDR10,Dolby Vision,2.0 DTS-HD MA,7.7,漩涡之外,犯罪/惊悚,,0,
606,Out of Africa,1985,1,Native 4K,HDR10,Dolby Vision,"Dolby Atmos, True-HD 7.1",7.1,走出非洲,历史/爱情/剧情,,0,
760161,Orphan: First Kill,2022,0,Upscaled 4K,HDR10,Dolby Vision,5.1 DTS-HD MA,6.6,孤儿怨：首杀,恐怖/惊悚,,0,
12707,Orca: The Killer Whale,1977,1,Native 4K,HDR10,TBC,,6.2,杀人鲸,恐怖/惊悚,,0,
872585,Oppenheimer,2023,1,Native 4K,HDR10,5.1 DTS-HD MA,,8.0,奥本海默,剧情/历史,2025-03-23,0,
739405,Operation Fortune: Ruse de Guerre,2023,1,Native 4K,HDR10,Dolby Vision,"Dolby Atmos, True-HD 7.1",6.5,金爆行动,动作/喜剧/惊悚/冒险,2025-03-23,0,
508439,Onward,2020,1,Native 4K,HDR10,"Dolby Atmos, True-HD 7.1",Only The Brave,7.6,二分之一的魔法,冒险/动画/喜剧/家庭/奇幻,,0,
900667,One Piece Film: Red,2022,0,Upscaled 4K,HDR10,Dolby Vision,"Dolby Atmos, True-HD 7.1",7.2,海贼王：红发歌姬,动画/冒险/动作/奇幻/音乐,,0,
41291,One from the Heart: Reprise,1982,1,Native 4K,HDR10,Dolby Vision,5.1 DTS-HD MA,5.9,旧爱新欢,剧情/爱情,,0,
510,One Flew Over the Cuckoo's Nest,1975,1,Native 4K,HDR10,5.1 DTS-HD MA,,8.4,飞越疯人院,剧情,,0,
21128,One False Move,1992,1,Native 4K,HDR10,Dolby Vision,2.0 DTS-HD MA,6.7,错误行动,犯罪/剧情/惊悚,,0,
1054867,One Battle After Another,2025,1,Native 4K,HDR10,Dolby Vision,"Dolby Atmos, True-HD 7.1",7.3,一战再战,惊悚/犯罪/喜剧,2026-05-02,0,
335,Once Upon a Time in the West,1968,1,Native 4K,HDR10,Dolby Vision,5.1 DTS-HD MA,8.3,西部往事,剧情/西部,,0,
466272,Once Upon a Time In Hollywood,2019,1,Native 4K,HDR10,7.1 DTS HD-MA,,7.4,好莱坞往事,喜剧/剧情/惊悚,2025-03-23,0,
47423,Once a Thief,1991,1,Native 4K,HDR10,Dolby Vision,2.0 DTS-HD MA,6.9,纵横四海,动作/喜剧/惊悚/犯罪,2026-05-04,0,
654,On the Waterfront,1954,1,Native 4K,HDR10,Dolby Vision,"Dolby Atmos, True-HD 7.1",7.8,码头风云,犯罪/剧情/爱情,,0,
670,Oldboy,2003,1,Native 4K,HDR10,Dolby Vision,5.1 DTS-HD MA,8.2,老男孩,惊悚/悬疑,,0,
785663,Old Henry,2021,0,Upscaled 4K,HDR10,5.1 DTS-HD MA,,7.3,老亨利,西部/动作/剧情,,0,
631843,Old,2021,1,Native 4K,HDR10,Dolby Vision,"Dolby Atmos, True-HD 7.1",6.3,老去,惊悚/悬疑/恐怖,,0,
37227,Of Unknown Origin,1983,1,Native 4K,HDR10,Dolby Vision,Lossless Mono,5.8,人鼠之战,恐怖,,0,
533962,Oceans: Our Blue Planet,2018,1,Native 4K,HDR10,5.1 DTS-HD MA,,7.7,海洋：我们的蓝色星球,纪录,,0,
163,Ocean's Twelve,2004,1,Native 4K,HDR10,5.1 DTS-HD MA,,6.6,十二罗汉,惊悚/犯罪,,0,
298,Ocean's Thirteen,2007,1,Native 4K,HDR10,5.1 DTS-HD MA,,6.7,十三罗汉,犯罪/惊悚,,0,
161,Ocean's Eleven,2001,1,Native 4K,HDR10,5.1 DTS-HD MA,Ocean's 8,7.5,十一罗汉,惊悚/犯罪,,0,
1339713,Obsession,2025,1,Native 4K,HDR10,Dolby Vision,"Dolby Atmos, True-HD 7.1",8.2,痴迷,恐怖/惊悚,2026-07-11,0,
425274,"Now You See Me, Now You Don't",2025,1,Native 4K,HDR10,Dolby Vision,"Dolby Atmos, True-HD 7.1",6.5,惊天魔盗团3,犯罪/惊悚,2026-05-03,0,
291805,Now You See Me 2,2016,0,Upscaled 4K,HDR,"Dolby Atmos, True-HD 7.1",,6.8,惊天魔盗团2,犯罪/惊悚,2026-03-27,0,
75656,Now You See Me,2013,0,Upscaled 4K,HDR,"Dolby Atmos, True-HD 7.1",,7.3,惊天魔盗团,惊悚/犯罪,,0,
1195506,Novocaine,2025,1,Native 4K,HDR10,Dolby Vision,Dolby Atmos,6.8,无痛凯恩,动作/喜剧/惊悚,,0,
1254808,Nouvelle Vague,2025,1,Native 4K,SDR,5.1 DTS-HD MA,,7.2,新浪潮,喜剧/剧情/历史,,0,
509,Notting Hill,1999,1,Native 4K,HDR10,Dolby Vision,"Dolby Atmos, True-HD 7.1",7.3,诺丁山,爱情/喜剧,2026-07-01,0,
426063,Nosferatu,2024,1,Native 4K,HDR10,Dolby Vision,"Dolby Atmos, True-HD 7.1",6.7,诺斯费拉图,恐怖/奇幻,,0,
213,North by Northwest,1959,1,Native 4K,HDR10,"Dolby Atmos, True-HD 7.1",,8.0,西北偏北,惊悚/冒险,,0,
1242332,Normal,2026,1,Native 4K,HDR10,"Dolby Atmos, True-HD 7.1",,7.3,替补悍警,动作/犯罪/惊悚,,0,
762504,Nope,2022,1,Native 4K,HDR10,"Dolby Atmos, True-HD 7.1",,6.8,不,恐怖/科幻/惊悚,,0,
1007734,Nobody 2,2025,1,Native 4K,HDR10,Dolby Vision,"Dolby Atmos, True-HD 7.1",6.9,小人物2,动作/惊悚/犯罪,2026-09-03,0,
615457,Nobody,2021,0,Upscaled 4K,HDR10,Dolby Vision,"Dolby Atmos, True-HD 7.1",7.9,小人物,动作/惊悚,2025-03-23,0,
10083,No Way Out,1987,1,Native 4K,HDR10,Dolby Vision,5.1 DTS-HD MA,6.9,谍海军魂,惊悚/剧情,,0,
370172,No Time to Die,2021,1,Native 4K,HDR10+,Dolby Vision,"Dolby Atmos, True-HD 7.1",7.3,007：无暇赴死,动作/惊悚/冒险,2025-03-23,0,
3209,No Telling,1991,1,Native 4K,HDR10,Dolby Vision,5.1 DTS-HD MA,6.2,弗兰肯斯坦情结,恐怖,,0,
639988,No Other Choice,2025,1,Native 4K,HDR10,Dolby Vision,"Dolby Atmos, True-HD 7.1",7.5,无可奈何,喜剧/犯罪/惊悚,2026-05-28,0,
2017,No Good Deed,2002,0,Upscaled 4K,,,,5.4,追风战警,动作/犯罪/剧情/悬疑/惊悚,,0,
28148,Ninja III: The Domination,1984,1,Native 4K,HDR10,Dolby Vision,5.1 DTS-HD MA,6.2,红颜煞,动作/奇幻/恐怖/惊悚,,0,
2212,Nightwatch,1997,1,Native 4K,HDR10,Dolby Vision,5.1 DTS-HD MA,6.1,看谁在尖叫,剧情/恐怖/惊悚,,0,
40368,Nightmares in a Damaged Brain,1981,1,Native 4K,HDR10,5.1 DTS-HD MA,,5.6,噩梦,恐怖,,0,
597208,Nightmare Alley,2021,1,Native 4K,HDR10,"Dolby Atmos, True-HD 7.1",,6.9,玉面情魔,犯罪/剧情/惊悚,,0,
242582,Nightcrawler,2014,1,Native 4K,HDR10,Dolby Vision,"Dolby Atmos, True-HD 7.1",7.7,夜行者,犯罪/剧情/惊悚,,0,
54118,Night School,1981,1,Native 4K,HDR10,Dolby Vision,2.0 DTS-HD MA,5.7,夜校惊魂,恐怖/悬疑/惊悚,,0,
10331,Night of the Living Dead,1968,1,Native 4K,SDR,Lossless Mono,,7.6,活死人之夜,恐怖/惊悚/科幻,,0,
1160003,Night of the Hunted,2023,1,Native 4K,HDR10,5.1 DTS-HD MA,,6.1,狩猎之夜,恐怖/悬疑/惊悚,,0,
18462,Night of the Comet,1984,1,Native 4K,HDR10,Dolby Vision,5.1 DTS-HD MA,6.2,彗星之夜,喜剧/恐怖/科幻,,0,
18462,Night of the Come,1984,1,Native 4K,HDR10,Dolby Vision,5.1 DTS-HD MA,6.2,彗星之夜,喜剧/恐怖/科幻,,0,
581032,News of the World,2020,1,Native 4K,HDR10,"Dolby Atmos, True-HD 7.1",,6.9,世界新闻,剧情/西部/冒险,,0,
12637,"New York, New York",1977,1,Native 4K,HDR10,5.1 DTS-HD MA,,6.5,纽约，纽约,爱情/剧情/音乐,,0,
10774,Network,1976,1,Native 4K,HDR10,Dolby Vision,LPCM Mono,7.8,电视台风云,剧情,,0,
10657,Needful Things,1993,1,Native 4K,HDR10,Dolby Vision,5.1 DTS-HD MA,6.3,必需品,剧情/恐怖,,0,
615453,Ne Zha,2019,0,Upscaled 4K,HDR10,Dolby Vision,"Dolby Atmos, True-HD 7.1",7.9,哪吒之魔童降世,动画/奇幻/冒险,2026-07-23,0,
241,Natural Born Killers,1994,1,Native 4K,HDR10,Dolby Vision,5.1 DTS-HD MA,7.0,天生杀人狂,犯罪/惊悚/剧情,,0,
11452,National Lampoon's Van Wilder,2002,0,Upscaled 4K,HDR10,Dolby Vision,"Dolby Atmos, True-HD 7.1",6.0,留级之王,喜剧/爱情,,0,
11153,National Lampoon's Vacation,1983,1,Native 4K,HDR10,2.0 DTS-HD MA,,7.1,假期历险记,喜剧/冒险,,0,
5825,National Lampoon's Christmas Vacation,1989,1,Native 4K,HDR10,5.1 DTS-HD MA,,7.2,疯狂圣诞假期,喜剧,,0,
8469,National Lampoon's Animal House,1978,1,Native 4K,HDR10,"DTS: X, 7.1 DTS-HD MA",Narcos,7.0,动物屋,喜剧,,0,
9824,Mystery Men,1999,1,Native 4K,HDR10,Dolby Vision,5.1 DTS-HD MA,5.9,神秘兵团,冒险/奇幻/动作/喜剧/科幻,,0,
4032,My Girl,1991,1,Native 4K,HDR10,Dolby Vision,5.1 DTS-HD MA,7.4,宝贝小情人,喜剧/剧情,,0,
11113,My Fair Lady,1964,1,Native 4K,HDR10,Dolby Vision,"Dolby Atmos, True-HD 7.1",7.5,窈窕淑女,喜剧/爱情/音乐,,0,
39874,My Bloody Valentine,1981,1,Native 4K,HDR10,Dolby Vision,5.1 DTS-HD MA,6.4,恐怖情人节,恐怖/惊悚,,0,
8874,My Best Friend's Wedding,1997,1,Native 4K,HDR10,Dolby Vision,"Dolby Atmos, True-HD 7.1",6.6,我最好朋友的婚礼,喜剧/爱情,,0,
48787,Mute Witness,1995,1,Native 4K,HDR10,LPCM 2.0,Mute,6.4,无声言证,惊悚/恐怖/犯罪,,0,
116680,Mutant,1984,1,Native 4K,HDR10,Dolby Vision,2.0 DTS-HD MA,8.0,Mutants in Paradise,喜剧/科幻,,0,
29559,Murder-Set-Pieces,2004,1,Native 4K,HDR10,TBC,Murder on the Orient Express,3.9,谋杀片断,恐怖/惊悚/犯罪,,0,
8438,Murder in the First,1995,1,Native 4K,HDR10,Dolby Vision,5.1 DTS-HD MA,7.1,一级谋杀,犯罪/剧情,,0,
1018,Mulholland Drive,2001,1,Native 4K,HDR10,Dolby Vision,5.1 DTS-HD MA,7.8,穆赫兰道,惊悚/剧情/悬疑,,0,
10674,Mulan,2020,0,Upscaled 4K,HDR,"Dolby Atmos, True-HD 7.1",,7.9,花木兰,动画/家庭/冒险,,0,
10674,Mulan,1998,0,Upscaled 4K,HDR,"Dolby Atmos, True-HD 7.1",,7.9,花木兰,动画/家庭/冒险,,0,
762509,Mufasa: The Lion King,2024,1,Native 4K,HDR10,Dolby Vision,"Dolby Atmos, True-HD 7.1",7.3,狮子王：木法沙传奇,冒险/家庭/动画,2026-09-11,0,
22171,Ms .45,1981,1,Native 4K,HDR10,Dolby Vision,LPCM Mono,6.7,四五口径女郎,犯罪/惊悚/动作,,0,
3083,Mr. Smith Goes to Washington,1939,1,Native 4K,HDR10,Dolby Vision,DTS-HD Master Audio 2.0 Mono,7.8,史密斯先生到华盛顿,喜剧/剧情,,0,
10622,Mr. Nice Guy,1997,1,Native 4K,HDR10,Dolby Vision,5.1 DTS-HD MA,6.6,一个好人,犯罪/动作/喜剧,,0,
24807,Mr. Deeds Goes to Town,1936,1,Native 4K,HDR10,Dolby Vision,2.0 DTS-HD MA,7.5,迪兹先生进城,喜剧/剧情/爱情,,0,
115784,Moving,1993,1,Native 4K,HDR10,Dolby Vision,Lossless Mono,7.6,搬家,剧情,,0,
6283,MouseHunt,1997,1,Native 4K,HDR10,Dolby Vision,5.1 DTS-HD MA,6.6,捕鼠记,喜剧/家庭,,0,
27265,Mother,1996,1,Native 4K,HDR10,2.0 DTS-HD MA,,6.8,天才老妈,喜剧/剧情,,0,
30924,Motel Hell,1980,1,Native 4K,HDR10,Dolby Vision,2.0 DTS-HD MA,5.8,地狱旅馆,喜剧/恐怖,,0,
9823,Mortal Kombat: Annihilation,1997,1,Native 4K,HDR10,Dolby Vision,5.1 DTS-HD MA,4.6,真人快打：歼灭,动作/奇幻/科幻,,0,
1007401,Mortal Kombat Legends: Snow Blind,2022,0,Upscaled 4K,HDR10,5.1 DTS-HD MA,,7.7,真人快打传奇：雪盲,动画/动作/奇幻,,0,
664767,Mortal Kombat Legends: Scorpion's Revenge,2020,0,Upscaled 4K,HDR10,5.1 DTS-HD MA,,8.1,真人快打传奇：蝎子的复仇,动画/动作/奇幻,,0,
1034062,Mortal Kombat Legends: Cage Match,2023,1,Native 4K,HDR10,5.1 DTS-HD MA,,6.8,真人快打传奇：牢笼对决,动画/动作/奇幻,,0,
841755,Mortal Kombat Legends: Battle of the Realms,2021,0,Upscaled 4K,HDR10,5.1 DTS-HD MA,,7.6,真人快打传奇：天下之战,动画/动作/奇幻,,0,
931285,Mortal Kombat II,2026,1,Native 4K,HDR10,Dolby Vision,"Dolby Atmos, True-HD 7.1",7.8,真人快打2,动作/奇幻/冒险,2026-07-19,0,
460465,Mortal Kombat,2021,1,Native 4K,HDR10,"Dolby Atmos, True-HD 7.1",,7.0,真人快打,动作/奇幻/冒险,2026-08-28,0,
9312,Mortal Kombat,1995,1,Native 4K,HDR10,Dolby Vision,5.1 DTS-HD MA,5.9,真人快打,动作/奇幻,,0,
526896,Morbius,2022,0,Upscaled 4K,HDR10,Dolby Vision,"Dolby Atmos, True-HD 7.1",5.9,Morbius,动作/科幻/奇幻,,0,
406759,Moonfall,2022,1,Native 4K,HDR10,Dolby Vision,"Dolby Atmos, True-HD 7.1",6.3,月球陨落,科幻/冒险/动作,2025-03-23,0,
957457,Moonage Daydream,2022,1,Native 4K,TBC,"Dolby Atmos, True-HD 7.1",,7.4,月球时代白日梦,纪录/音乐,,0,
17431,Moon,2009,0,Upscaled 4K,HDR10,"Dolby Atmos, True-HD 7.1",,7.6,月球,科幻/剧情,,0,
4543,Monty Python's The Meaning of Life,1983,1,Native 4K,HDR10,"DTS:X, 7.1 DTS-HD MA",,7.3,人生七部曲,喜剧,,0,
583,Monty Python's Life of Brian,1979,1,Native 4K,HDR10,Dolby Vision,5.1 DTS-HD MA,7.8,万世魔星,喜剧,,0,
458576,Monster Hunter,2020,1,Native 4K,HDR10,"Dolby Atmos, True-HD 7.1",,6.5,怪物猎人,动作/奇幻/冒险,,0,
29787,Monkey Shines,1988,1,Native 4K,HDR10,Dolby Vision,5.1 DTS-HD MA,6.3,异魔,恐怖/科幻/剧情/惊悚,,0,
560016,Monkey Man,2024,1,Native 4K,HDR10,"Dolby Atmos, True-HD 7.1",,6.9,怒火战猴,惊悚/犯罪/动作,2026-09-11,0,
60308,Moneyball,2011,1,Native 4K,TBC,5.1 DTS-HD MA,Moneyball,7.3,点球成金,剧情,2026-04-18,0,
1146972,Mobile Suit Gundam SEED FREEDOM,2024,0,TBC,HDR10,Dolby Vision,Dolby TrueHD 5.1,7.1,机动战士高达SEED FREEDOM,动画/科幻/动作/剧情,,0,
39230,Mobile Suit Gundam Movie III: Encounters in Space,1982,1,Native 4K,HDR10,"Dolby Atmos, True-HD 7.1",,7.5,机动战士高达 剧场版Ⅲ 相逢在宇宙,动画/科幻/动作,,0,
39229,Mobile Suit Gundam Movie II: Soldiers of Sorrow,1981,1,Native 4K,HDR10,"Dolby Atmos, True-HD 7.1",,7.2,机动战士高达 剧场版Ⅱ 哀·战士,动画/科幻/动作,,0,
39228,Mobile Suit Gundam Movie I,1981,1,Native 4K,HDR10,"Dolby Atmos, True-HD 7.1",,6.7,机动战士高达 剧场版Ⅰ,动画/科幻/动作,,0,
1241982,Moana 2,2024,0,Upscaled 4K,HDR10,Dolby Vision,"Dolby Atmos, True-HD 7.1",7.0,海洋奇缘2,冒险/动画/喜剧/家庭/奇幻,2026-09-11,0,
575265,Mission: Impossible - The Final Reckoning,2025,1,Native 4K,HDR10,Dolby Vision,"Dolby Atmos, True-HD 7.1",7.2,碟中谍8：最终清算,动作/惊悚/冒险,2026-09-11,0,
575264,Mission: Impossible - Dead Reckoning Part One,2023,1,Native 4K,HDR10,Dolby Vision,"Dolby Atmos, True-HD 7.1",7.5,碟中谍7：致命清算（上）,动作/冒险/惊悚,2026-09-12,0,
15379,Missing in Action,1984,1,Native 4K,HDR10,Dolby Vision,2.0 DTS-HD MA,5.9,越战先锋,动作/冒险/惊悚/战争,,0,
27064,Mishima: A Life in Four Chapters,1985,1,Native 4K,TBC,2.0 DTS-HD MA,,7.8,三岛由纪夫传,剧情,,0,
1700,Misery,1990,1,Native 4K,HDR10,Dolby Vision,DTS-HD MA 5.1,7.8,危情十日,剧情/惊悚,,0,
25074,Miracles: The Canton Godfather,1989,1,Native 4K,HDR10,Dolby Vision,5.1 DTS-HD MA,7.1,奇迹,犯罪/动作/喜剧/剧情,,0,
180,Minority Report,2002,1,Native 4K,HDR10,5.1 DTS-HD MA,,7.4,少数派报告,科幻/动作/惊悚,,0,
438148,Minions: The Rise of Gru,2022,0,Upscaled 4K,HDR10,Dolby Vision,"Dolby Atmos, True-HD 7.1",7.3,小黄人大眼萌：神偷奶爸前传,动画/喜剧/犯罪/科幻/家庭,2026-09-12,0,
211672,Minions,2015,0,Upscaled 4K,HDR,"Dolby Atmos, True-HD 7.1",,6.4,小黄人大眼萌,家庭/动画/冒险/喜剧,2026-09-11,0,
1315772,Minions & Monsters,2026,0,Upscaled 4K,HDR10,Dolby Vision,"Dolby Atmos, True-HD 7.1",7.6,小黄人与大怪兽,冒险/动画/喜剧/家庭/奇幻,,0,
4961,Mimic,1997,1,Native 4K,HDR10,Dolby Vision,5.1 DTS-HD MA,6.1,变种DNA,恐怖/科幻,,0,
3309,Mildred Pierce,1945,1,Native 4K,HDR10,LPCM Mono,Mike and Dave Need Wedding Dates,7.6,欲海情魔,犯罪/剧情,,0,
522162,Midway,2019,1,Native 4K,HDR10,Dolby Vision,"Dolby Atmos, True-HD 7.1",7.1,决战中途岛,战争/历史/剧情/动作,,0,
530385,Midsommar,2019,1,Native 4K,HDR10,Dolby Vision,DTS-HD MA 5.1,7.1,仲夏夜惊魂,恐怖/剧情/悬疑,,0,
936075,Michael,2026,1,Native 4K,HDR10,Dolby Vision,"Dolby Atmos, True-HD 7.1",8.6,迈克尔·杰克逊：巨星之路,音乐/剧情,2026-07-05,0,
59558,Miami Connection,1987,1,Native 4K,HDR10,DTS-HD Master Audio 2.0,,5.2,迈阿密连接网,动作/犯罪/音乐,,0,
1147757,Message in a Bottle,2024,0,Upscaled 4K,TBC,5.1 DTS-HD MA,,N/A,Message in a Bottle,音乐,,0,
1236153,Mercy,2026,1,Native 4K,HDR10,Dolby Vision,"Dolby Atmos, True-HD 7.1",7.1,极限审判,科幻/惊悚/犯罪/悬疑,2026-05-04,0,
32853,Merci la vie,1991,1,Native 4K,HDR10,Dolby Vision,TBC,6.2,感谢你生活,剧情,,0,
479455,Men in Black International,2019,1,Native 4K,HDR & HDR10+,"Dolby Atmos, True-HD 7.1",Men in Black II,5.9,黑衣人：全球通缉,喜剧/科幻/动作/冒险,,0,
41154,Men in Black 3,2012,1,Native 4K,HDR10,"Dolby Atmos, True-HD 7.1",Men In Black,6.5,黑衣人3,动作/喜剧/科幻,,0,
1904,Memoirs of a Geisha,2005,1,Native 4K,HDR10,Dolby Vision,"Dolby Atmos, True-HD 7.1",7.6,艺伎回忆录,剧情/爱情/历史,,0,
592831,Megalopolis,2024,1,Native 4K,HDR10,TBC,,5.2,大都会,科幻/剧情/奇幻,,0,
615656,Meg 2: The Trench,2023,1,Native 4K,HDR10,Dolby Vision,"Dolby Atmos, True-HD 7.1",6.4,巨齿鲨2：深渊,动作/科幻/恐怖,2026-09-12,0,
1597,Meet the Parents,2000,1,Native 4K,HDR10,Dolby Vision,"Dolby Atmos, True-HD 7.1",6.7,拜见岳父大人,喜剧/爱情,,0,
693,Meet the Fockers,2004,1,Native 4K,HDR10,Dolby Vision,"Dolby Atmos, True-HD 7.1",6.3,拜见岳父大人2,喜剧/爱情,,0,
10625,Mean Girls,2024,1,Native 4K,HDR10,Dolby Vision,"Dolby Atmos, True-HD 7.1",7.2,贱女孩,剧情/喜剧,,0,
29005,McCabe & Mrs. Miller,1971,1,Native 4K,TBC,LPCM Mono,Maze Runner: The Scorch Trials,7.1,花村,剧情/西部,,0,
1023922,MaXXXine,2024,1,Native 4K,HDR10,Dolby Vision,"Dolby Atmos, True-HD 7.1",6.3,玛克辛,恐怖,2026-09-11,0,
64131,Mauvais Sang,1986,1,Native 4K,HDR10,Dolby Vision,TBC,7.1,坏血,剧情/爱情/犯罪,,0,
26371,Maurice,1987,1,Native 4K,TBC,5.1 DTS-HD MA,"Matrix Trilogy re-scanned from original camera negatives,",7.6,莫里斯,剧情/爱情,,0,
25389,Matinee,1993,1,Native 4K,HDR10,Dolby Vision,"Dolby Atmos, True-HD 7.1",6.7,午后的演出,喜剧/剧情,,0,
454639,Masters of the Universe,2026,1,Native 4K,HDR10,Dolby Vision,TBC,7.1,宇宙巨人：希曼崛起,动作/奇幻/科幻,,0,
11649,Masters of the Universe,1987,1,Native 4K,HDR10,TBC,Masters of Sex,5.9,决胜时空战区,动作/家庭/奇幻/冒险,,0,
8619,Master and Commander: The Far Side of the World,2003,1,Native 4K,HDR10,Dolby Vision,"Dolby Atmos, True-HD 7.1",7.2,怒海争锋,冒险/剧情/战争,,0,
21789,Massacre,1989,1,Native 4K,HDR10,Dolby Vision,2.0 DTS-HD MA,4.5,大屠杀,恐怖,,0,
3036,Mary Shelley's Frankenstein,1994,1,Native 4K,HDR10,Dolby Vision,DTS-HD MA 5.1,6.4,科学怪人,剧情/恐怖/科幻/爱情,,0,
400650,Mary Poppins Returns,2018,0,Upscaled 4K,HDR,Dolby Atmos True-HD,Mary And The Witch’s Flower,6.5,欢乐满人间2,奇幻/家庭/喜剧,2026-09-11,0,
1317288,Marty Supreme,2025,1,Native 4K,HDR10,Dolby Vision,"Dolby Atmos, True-HD 7.1",7.4,至尊马蒂,剧情/惊悚,,0,
75,Mars Attacks!,1996,1,Native 4K,HDR10,Dolby Vision,"Dolby Atmos, True-HD 7.1",6.4,火星人玩转地球,喜剧/奇幻/科幻,,0,
615904,Marry Me,2022,0,TBC,HDR10,"Dolby Atmos, True-HD 7.1",,6.6,巨星嫁到,爱情/喜剧/音乐,,0,
2321,Married to the Mob,1988,1,Native 4K,HDR10,Dolby Vision,2.0 DTS-HD MA,6.0,嫁入黑帮,喜剧/犯罪/爱情,,0,
506,Marnie,1964,1,Native 4K,HDR10,DTS-HD Master Audio 2.0 Mono,Marco Polo,7.1,艳贼,惊悚/悬疑/爱情,,0,
72820,Mantrap,1953,1,Native 4K,HDR10,TBC,,5.6,陷阱追凶,惊悚/犯罪,,0,
50687,Maniac Cop 3: Badge of Silence,1993,1,Native 4K,HDR10,Dolby Vision,"Dolby Atmos, True-HD 7.1",5.3,鬼面公仆3：沉默的徽章,动作/恐怖/悬疑,,0,
28090,Maniac Cop 2,1990,1,Native 4K,HDR10,Dolby Vision,"Dolby Atmos, True-HD 7.1",5.9,鬼面公仆2,动作/恐怖/悬疑/惊悚,,0,
103620,Maniac,2012,1,Native 4K,HDR10,Dolby Vision,5.1 DTS-HD MA,6.0,杀人狂魔,恐怖/惊悚,,0,
27346,Maniac,1980,1,Native 4K,HDR10,Dolby Vision,"Dolby Atmos, True-HD 7.1",6.4,疯子,恐怖,,0,
458423,Mamma Mia! Here We Go Again,2018,0,Upscaled 4K,HDR10,Dolby Vision,"Dolby Atmos, True-HD 7.1",7.1,妈妈咪呀2：再次出发,喜剧/爱情,,0,
11631,Mamma Mia!,2008,0,Upscaled 4K,HDR10,"DTS: X, 7.1 DTS-HD MA",,7.0,妈妈咪呀,喜剧/爱情,2026-09-11,0,
132232,Mama,2013,0,Upscaled 4K,HDR10,Dolby Vision,5.1 DTS-HD MA,6.3,妈妈,恐怖,,0,
2293,Mallrats,1995,1,Native 4K,HDR10,Dolby Vision,5.1 DTS-HD MA,6.8,耍酷一族,爱情/喜剧,,0,
619778,Malignant,2021,1,Native 4K,HDR10,DTS-HD MA 5.1,,6.7,致命感应,恐怖/悬疑,,0,
420809,Maleficent: Mistress of Evil,2020,0,Upscaled 4K,HDR10,"Dolby Atmos, True-HD 7.1",,7.3,沉睡魔咒2：恶魔夫人,家庭/奇幻/冒险,2025-03-23,0,
102651,Maleficent,2014,0,Upscaled 4K,HDR10,"Dolby Atmos, True-HD 7.1",,7.1,沉睡魔咒,奇幻/冒险/动作/家庭/爱情,2025-03-23,0,
1883,Malcolm X,1992,1,Native 4K,HDR10,Dolby Vision,DTS-HD MA 5.1,7.6,黑潮,剧情/历史,,0,
47957,Madman,1981,1,Native 4K,HDR10,DTS-HD Master Audio 2.0 Mono,,5.0,狂人,恐怖/惊悚,,0,
634492,Madame Web,2024,1,Native 4K,HDR10,Dolby Vision,"Dolby Atmos, True-HD 7.1",5.3,蜘蛛夫人：超感觉醒,动作/奇幻,2026-09-11,0,
10527,Madagascar: Escape 2 Africa,2008,0,Upscaled 4K,TBC,"Dolby Atmos, True-HD 7.1",,6.5,马达加斯加2：逃往非洲,冒险/动画/喜剧/家庭,,0,
953,Madagascar,2005,0,Upscaled 4K,HDR10,Dolby Vision,"Dolby Atmos, True-HD 7.1",6.9,马达加斯加,冒险/动画/喜剧/家庭,,0,
8810,Mad Max: The Road Warrior,1981,1,Native 4K,HDR10,"Dolby Atmos, True-HD 7.1",,7.4,疯狂的麦克斯2,动作/惊悚/科幻,,0,
76341,Mad Max: Fury Road,2015,0,Upscaled 4K,HDR,"Dolby Atmos, True-HD 7.1",,7.6,疯狂的麦克斯4：狂暴之路,动作/冒险/科幻,2025-03-23,0,
9355,Mad Max Beyond Thunderdome,1985,1,Native 4K,HDR10,"Dolby Atmos, True-HD 7.1",,6.2,疯狂的麦克斯3,动作/冒险/科幻,,0,
9659,Mad Max,1979,1,Native 4K,HDR10,Dolby Vision,DTS-HD MA 5.1,6.7,疯狂的麦克斯,动作/惊悚/科幻,,0,
81463,Mad Foxes,1981,1,Native 4K,HDR10,Dolby Vision,5.1 DTS-HD MA,4.9,叛逆者,动作/犯罪/惊悚,,0,
31037,MacArthur,1977,1,Native 4K,HDR10,Dolby Vision,TBC,6.2,麦克阿瑟传,剧情/历史/战争,,0,
67737,Macabre,1980,1,Native 4K,HDR10,Dolby Vision,DTS-HD Master Audio Mono,5.7,死神之吻,恐怖,,0,
1071585,M3GAN 2.0,2025,1,Native 4K,HDR10,Dolby Vision,"Dolby Atmos, True-HD 7.1",7.2,梅根2.0,动作/科幻/惊悚,,0,
536554,M3GAN,2022,1,Native 4K,HDR10,"Dolby Atmos, True-HD 7.1",,7.0,梅根,科幻/恐怖,2025-03-23,0,
15371,Lupin III: The Castle of Cagliostro,1979,1,Native 4K,HDR10,DTS-HD Master Audio 2.0 Mono (English),Luke Cage,7.5,鲁邦三世：卡里奥斯特罗城,动画/冒险/喜剧/犯罪,,0,
240832,Lucy,2014,1,Native 4K,HDR10,"Dolby Atmos, True-HD 7.1",,6.5,超体,动作/科幻,,0,
59230,Lucky Luciano,1973,1,Native 4K,HDR10,Dolby Vision,Lossless Mono,6.3,教父之祖,犯罪/剧情,,0,
508943,Luca,2021,1,Native 4K,HDR10,"Dolby Atmos, True-HD 7.1",Loving Vincent,7.8,夏日友晴天,动画/家庭/奇幻/剧情/喜剧,,0,
259,Love on the Run,1979,1,Native 4K,HDR10,Dolby Vision,LPCM Mono,7.0,爱情狂奔,爱情/剧情/喜剧,,0,
590223,Love and Monsters,2020,0,Upscaled 4K,HDR10,Dolby Vision,DTS-HD MA 7.1,7.3,爱与怪物,冒险/喜剧/奇幻,,0,
508,Love Actually,2003,1,Native 4K,HDR10,"Dolby Atmos, True-HD 7.1",Love,7.1,真爱至上,喜剧/爱情/剧情,2026-09-11,0,
2157,Lost in Space,1998,1,Native 4K,HDR10,Dolby Vision,5.1 DTS-HD MA,5.4,迷失太空,科幻/冒险/动作,,0,
3598,Lost Horizon,1937,1,Native 4K,HDR10,Dolby Vision,2.0 DTS-HD MA,6.9,消失的地平线,冒险/奇幻/剧情/爱情,,0,
638,Lost Highway,1997,1,Native 4K,HDR10,Dolby Vision,DTS-HD MA 5.1,7.6,妖夜慌踪,剧情/惊悚/悬疑,,0,
1830,Lord of War,2005,0,Upscaled 4K,HDR10,Dolby Vision,"Dolby Atmos, True-HD 7.1",7.3,战争之王,犯罪/剧情/惊悚,,0,
59967,Looper,2012,0,Upscaled 4K,HDR10,Dolby Vision,"Dolby Atmos, True-HD 7.1",6.9,环形使者,动作/惊悚/科幻,2026-08-28,0,
37749,Looking for Mr. Goodbar,1977,1,Native 4K,HDR10,Dolby Vision,2.0 DTS-HD MA,6.3,寻找顾巴先生,剧情/犯罪,,0,
1244492,Look Back,2024,0,Upscaled 4K,HDR10,Dolby Vision,"Dolby Atmos, True-HD 7.1",8.2,蓦然回首,动画/剧情,,0,
1226578,Longlegs,2024,1,Native 4K,HDR10,5.1 DTS-HD MA,,6.5,长腿,犯罪/恐怖/悬疑,,0,
193756,Lone Survivor,2013,0,Upscaled 4K,HDR10,"DTS:X, 7.1 DTS-HD MA",,7.4,孤独的幸存者,战争/动作/剧情,2026-09-11,0,
1546050,Lone Samurai,2025,1,Native 4K,TBC,"Dolby Atmos, True-HD 7.1 (Japanese). DTS-HD MA 5.1 (English)",,6.4,孤独武士,奇幻/动作,,0,
802,Lolita,1962,1,Native 4K,HDR10,Dolby Vision,LPCM Mono,7.3,洛丽塔,剧情,,0,
9972,Lock Up,1989,1,Native 4K,HDR10+,Dolby Vision,DTS-HD MA 5.1,6.8,破茧威龙,动作/犯罪/剧情/惊悚,,0,
331482,Little Women,2019,1,Native 4K,HDR10+,Dolby Vision,"Dolby Atmos, True-HD 7.1",7.8,小妇人,剧情/爱情,,0,
47504,Little Odessa,1994,1,Native 4K,HDR10,Dolby Vision,2.0 DTS-HD MA,6.5,小奥德萨,剧情/犯罪,,0,
39451,Little Fockers,2010,1,Native 4K,HDR10,Dolby Vision,Dolby Atmos,5.7,拜见岳父大人3,喜剧/爱情,,0,
27458,Little Darlings,1980,1,Native 4K,HDR10,2.0 DTS-HD MA,,6.5,早熟年华,喜剧/剧情,,0,
993784,Lisa Frankenstein,2024,0,TBC,HDR10,DTS-HD 5.1,,6.4,丽莎·弗兰肯斯坦,恐怖/喜剧/爱情,,0,
9399,Lionheart,1990,1,Native 4K,TBC,TBC,"LPCM 2.0 (48kHz, 16-bit)",6.6,铁拳无敌,动作,,0,
27337,Linda Linda Linda,2005,1,Native 4K,HDR10,5.1 DTS-HD MA,,7.6,琳达！琳达！琳达！,喜剧/音乐/剧情,,0,
552524,Lilo & Stitch,2025,1,Native 4K,HDR10,Dolby Vision,"Dolby Atmos, True-HD 7.1",7.2,星际宝贝史迪奇,家庭/科幻/喜剧,2026-09-11,0,
718789,Lightyear,2022,1,Native 4K,HDR10,"Dolby Atmos, True-HD 7.1",,6.9,光年正传,动画/科幻/家庭/冒险,,0,
345911,Lights Out,2016,0,Upscaled 4K,HDR10,Dolby Vision,5.1 DTS-HD MA,6.4,关灯后,恐怖/悬疑,,0,
11954,Lifeforce,1985,1,Native 4K,HDR10,Dolby Vision,5.1 DTS-HD MA,6.2,宇宙天魔,恐怖/科幻/动作/悬疑,,0,
1564614,Leviticus,2026,1,Native 4K,HDR10,Dolby Vision,Dolby Digital 5.1,6.8,利未记,恐怖/爱情,,0,
14372,Leviathan,1989,1,Native 4K,HDR10,Dolby Vision,5.1 DTS-HD MA,6.0,烈血海底城,冒险/恐怖/惊悚/科幻,,0,
941,Lethal Weapon,1987,1,Native 4K,HDR10,"Dolby Atmos, True-HD 7.1",,7.3,致命武器,动作/惊悚/犯罪,,0,
82695,Les Misérables,2012,0,Upscaled 4K,HDR10,"Dolby Atmos, True-HD 7.1",Leon: The Professional,7.3,悲惨世界,历史/剧情,,0,
27094,Lenny,1974,1,Native 4K,HDR10,Dolby Vision,LPCM Mono,7.3,伦尼的故事,剧情,,0,
451,Leaving Las Vegas,1995,1,Native 4K,HDR10,Dolby Vision,"Dolby Atmos, True-HD 7.1",7.2,离开拉斯维加斯,剧情/爱情,,0,
266,Le Mépris,1963,1,Native 4K,HDR10,Dolby Vision,2.0 DTS-HD MA,7.0,蔑视,剧情/爱情,,0,
359724,Le Mans '66,2019,0,Upscaled 4K,HDR10,"Dolby Atmos, True-HD 7.1",,8.0,极速车王,剧情/历史/动作,2025-03-23,0,
20778,Le Doulos,1962,1,Native 4K,SDR,2.0 DTS-HD MA,,7.4,眼线,剧情/惊悚/犯罪,,0,
11657,Le Cercle Rouge,1970,1,Native 4K,HDR10,Dolby Vision,LPCM Mono,7.6,红圈,犯罪/剧情/惊悚,,0,
947,Lawrence of Arabia,1962,1,Native 4K,HDR10,Dolby Vision,"Dolby Atmos, True-HD 7.1",8.0,阿拉伯的劳伦斯,冒险/历史/战争,,0,
4024,Last Year at Marienbad,1961,1,Native 4K,TBC,2.0 DTS-HD MA,,7.4,去年在马里昂巴德,剧情/爱情,,0,
576845,Last Night in Soho,2021,0,Upscaled 4K,HDR10,"Dolby Atmos, True-HD 7.1",,7.3,Soho区惊魂夜,恐怖/悬疑/惊悚,,0,
972533,Last Breath,2025,0,TBC,HDR10,5.1 DTS-HD MA,,6.9,最后的呼吸,惊悚/剧情,2026-08-28,0,
9593,Last Action Hero,1993,1,Native 4K,HDR10,"Dolby Atmos, True-HD 7.1",,6.5,幻影英雄,奇幻/动作/喜剧,,0,
1995,Lara Croft: Tomb Raider,2001,1,Native 4K,HDR10,Dolby Vision,5.1 DTS-HD MA,5.9,古墓丽影,冒险/动作/奇幻,2026-04-13,0,
1996,Lara Croft Tomb Raider: The Cradle of Life,2003,0,Upscaled 4K,HDR10,Dolby Vision,TBC,5.8,古墓丽影：生命的摇篮,冒险/动作/奇幻,2026-09-12,0,
11683,Land of the Dead,2005,1,Native 4K,HDR10,Dolby Vision,5.1 DTS-HD MA,6.3,活死人之地,恐怖/科幻/惊悚,,0,
788929,Lamb,2021,1,Native 4K,HDR10,Dolby Vision,DTS-HD MA 5.1,6.4,羊崽,剧情/奇幻/恐怖,,0,
49365,Lady in White,1988,1,Native 4K,HDR10,Dolby Vision,5.1 DTS-HD MA,6.1,白衣幽魂,悬疑/恐怖/惊悚,,0,
600126,Ladies of Leisure,1926,1,Native 4K,SDR,2.0 DTS-HD MA,,8.0,悠闲淑女,剧情,,0,
27016,"Ladies and Gentlemen, The Fabulous Stains",1982,1,Native 4K,HDR10,5.1 DTS-HD MA,,6.3,朋克女孩,喜剧/剧情/音乐,,0,
13597,Labyrinth,1986,1,Native 4K,HDR,"Dolby Atmos, True-HD 7.1",,7.3,魔幻迷宫,冒险/家庭/奇幻,,0,
313369,La La Land,2016,0,Upscaled 4K,HDR10,"Dolby Atmos, True-HD 7.1",,7.9,爱乐之城,喜剧/剧情/爱情,2025-03-23,0,
9322,La Femme Nikita,1990,1,Native 4K,HDR10,Dolby Vision,5.1 DTS-HD MA,7.1,女囚尼基塔,动作/惊悚,,0,
1011985,Kung Fu Panda 4,2024,0,Upscaled 4K,HDR10,Dolby Vision,"Dolby Atmos, True-HD 7.1",7.0,功夫熊猫4,动画/喜剧/冒险/动作/家庭,,0,
140300,Kung Fu Panda 3,2016,0,Upscaled 4K,HDR10,Dolby Vision,"Dolby Atmos, True-HD 7.1",6.9,功夫熊猫3,动画/动作/冒险/喜剧/家庭,,0,
49444,Kung Fu Panda 2,2011,0,Upscaled 4K,HDR10,Dolby Vision,"Dolby Atmos, True-HD 7.1",7.1,功夫熊猫2,动画/家庭/喜剧/动作,,0,
9502,Kung Fu Panda,2008,0,Upscaled 4K,HDR10,"Dolby Atmos, True-HD 7.1",,7.3,功夫熊猫,动作/动画/喜剧/家庭,,0,
107184,Kriminal,1966,1,Native 4K,HDR10,TBC,,5.0,杀手,动作/犯罪/悬疑,,0,
539972,Kraven the Hunter,2024,1,Native 4K,HDR10,Dolby Vision,"Dolby Atmos, True-HD 7.1",6.4,猎人克莱文,动作/冒险/惊悚,2026-05-03,0,
287903,Krampus,2015,0,Upscaled 4K,HDR10,Dolby Vision,"Dolby Atmos, True-HD 7.1",6.2,克朗普斯,恐怖/喜剧/奇幻,,0,
47393,Krakatit,1948,1,Native 4K,HDR10,Dolby Vision,DTS-HD MA Mono,6.5,原子空想,科幻/惊悚/悬疑,,0,
293167,Kong: Skull Island,2017,0,Upscaled 4K,HDR10,"Dolby Atmos, True-HD 7.1",Knowing,6.6,金刚：骷髅岛,动作/冒险/奇幻,2025-03-23,0,
37498,Knock Off,1998,1,Native 4K,HDR10,5.1 DTS-HD MA,,5.4,K.O.雷霆一击,动作/犯罪/喜剧/冒险,,0,
263472,Knock Knock,2015,0,Upscaled 4K,HDR10,Dolby Vision,"Dolby Atmos, True-HD 7.1",5.4,敲敲门,恐怖/惊悚/犯罪,,0,
631842,Knock at the Cabin,2023,1,Native 4K,HDR10,Dolby Vision,"Dolby Atmos, True-HD 7.1",6.2,拜访小屋,恐怖/悬疑/惊悚,,0,
546554,Knives Out,2019,0,Upscaled 4K,HDR,Dolby Vision,"Dolby Atmos, True-HD 7.1",7.8,利刃出鞘,喜剧/犯罪/悬疑,,0,
9437,Kiss the Girls,1997,1,Native 4K,HDR10,Dolby Vision,5.1 DTS-HD MA,6.5,惊唇劫,惊悚/犯罪/悬疑,,0,
1214684,Kiss of the Spider Woman,2025,1,Native 4K,HDR10,Dolby Vision,"Dolby Atmos, TrueHD 7.1",5.8,蜘蛛女之吻,爱情/剧情/惊悚/音乐,2026-06-23,0,
11703,Kiss of the Spider Woman,1985,1,Native 4K,HDR10,Dolby Vision,5.1 DTS-HD MA,7.0,蜘蛛女之吻,剧情,,0,
390734,Kingsglaive: Final Fantasy XV,2016,1,Native 4K,HDR10,DTS-HD MA 5.1,,6.8,最终幻想15：王者之剑,动画/科幻/动作,,0,
653346,Kingdom of the Planet of the Apes,2024,1,Native 4K,HDR10,"Dolby Atmos, True-HD 7.1",,7.1,猩球崛起：新世界,科幻/冒险/动作,,0,
1495,Kingdom of Heaven,2005,1,Native 4K,HDR10,Dolby Vision,"Dolby Atmos, True-HD 7.1",7.1,天国王朝,剧情/动作/冒险/历史/战争,,0,
614917,King Richard,2021,0,Upscaled 4K,HDR10,"Dolby Atmos, True-HD 7.1",,7.6,国王理查德,剧情/历史,,0,
20863,King of the Gypsies,1978,1,Native 4K,HDR10,Dolby Vision,2.0 DTS-HD MA,5.9,吉普赛之王,剧情,,0,
10730,King Kong,1976,1,Native 4K,HDR10,Dolby Vision,5.1 DTS-HD MA,6.3,金刚：传奇重生,冒险/恐怖,,0,
18644,King Creole,1958,1,Native 4K,HDR10,TBC,,6.4,硬汉歌王,剧情/音乐/犯罪,,0,
274857,King Arthur: Legend of the Sword,2017,0,Upscaled 4K,HDR10,"Dolby Atmos, True-HD 7.1",,6.6,亚瑟王：斗兽争霸,动作/剧情/奇幻,2026-09-11,0,
11898,Kind Hearts and Coronets,1949,1,Native 4K,HDR10,Dolby Vision,2.0 DTS-HD MA,7.6,仁心与冠冕,喜剧/犯罪,,0,
466420,Killers of the Flower Moon,2023,1,Native 4K,HDR10,Dolby Vision,"Dolby Atmos, True-HD 7.1",7.4,花月杀手,犯罪/历史/剧情,,0,
10056,Killer's Kiss,1955,1,Native 4K,HDR10,Dolby Vision,LPCM Mono,6.3,杀手之吻,惊悚/犯罪/剧情,,0,
74725,Kill List,2011,0,Upscaled 4K,HDR10,5.1 DTS-HD MA,,6.2,杀戮名单,恐怖/惊悚/犯罪,,0,
393,Kill Bill: Volume 2,2004,0,Upscaled 4K,HDR10,Dolby Vision,5.1 DTS-HD MA,7.9,杀死比尔2,动作/犯罪/惊悚,2026-09-22,0,
24,Kill Bill: Volume 1,2003,0,Upscaled 4K,HDR10,Dolby Vision,5.1 DTS-HD MA,8.0,杀死比尔,动作/犯罪,2026-09-04,0,
23483,Kick-Ass,2010,0,Upscaled 4K,HDR10,Dolby Vision,"Dolby Atmos, True-HD 7.1",7.1,海扁王,动作/犯罪,,0,
1288072,Keeper,2025,1,Native 4K,HDR10,5.1 DTS-HD MA,Keanu,5.7,良人,恐怖/悬疑,,0,
1011477,Karate Kid: Legends,2025,1,Native 4K,HDR10,Dolby Vision,"Dolby Atmos, True-HD 7.1",7.0,功夫梦：融合之道,动作/冒险/剧情,,0,
24734,K2,1991,1,Native 4K,HDR10,Dolby Vision,5.1 DTS-HD MA,5.7,八千米死亡线,惊悚/动作/冒险/剧情,,0,
736069,Justice Society: World War II,2021,0,Upscaled 4K,HDR10,DTS-HD MA 5.1,,7.4,正义协会：二战,动画/战争/科幻,,0,
1155089,Justice League: Crisis on Infinite Earths - Part Two,2024,1,Native 4K,TBC,5.1 DTS-HD MA,,7.2,正义联盟：无限地球危机（上）,动画/科幻/动作,,0,
1155089,Justice League: Crisis on Infinite Earths - Part Three,2024,0,TBC,TBC,5.1 DTS-HD MA,,7.2,正义联盟：无限地球危机（上）,动画/科幻/动作,,0,
1155089,Justice League: Crisis on Infinite Earths - Part One,2024,1,Native 4K,HDR10,5.1 DTS-HD MA,,7.2,正义联盟：无限地球危机（上）,动画/科幻/动作,,0,
537059,Justice League vs the Fatal Five,2019,0,Upscaled 4K,HDR10,DTS-HD MA 5.1,,6.7,正义联盟大战致命五人组,动画/动作/科幻/奇幻,,0,
618344,Justice League Dark: Apokolips War,2020,0,Upscaled 4K,HDR10,DTS-HD MA 5.1,,8.2,黑暗正义联盟：天启星战争,动画/动作/冒险/奇幻,,0,
141052,Justice League,2017,0,Upscaled 4K,HDR,Dolby Vision,"Dolby Atmos, True-HD 7.1",6.1,正义联盟,动作/冒险/科幻,2025-03-23,0,
522212,Just Mercy,2019,1,Native 4K,HDR10,Dolby Vision,Dolby Atmos,7.8,正义的慈悲,剧情/犯罪/历史,,0,
1234821,Jurassic World: Rebirth,2025,1,Native 4K,HDR10,Dolby Vision,"Dolby Atmos, True-HD 7.1",6.3,侏罗纪世界：重生,科幻/冒险/动作,,0,
507086,Jurassic World: Dominion,2022,1,Native 4K,HDR10,"Dolby Atmos, True-HD 7.1",,6.6,侏罗纪世界3,冒险/科幻/惊悚,2025-03-23,0,
135397,Jurassic World,2015,0,Upscaled 4K,HDR,"DTS: X, 7.1 DTS HD-MA",,6.7,侏罗纪世界,冒险/科幻/惊悚,2025-03-23,0,
331,Jurassic Park III,2001,1,Native 4K,HDR,"DTS: X, 7.1 DTS HD-MA",,6.2,侏罗纪公园3,冒险/惊悚/科幻/动作,2026-09-12,0,
329,Jurassic Park,1993,1,Native 4K,HDR,"DTS: X, 7.1 DTS HD-MA",Jupiter Ascending,8.0,侏罗纪公园,冒险/科幻,2026-09-12,0,
87119,Jungle Raiders,1985,1,Native 4K,HDR10,2.0 DTS-HD MA,,4.4,黄金美女的追逐,冒险/动作,,0,
451048,Jungle Cruise,2021,1,Native 4K,HDR10,"Dolby Atmos, True-HD 7.1",,7.3,丛林奇航,奇幻/喜剧/冒险,2025-03-23,0,
353486,Jumanji: Welcome To The Jungle,2017,0,Upscaled 4K,HDR,Dolby Vision,"Dolby Atmos, True-HD 7.1",6.8,勇敢者游戏：决战丛林,冒险/喜剧/奇幻,,0,
512200,Jumanji: The Next Level,2019,0,Upscaled 4K,HDR10,"DTS: X, 7.1 DTS HD-MA",,6.9,勇敢者游戏2：再战巅峰,冒险/喜剧/奇幻,,0,
8844,Jumanji,1995,1,Native 4K,HDR,"Dolby Atmos, True-HD 7.1",,7.2,勇敢者的游戏,冒险/奇幻/家庭,,0,
16136,Juice,1992,1,Native 4K,HDR10+,Dolby Vision,5.1 DTS-HD-MA,7.2,哈雷兄弟,犯罪/剧情/惊悚,,0,
11838,Ju-on: The Grudge,2002,1,Native 4K,HDR10,Dolby Vision,5.1 DTS-HD MA,6.8,咒怨,恐怖,,0,
889737,Joker: Folie à Deux,2024,1,Native 4K,HDR10,Dolby Vision,"Dolby Atmos, True-HD 7.1",5.4,小丑2: 双重妄想,剧情/犯罪/惊悚,2026-09-11,0,
475557,Joker,2020,1,Native 4K,HDR10,Dolby Vision,"Dolby Atmos, True-HD 7.1",8.1,小丑,犯罪/惊悚/剧情,2025-03-23,0,
515001,Jojo Rabbit,2019,0,Upscaled 4K,HDR,5.1 DTS-HD-MA,,8.0,乔乔的异想世界,喜剧/战争/剧情,2025-03-23,0,
505,Johnny Handsome,1989,1,Native 4K,HDR10,Dolby Vision,TBC,6.3,玉面煞星,犯罪/剧情/惊悚,,0,
458156,John Wick: ​Chapter 3 - Parabellum,2019,0,Upscaled 4K,HDR10,Dolby Vision,"Dolby Atmos, True-HD 7.1",7.4,疾速追杀3,动作/惊悚/犯罪,,0,
324552,John Wick: ​Chapter 2,2017,0,Upscaled 4K,HDR10,"Dolby Atmos, True-HD 7.1",,7.3,疾速追杀2,动作/惊悚/犯罪,,0,
603692,John Wick: Chapter 4,2023,1,Native 4K,HDR10,Dolby Vision,"Dolby Atmos, True-HD 7.1",7.7,疾速追杀4,动作/惊悚/犯罪,,0,
245891,John Wick,2014,1,Native 4K,HDR10,"Dolby Atmos, True-HD 7.1",,7.5,疾速追杀,动作/惊悚,2026-09-11,0,
63510,"Jo Jo Dancer, Your Life Is Calling",1986,1,Native 4K,HDR10,Dolby Vision,2.0 DTS-HD MA,6.5,巨星重生记,剧情/喜剧/奇幻,,0,
1355271,Jimmy and Stiggs,2024,1,Native 4K,HDR10,Dolby Vision,5.1 DTS-HD MA,5.9,吉米和斯蒂格,恐怖/科幻,,0,
820,JFK,1991,1,Native 4K,HDR10,Dolby Vision,5.1 DTS-HD MA,7.6,刺杀肯尼迪,剧情/惊悚/历史,,0,
12545,Jesus Christ Superstar,1973,1,Native 4K,HDR10,Dolby Vision,5.1 DTS-HD MA,7.1,耶稣基督万世巨星,剧情/历史,,0,
9390,Jerry Maguire,1996,1,Native 4K,HDR10,"Dolby Atmos, True-HD 7.1",,7.0,甜心先生,喜剧/剧情/爱情,,0,
580,Jaws: The Revenge,1987,1,Native 4K,HDR10,"Dolby Atmos, True-HD 7.1",,4.1,大白鲨4,冒险/惊悚/恐怖,2025-03-23,0,
17692,Jaws 3,1983,1,Native 4K,HDR10,"Dolby Atmos, True-HD 7.1",,4.5,大白鲨3,惊悚/恐怖,,0,
579,Jaws 2,1978,1,Native 4K,HDR10,2.0 DTS-HD MA,,6.0,大白鲨2,恐怖/惊悚,,0,
578,Jaws,1975,1,Native 4K,HDR10+,Dolby Vision,"Dolby Atmos, True-HD 7.1",7.7,大白鲨,恐怖/惊悚/冒险,,0,
11470,Jason X,2001,1,Native 4K,HDR10,Dolby Vision,5.1 DTS-HD MA,4.9,十三号星期五10：杰森在太空,恐怖/科幻,,0,
10285,Jason Goes to Hell: The Final Friday,1993,1,Native 4K,HDR10,Dolby Vision,5.1 DTS-HD MA,4.6,十三号星期五9：杰森下地狱,恐怖/惊悚,,0,
324668,Jason Bourne,2016,1,Native 4K,HDR10,"DTS:X, 7.1 DTS-HD-MA",,6.4,谍影重重5,动作/冒险/惊悚,2026-03-27,0,
25,Jarhead,2005,1,Native 4K,HDR10,Dolby Vision,"Dolby Atmos, True-HD 7.1",6.7,锅盖头,剧情/战争,,0,
2291,Jacob's Ladder,1990,1,Native 4K,HDR10,Dolby Vision,5.1 DTS-HD MA,7.4,异世浮生,剧情/悬疑/恐怖,,0,
184,Jackie Brown,1997,1,Native 4K,HDR10,Dolby Vision,5.1 DTS-HD MA,7.4,危险关系,犯罪/剧情/惊悚,,0,
39856,Jack the Ripper,1976,1,Native 4K,HDR10,Dolby Vision,5.1 DTS-HD MA,6.3,暴行开膛手杰克,恐怖/剧情/犯罪,,0,
474350,IT: Chapter Two,2019,0,Upscaled 4K,HDR10+,Dolby Vision,"Dolby Atmos, True-HD 7.1",6.8,小丑回魂2,恐怖/惊悚/剧情,2026-09-12,0,
1585,It's a Wonderful Life,1946,1,Native 4K,HDR10,Dolby Vision,Dolby True-HD 2.0 Mono,8.3,生活多美好,剧情/家庭/奇幻,,0,
1456349,It Was Just an Accident,2025,1,Native 4K,TBC,5.1 DTS-HD MA,,7.2,普通事故,剧情/惊悚/犯罪/悬疑,,0,
3078,It Happened One Night,1934,1,Native 4K,HDR10,Dolby Vision,2.0 DTS-HD MA,7.8,一夜风流,喜剧/爱情,,0,
19483,It Came from Outer Space,1953,1,Native 4K,HDR10,3.0 DTS-HD MA,,6.3,宇宙访客,科幻/恐怖,,0,
346364,IT,2017,0,Upscaled 4K,HDR,Dolby Vision,"Dolby Atmos, True-HD 7.1",7.2,小丑回魂,恐怖/惊悚/剧情,,0,
399174,Isle of Dogs,2018,0,Upscaled 4K,HDR10,Dolby Vision,5.1 DTS-HD MA,7.8,犬之岛,冒险/喜剧/动画,2026-09-11,0,
1140498,Is This Thing On?,2025,1,Native 4K,Dolby Vision,"Dolby Atmos, True-HD 7.1",Iron Man 3,6.6,开麦了吗？,喜剧/剧情/爱情,,0,
10138,Iron Man 2,2010,0,Upscaled 4K,HDR10,"Dolby Atmos, True-HD 7.1",Iron Man,6.9,钢铁侠2,冒险/动作/科幻,2026-03-29,0,
1628071,Ip Man: Kung Fu Legend,2026,0,Upscaled 4K,HDR10,Dolby Vision,TBC,6.5,宗师叶问2,动作,,0,
449924,Ip Man 4: The Finale,2020,0,Upscaled 4K,HDR10,Dolby Vision,"Dolby Atmos, True-HD 7.1",7.3,叶问4：完结篇,动作/历史/剧情,,0,
365222,Ip Man 3,2015,0,Upscaled 4K,HDR10,Dolby Vision,"Dolby Atmos, True-HD 7.1",7.0,叶问3,动作/剧情/历史,,0,
37472,Ip Man 2,2010,0,Upscaled 4K,HDR10,Dolby Vision,"Dolby Atmos, True-HD 7.1",7.5,叶问2,动作/历史/剧情,,0,
14756,Ip Man,2008,0,Upscaled 4K,HDR10,Dolby Vision,Dolby Atmos,7.8,叶问,剧情/动作/历史,,0,
66099,INXS: Live Baby Live,1991,1,Native 4K,HDR10,Dolby Atmos,,7.5,INXS乐队：Live Baby Live 演唱会（温布利现场）,音乐,,0,
11850,Invasion of the Body Snatchers,1978,1,Native 4K,HDR10,Dolby Vision,5.1 DTS-HD-MA,7.2,人体异形,科幻/恐怖,,0,
628,Interview with the Vampire,1994,1,Native 4K,HDR10,Dolby Vision,"Dolby Atmos, True-HD 7.1",7.4,夜访吸血鬼,恐怖/剧情/奇幻,,0,
157336,Interstellar,2014,1,Native 4K,HDR,5.1 DTS-HD-MA,,8.5,星际穿越,冒险/剧情/科幻,2025-03-23,0,
150540,Inside Out,2015,0,Upscaled 4K,HDR10,"Dolby Atmos, True-HD 7.1",,7.9,头脑特工队,动画/家庭/冒险/剧情/喜剧,2025-03-23,0,
64548,Inquisition,1978,1,Native 4K,TBC,LPCM Mono,,5.5,宗教裁判所,恐怖,,0,
2614,Innerspace,1987,1,Native 4K,HDR10,Dolby Vision,"Dolby Atmos, True-HD 7.1",6.8,惊异大奇航,动作/喜剧/科幻,,0,
831405,Injustice,2021,0,Upscaled 4K,HDR10,5.1 DTS-HD-MA,,7.3,不义联盟：人间之神,动画/科幻/奇幻/动作,,0,
16869,Inglourious Basterds,2009,0,Upscaled 4K,HDR10+,5.1 DTS-HD-MA,,8.2,无耻混蛋,剧情/惊悚/战争,2025-03-23,0,
581726,Infinite,2021,1,Native 4K,HDR10,Dolby Vision,"Dolby Atmos, True-HD 7.1",6.6,无限,科幻/动作/冒险,,0,
207932,Inferno,2016,0,Upscaled 4K,HDR10,"Dolby Atmos, True-HD 7.1",,6.1,但丁密码,悬疑/惊悚/动作,,0,
87,Indiana Jones and the Temple of Doom,1984,1,Native 4K,HDR10,Dolby Vision,"Dolby Atmos, True-HD 7.1",7.3,夺宝奇兵2：魔域奇兵,冒险/动作,,0,
89,Indiana Jones and the Last Crusade,1989,1,Native 4K,HDR10,Dolby Vision,"Dolby Atmos, True-HD 7.1",7.9,夺宝奇兵3：圣战奇兵,冒险/动作,,0,
217,Indiana Jones and the Kingdom of the Crystal,2008,1,Native 4K,HDR10,Dolby Vision,"Dolby Atmos, True-HD 7.1",6.0,夺宝奇兵4：水晶头骨王国,冒险/动作,,0,
335977,Indiana Jones and the Dial of Destiny,2023,1,Native 4K,HDR10,"Dolby Atmos, True-HD 7.1",,6.5,夺宝奇兵5：命运转盘,冒险/动作,,0,
47933,Independence Day: Resurgence,2016,1,Native 4K,HDR10,"Dolby Atmos, True-HD 7.1",Independence Day,5.4,独立日2：卷土重来,动作/冒险/科幻,,0,
4478,Indecent Proposal,1993,1,Native 4K,HDR10,Dolby Vision,5.1 DTS-HD-MA,6.4,桃色交易,爱情/剧情,,0,
27205,Inception,2010,1,Native 4K,HDR10,5.1 DTS-HD MA,,8.4,盗梦空间,动作/科幻/冒险,2025-03-23,0,
46738,Incendies,2010,1,Native 4K,HDR10,Dolby Vision,5.1 DTS-HD MA,8.1,焦土之城,剧情/战争/悬疑,2026-05-04,0,
2654,In the Mouth of Madness,1994,1,Native 4K,HDR10,Dolby Vision,5.1 DTS-HD MA,7.2,战栗黑洞,恐怖/悬疑/剧情/惊悚/奇幻,2026-09-11,0,
843,In the Mood for Love,2000,1,Native 4K,5.1 DTS-HD-MA,In the Line of Fire,Legacy,8.1,花样年华,剧情/爱情,,0,
467909,In The Heights,2021,1,Native 4K,HDR10+,Dolby Vision,"Dolby Atmos, True-HD 7.1",7.1,身在高地,剧情/爱情,,0,
10633,In the Heat of the Night,1967,1,Native 4K,DTS-HD MA 2.0 Mono,In the Heart of the Sea,Legacy,7.7,炎热的夜晚,犯罪/剧情/悬疑/惊悚,,0,
8321,In Bruges,2008,0,Upscaled 4K,HDR10,Dolby Vision,5.1 DTS-HD MA,7.5,杀手没有假期,喜剧/剧情/犯罪,,0,
20850,Ilsa: She Wolf of the SS,1975,1,Native 4K,HDR10,Dolby Vision,2.0 DTS-HD MA,6.0,纳粹女魔头之残酷疯淫所,惊悚/战争/恐怖,,0,
28656,"Ilsa, The Wicked Warden",1977,1,Native 4K,TBC,2.0 DTS-HD MA,,4.8,纳粹女魔头之病房狂魔,恐怖/剧情,,0,
28746,"Ilsa, The Tigress of Siberia",1977,1,Native 4K,HDR10,2.0 DTS-HD MA,,4.9,纳粹女魔头之西伯利亚母虎,,,0,
7392,"Ilsa, Harem Keeper of the Oil Sheiks",1976,1,Native 4K,HDR10,2.0 DTS-HD MA,,4.9,纳粹女魔头之后宫总管,,,0,
1268109,If I Stay,2024,0,Upscaled 4K,HDR,,,8.0,Si Pudiera Quedarme,,,0,
639720,IF,2024,1,Native 4K,HDR10,Dolby Vision,"Dolby Atmos, True-HD 7.1",6.9,神秘友友,,,0,
2832,Identity,2003,1,Native 4K,HDR10,Dolby Vision,TBC,7.2,致命ID,,,0,
44470,Ice Cream Man,1995,1,Native 4K,HDR10,Dolby Vision,2.0 DTS-HD MA,5.5,冰淇淋人,,,0,
37184,"I, the Jury",1953,1,Native 4K,HDR10,,,5.9,我，陪审员,,,0,
17006,I'm Gonna Git You Sucka,1988,1,Native 4K,HDR10,Dolby Vision,TBC,6.4,黑超出更,,,0,
3600,I Still Know What You Did Last Summer,1998,1,Native 4K,HDR10,Dolby Vision,"Dolby Atmos, True-HD 7.1",5.4,我仍然知道你去年夏天干了什么,,,0,
78166,I Love Maria,1988,1,Native 4K,HDR10,Dolby Vision,2.0 DTS-HD MA,6.4,铁甲无敌玛利亚,,,0,
1227877,I Love Boosters,2026,1,Native 4K,TBC,TBC,TBC,6.2,贼爱时尚,,,0,
56137,I Know Where I'm Going!,1945,1,Native 4K,TBC,LPCM Mono,,7.1,我走我路,,,0,
1083433,I Know What You Did Last Summer,2025,1,Native 4K,HDR10,Dolby Vision,5.1 DTS-HD MA,5.6,我知道你去年夏天干了什么,,,0,
3597,I Know What You Did Last Summer,1997,1,Native 4K,HDR10,Dolby Vision,"Dolby Atmos, True-HD 7.1",6.0,我知道你去年夏天干了什么,,,0,
32015,I Am Cuba,1964,1,Native 4K,TBC,LPCM Mono,,7.9,我是古巴,,,0,
540901,Hustlers,2019,1,Native 4K,HDR10,"Dolby Atmos, True-HD 7.1",,6.5,舞女大盗,,,0,
376570,Hush,2016,1,Native 4K,HDR10,TBC,,6.7,无声夜,,,0,
39932,Hunter's Blood,1986,1,Native 4K,HDR10,Dolby Vision,5.1 DTS-HD MA,5.6,猎人之血,,,0,
64992,Human Lanterns,1982,1,Native 4K,HDR10,Dolby Vision,DTS-HD Master Audio Mono,6.1,人皮灯笼,,,0,
1927,Hulk,2003,1,Native 4K,HDR10,"DTS: X, 7.1 DTS HD-MA",,5.6,绿巨人浩克,,,0,
24748,Hud,1963,1,Native 4K,HDR10,Dolby Vision,LPCM Mono,7.2,原野铁汉,,,0,
8293,Howards End,1992,1,Native 4K,TBC,5.1 DTS-HD MA,,7.0,霍华德庄园,,,0,
10658,Howard the Duck,1986,1,Native 4K,HDR10,"DTS:X, DTS-HD MA 7.1",,5.5,天降神兵,,,0,
166428,How to Train Your Dragon: The Hidden World,2019,0,Upscaled 4K,HDR10,"Dolby Atmos, True-HD 7.1",,7.8,驯龙高手3,,,0,
82702,How To Train Your Dragon 2,2014,0,Upscaled 4K,HDR,"DTS: X, 7.1 DTS HD-MA",,7.7,驯龙高手2,,2026-09-11,0,
1087192,How to Train Your Dragon,2025,1,Native 4K,HDR10,Dolby Vision,"Dolby Atmos, True-HD 7.1",7.9,新·驯龙高手,,2026-09-11,0,
10191,How To Train Your Dragon,2010,0,Upscaled 4K,"DTS: X, 7.1 DTS HD-MA",,,7.9,驯龙高手,,2026-09-11,0,
467905,How to Make a Killing,2026,0,TBC,TBC,TBC,How to be Single,7.0,如何大赚一笔,,2026-07-06,0,
8871,How the Grinch Stole Christmas,2000,1,Native 4K,HDR,"DTS:X, DTS-HD MA 7.1",,6.8,圣诞怪杰,,2026-09-11,0,
16094,House Party,1990,1,Native 4K,HDR10,Dolby Vision,4.0 DTS-HD MA,6.4,家庭派对,,,0,
28679,House on the Edge of the Park,1980,1,Native 4K,HDR10,2.0 DTS-HD MA,,5.9,公园旁的凶屋,,,0,
2662,House of 1000 Corpses,2003,0,TBC,HDR10,TBC,Hotel Transylvania 3: Summer Vacation,6.2,千尸屋,,,0,
4638,Hot Fuzz,2007,0,Upscaled 4K,HDR10+,"DTS:X, DTS-HD MA 7.1",Hostiles (with stunning 2K upscales),7.6,热血警探,,,0,
384680,Hostiles,2017,1,Native 4K,HDR10,5.1 DTS-HD MA,,7.0,敌对分子,,,0,
932086,Horizon: An American Saga - Chapter 1,2024,1,Native 4K,HDR10,Dolby Vision,"Dolby Atmos, True-HD 7.1",6.8,地平线,,2026-09-11,0,
1327819,Hoppers,2026,1,Native 4K,HDR10,Dolby Vision,"Dolby Atmos, True-HD 7.1",8.1,河狸变身计划,,2026-09-19,0,
879,Hook,1991,1,Native 4K,HDR10,"Dolby Atmos, True-HD 7.1",,6.8,铁钩船长,,,0,
771,Home Alone,1990,1,Native 4K,HDR10,5.1 DTS-HD-MA,,7.5,小鬼当家,,,0,
13485,Holiday Inn,1942,1,Native 4K,HDR10,2.0 DTS-HD MA,,7.1,假日旅馆,,,0,
14604,Hold That Ghost,1941,1,Native 4K,HDR10,2.0 DTS-HD MA,,6.8,两傻怪屋捉妖记,,,0,
1430077,Hokum,2026,1,Native 4K,HDR10,5.1 DTS-HD MA,,6.9,幽旅巫咒,,2026-07-30,0,
10439,Hocus Pocus,1993,1,Native 4K,HDR10,5.1 DTS-HD-MA,Hitman: Agent 47,7.0,女巫也疯狂,,,0,
522931,Hitman's Wife's Bodyguard,2021,1,Native 4K,HDR10,Dolby Vision,"Dolby Atmos, True-HD 7.1",6.6,王牌保镖2,,,0,
986097,Him,2025,1,Native 4K,HDR10,Dolby Vision,"Dolby Atmos, True-HD 7.1",5.6,他,,,0,
8009,Highlander,1986,1,Native 4K,HDR10,Dolby Vision,5.1 DTS-HD MA,6.9,高地人,,,0,
1242434,Highest 2 Lowest,2025,1,Native 4K,HDR10,Dolby Vision,"Dolby Atmos, True-HD 7.1",5.5,天国与地狱,,,0,
11901,High Plains Drifter,1973,1,Native 4K,HDR10,Dolby Vision,5.1 DTS-HD-MA,7.3,荒野浪子,,,0,
12493,High and Low,1963,1,Native 4K,SDR,4.0 DTS-HD MA,,8.4,天国与地狱,,,0,
68964,Hide and Go Shriek,1988,1,Native 4K,HDR10,Dolby Vision,TBC,5.0,家具城惊魂夜,,,0,
42589,"Hi, Mom!",1970,1,Native 4K,HDR10,Dolby Vision,DTS-HD MA Mono,6.2,嗨，妈妈！,,,0,
1138194,Heretic,2024,1,Native 4K,HDR10,Dolby Vision,"Dolby Atmos, True-HD 7.1",7.0,异教徒,,,0,
493922,Hereditary,2018,0,Upscaled 4K,HDR10,Dolby Vision,5.1 DTS-HD MA,7.3,遗传厄运,,2026-09-11,0,
8766,Hellraiser: Bloodline,1996,1,Native 4K,HDR10,Dolby Vision,5.1 DTS-HD MA,5.3,养鬼吃人4：血统,,,0,
1087822,Hellboy: The Crooked Man,2024,0,TBC,TBC,TBC,,5.1,地狱男爵：歪曲人,,,0,
11253,Hellboy II: The Golden Army,2008,0,Upscaled 4K,HDR10,"DTS:X, DTS-HD MA 7.1",Hellboy Animated,6.8,地狱男爵2：黄金军团,,,0,
1487,Hellboy,2019,1,Native 4K,HDR & HDR10+,Dolby Vision,"Dolby Atmos, True-HD 7.1",6.7,地狱男爵,,,0,
1487,Hellboy,2004,1,Native 4K,HDR10,"Dolby Atmos, True-HD 7.1",,6.7,地狱男爵,,,0,
22301,Hell's Angels,1930,1,Native 4K,TBC,LPCM Mono,,6.6,地狱天使,,,0,
338766,Hell Or High Water,2016,0,Upscaled 4K,HDR10,Dolby Vision,5.1 DTS-HD-MA,7.3,赴汤蹈火,,2026-09-11,0,
429476,Hell Fest,2018,0,Upscaled 4K,HDR10,Dolby Vision,"DTS: X, 7.1 DTS-HD MA",5.7,地狱游乐园,,,0,
11827,Heavy Metal,1981,1,Native 4K,HDR10,Dolby Vision,"Dolby Atmos, True-HD 7.1",6.5,宇宙奇趣录,,,0,
2640,Heathers,1989,1,Native 4K,HDR10,Dolby Vision,5.1 DTS-HD MA,7.3,希德姐妹帮,,,0,
949,Heat,1995,1,Native 4K,HDR09,5.1 DTS-HD MA,,7.9,盗火线,,2026-09-11,0,
4539,Hearts of Darkness,1991,1,Native 4K,HDR10,Dolby Vision,5.1 DTS-HD MA,7.9,黑暗之心,,,0,
11787,Harvey,1950,1,Native 4K,HDR10,Dolby Vision,2.0 DTS-HD MA,7.7,我的朋友叫哈维,,,0,
767,Harry Potter and the Half Blood Prince,2009,0,Upscaled 4K,HDR09,"DTS:X, 7.1 DTS-HD MA",Harry Potter and the Goblet of Fire,7.7,哈利·波特与混血王子,,2025-03-23,0,
12444,Harry Potter and the Deathly Hallows Part 1,2010,0,Upscaled 4K,HDR10,"DTS: X, 7.1 DTS HD-MA",Harry Potter and the Chamber of Secrets,7.7,哈利·波特与死亡圣器（上）,,2025-03-23,0,
8989,Harry and the Hendersons,1987,1,Native 4K,HDR10,Dolby Vision,5.1 DTS-HD MA,6.1,大脚哈利,,,0,
33324,Harlan County USA,1976,1,Native 4K,TBC,TBC,"LPCM Mono (48kHz, 24-bit)",7.6,美国哈兰县,,,0,
2019,Hard Target,1993,1,Native 4K,HDR10,Dolby Vision,5.1 DTS-HD MA,6.5,终极标靶,,,0,
11782,Hard Boiled,1992,1,Native 4K,HDR10,Dolby Vision,2.0 DTS-HD MA,7.5,辣手神探,,,0,
30519,Happy Hell Night,1992,1,Native 4K,HDR10,Dolby Vision,TBC,4.9,幸运地狱夜,,,0,
512196,Happy Death Day 2U,2019,1,Native 4K,HDR10,Dolby Vision,5.1 DTS-HD MA,6.3,忌日快乐2,,,0,
440021,Happy Death Day,2017,1,Native 4K,HDR10,Dolby Vision,5.1 DTS-HD MA,6.7,忌日快乐,,,0,
60304,Hansel & Gretel: Witch Hunters,2013,0,Upscaled 4K,HDR,Dolby Vision,Dolby True-HD 5.1,6.1,韩赛尔与格蕾特：女巫猎人,,2026-09-11,0,
4929,Hang 'Em High,1968,1,Native 4K,HDR10,Dolby Vision,5.1 DTS-HD MA,6.9,吊人索,,,0,
8960,Hancock,2008,1,Native 4K,HDR10,"Dolby Atmos, True-HD 7.1",,6.4,全民超人汉考克,,,0,
858024,Hamnet,2025,1,Native 4K,HDR10,Dolby Vision,"Dolby Atmos, True-HD 7.1",7.7,哈姆奈特,,2026-08-28,0,
556574,Hamilton,2020,0,Upscaled 4K,HDR10,Dolby Vision,"Dolby Atmos, True-HD 7.1",7.9,汉密尔顿,,,0,
610253,Halloween Kills,2021,1,Native 4K,HDR10,Dolby Vision,"Dolby Atmos, True-HD 7.1",6.4,月光光心慌慌：杀戮,,,0,
10676,Halloween III: Season of the Witch,1982,1,Native 4K,HDR10,Dolby Vision,"Dolby Atmos, True-HD 7.1",5.3,月光光心慌慌3：女巫季节,,,0,
11281,Halloween II,1981,1,Native 4K,HDR10,Dolby Vision,"Dolby Atmos, True-HD 7.1",6.6,月光光心慌慌2,,,0,
11675,Halloween H20: Twenty Years Later,1998,1,Native 4K,HDR10,Dolby Vision,5.1 DTS-HD MA,6.0,月光光心慌慌7：20年之后,,,0,
616820,Halloween Ends,2022,1,Native 4K,HDR10,Dolby Vision,"Dolby Atmos, True-HD 7.1",6.0,月光光心慌慌：终结,,,0,
11361,Halloween 5: The Revenge of Michael Myers,1989,1,Native 4K,HDR10,Dolby Vision,"Dolby Atmos, True-HD 7.1",5.3,月光光心慌慌5：迈克尔的复仇,,,0,
11357,Halloween 4: The Return of Michael Myers,1988,1,Native 4K,HDR10,Dolby Vision,"Dolby Atmos, True-HD 7.1",6.2,月光光心慌慌4：迈克尔的回归,,,0,
948,Halloween,1978,1,Native 4K,HDR10,Dolby Vision,"DTS: X, 7.1 DTS-HD HR",7.6,月光光心慌慌,,2025-03-23,0,
11054,Hairspray,1988,1,Native 4K,HDR10,Dolby Vision,5.1 DTS-HD MA,6.8,发胶,,,0,
95114,Hack-O-Lantern,1988,1,Native 4K,HDR10,LPCM 2.0,,5.0,万圣节恐怖夜,,,0,
28671,Habit,1995,1,Native 4K,HDR10,Dolby Vision,5.1 DTS-HD MA,5.6,习性,,,0,
23452,Gurren Lagann The Movie: The Lights in the Sky are Stars,2009,0,Upscaled 4K,HDR10,"Dolby Atmos, True-HD 7.1",,7.9,天元突破红莲螺岩 剧场版 螺岩篇,,,0,
447365,Guardians of the Galaxy Vol. 3,2023,1,Native 4K,HDR10,"Dolby Atmos, True-HD 7.1",,7.9,银河护卫队3,,2025-03-23,0,
283995,Guardians of the Galaxy Vol. 2,2017,0,Upscaled 4K,HDR10,"Dolby Atmos, True-HD 7.1",Guardians of the Galaxy,7.6,银河护卫队2,,2025-03-23,0,
11688,Groove,2000,1,Native 4K,HDR10,Dolby Vision,5.1 DTS-HD MA,7.6,变身国王,,,0,
927,Gremlins,1984,1,Native 4K,HDR10,DTS-HD MA 5.1,,7.1,小精灵,,,0,
840464,Greenland 2: Migration,2026,1,Native 4K,HDR10,"Dolby Atmos, True-HD 7.1",,6.4,末日逃生2：迁移,,,0,
524047,Greenland,2020,1,Native 4K,HDR10,7.1 DTS-HD MA,,7.1,末日逃生,,2025-03-23,0,
490132,Green Book,2018,0,Upscaled 4K,HDR10,"Dolby Atmos, True-HD 7.1",,8.2,绿皮书,,2025-03-23,0,
621,Grease,1978,1,Native 4K,HDR10,Dolby Vision,Dolby TrueHD 5.1,7.4,油脂,,,0,
980489,Gran Turismo,2023,1,Native 4K,HDR10,Dolby Vision,"Dolby Atmos, True-HD 7.1",7.7,GT赛车：极速狂飙,,2025-03-23,0,
769,GoodFellas,1990,1,Native 4K,HDR,5.1 DTS-HD MA,,8.5,好家伙,,2026-04-12,0,
1119449,"Good Luck, Have Fun, Don't Die",2025,1,Native 4K,HDR10,Dolby Vision,"Dolby Atmos, True-HD 7.1",7.1,团战之夜,,,0,
1114967,Good Fortune,2025,1,Native 4K,HDR10,Dolby Vision,"Dolby Atmos, True-HD 7.1",6.8,好运连连,,,0,
1381027,Good Boy,2025,1,Native 4K,HDR10,Dolby Vision,5.1 DTS-HD MA,7.3,恶徒,,,0,
770,Gone with the Wind,1939,1,Native 4K,HDR10,Dolby Vision,TBC,7.9,乱世佳人,,,0,
658,Goldfinger,1964,1,Native 4K,HDR10,Dolby Vision,"Dolby Atmos, True-HD 7.1",7.4,007：金手指,,,0,
823464,Godzilla x Kong: The New Empire,2024,1,Native 4K,HDR10,Dolby Vision,"Dolby Atmos, True-HD 7.1",7.0,哥斯拉大战金刚2：帝国崛起,,2025-03-23,0,
399566,Godzilla vs. Kong,2021,1,Native 4K,HDR & HDR10+,Dolby Vision,"Dolby Atmos, TrueHD 7.1",7.5,哥斯拉大战金刚,,2025-03-23,0,
940721,Godzilla Minus One,2023,1,Native 4K,HDR10,Dolby Vision,"Dolby Atmos, True-HD 7.1",7.6,哥斯拉-1.0,,,0,
373571,Godzilla King of Monsters,2019,0,Upscaled 4K,HDR & HDR10+,Dolby Vision,"Dolby Atmos, TrueHD 7.1",6.7,哥斯拉2：怪兽之王,,2025-03-23,0,
124905,Godzilla,2014,0,Upscaled 4K,HDR10,"Dolby Atmos, TrueHD 7.1",,6.4,哥斯拉,,2026-03-15,0,
929,Godzilla,1998,1,Native 4K,HDR,"Dolby Atmos, TrueHD 7.1",,5.7,哥斯拉,,2026-09-11,0,
205584,Gods of Egypt,2016,0,Upscaled 4K,HDR10,"DTS: X, 7.1 DTS HD-MA",,5.7,神战：权力之眼,,,0,
1297842,GOAT,2026,0,Upscaled 4K,HDR10,Dolby Vision,"Dolby Atmos, True-HD 7.1",8.1,奇迹梦之队,,,0,
9430,Go,1999,1,Native 4K,HDR10,Dolby Vision,TBC,7.0,狗男女,,,0,
9665,Glory,1989,1,Native 4K,HDR10,"Dolby Atmos, TrueHD 7.1",,7.5,光荣战役,,,0,
450465,Glass,2019,1,Native 4K,HDR,"Dolby Atmos, TrueHD 7.1",,6.7,玻璃先生,,2026-09-11,0,
558449,Gladiator II,2024,1,Native 4K,HDR10,Dolby Vision,"Dolby Atmos, True-HD 7.1",6.6,角斗士2,,2026-05-17,0,
98,Gladiator,2000,1,Native 4K,HDR10,Dolby Vision,"DTS: X, 7.1 DTS HD-MA",8.2,角斗士,,2026-09-11,0,
330044,Girls,1980,1,Native 4K,TBC,2.0 DTS-HD MA,,4.2,女孩儿们,,,0,
9871,Ginger Snaps,2000,0,Upscaled 4K,HDR10,Dolby Vision,Dolby TrueHD 7.1,6.9,变种女狼,,,0,
3767,Gilda,1946,1,Native 4K,HDR10,Dolby Vision,LPCM Mono,7.5,吉尔达,,,0,
1712,Giant,1956,1,Native 4K,HDR10,2.0 DTS-HD MA,,7.6,巨人传,,,0,
967847,Ghostbusters: Frozen Empire,2024,1,Native 4K,HDR10,Dolby Vision,"Dolby Atmos, True-HD 7.1",6.4,超能敢死队：冰封之城,,2026-03-29,0,
425909,Ghostbusters: Afterlife,2021,0,Upscaled 4K,HDR10,Dolby Vision,"Dolby Atmos, TrueHD 7.1",7.3,超能敢死队：来世,,,0,
2978,Ghostbusters 2,1989,1,Native 4K,HDR,"Dolby Atmos, TrueHD 7.1",,6.6,捉鬼敢死队2,,,0,
43074,Ghostbusters,2016,0,Upscaled 4K,HDR,"Dolby Atmos, TrueHD 7.1",,5.3,超能敢死队,,,0,
620,Ghostbusters,1984,1,Native 4K,HDR,"Dolby Atmos, TrueHD 7.1",,7.5,捉鬼敢死队,,,0,
1330435,Ghost Killer,2024,0,Upscaled 4K,HDR10,Dolby Vision,"Dolby Atmos, True-HD 7.1",7.2,幽灵杀手,,,0,
315837,Ghost in the Shell,2017,0,Upscaled 4K,HDR10,"Dolby Atmos, TrueHD 7.1",,6.1,攻壳机动队,,,0,
9323,Ghost in the Shell,1995,1,Native 4K,HDR10,"Dolby Atmos, TrueHD 7.1",,7.9,攻壳机动队,,,0,
4816,Ghost Dog: The Way of the Samurai,1999,1,Native 4K,HDR10,5.1 DTS-HD MA,,7.3,鬼狗杀手,,,0,
251,Ghost,1990,1,Native 4K,HDR10,Dolby Vision,Dolby TrueHD 5.1,7.2,人鬼情未了,,,0,
783,Gandhi,1982,1,Native 4K,HDR10,"Dolby Atmos, TrueHD 7.1",,7.6,甘地传,,,0,
419430,Get Out,2017,0,Upscaled 4K,HDR,"DTS:X, DTS HD-MA 7.1",Get Him To The Greek,7.6,逃出绝命镇,,,0,
1485,Get Carter,1971,1,Native 4K,HDR10,Dolby Vision,2.0 DTS-HD MA,7.0,找到卡特,,,0,
453405,Gemini Man,2019,1,Native 4K,HDR10,Dolby Vision,"Dolby Atmos, True-HD 7.1",6.3,双子杀手,,,0,
782,Gattaca,1997,1,Native 4K,HDR10,"Dolby Atmos, True-HD 7.1",,7.6,千钧一发,,,0,
114281,Gator Bait 2: Cajun Justice,1988,1,Native 4K,HDR10,Dolby Vision,1.0 DTS-HD MA Mono,4.4,猎杀边缘2,,,0,
783,Gandhi,1992,1,Native 4K,HDR10,"Dolby Atmos, TrueHD 7.1",,7.6,甘地传,,,0,
783,Gandhi,1982,1,Native 4K,HDR10,"Dolby Atmos, True-HD 7.1",,7.6,甘地传,,,0,
18501,Gamer,2009,0,Upscaled 4K,HDR10,Dolby Vision,5.1 DTS-HD MA,5.7,天地逃生,,,0,
445571,Game Night,2018,0,Upscaled 4K,HDR10,Dolby Vision,5.1 DTS-HD MA,6.8,游戏之夜,,,0,
283601,Galveston,2018,0,Upscaled 4K,HDR10,5.1 DTS-HD MA,,6.1,加尔维斯顿,,,0,
926,Galaxy Quest,1999,1,Native 4K,HDR10,Dolby Vision,"Dolby Atmos, True-HD 7.1",7.1,惊爆银河系,,,0,
28893,Galaxy of Terror,1981,1,Native 4K,HDR10,Dolby Vision,2.0 DTS-HD MA,5.3,杀出银河系,,,0,
14869,G.I. Joe: The Rise of Cobra,2009,0,Upscaled 4K,HDR10,Dolby Vision,5.1 DTS-HD MA,5.8,特种部队Ⅰ：眼镜蛇的崛起,,,0,
10640,Futureworld,1976,1,Native 4K,HDR10,Dolby Vision,Lossless Mono,5.9,未来世界,,,0,
228150,Fury,2014,1,Native 4K,HDR10,"Dolby Atmos, True-HD 7.1",,7.5,狂怒,,,0,
786892,Furiosa: A Mad Max Saga,2024,1,Native 4K,HDR10,Dolby Vision,"Dolby Atmos, True-HD 7.1",7.4,疯狂的麦克斯：狂暴女神,,,0,
16085,Funny Girl,1968,1,Native 4K,HDR10,Dolby Vision,5.1 DTS-HD MA,7.1,妙女郎,,,0,
600,Full Metal Jacket,1987,1,Native 4K,HDR10,5.1 DTS-HD MA,,8.1,全金属外壳,,,0,
27073,Full Contact,1992,1,Native 4K,TBC,TBC,,6.8,侠盗高飞,,,0,
36282,Fudoh: The New Generation,1996,1,Native 4K,HDR10,5.1 DTS-HD MA,,6.6,新生代黑社会,,,0,
330457,Frozen II,2019,0,Upscaled 4K,HDR10,"Dolby Atmos, TrueHD 7.1",,7.2,冰雪奇缘2,,2025-03-23,0,
109445,Frozen,2013,0,Upscaled 4K,HDR10,"Dolby Atmos, TrueHD 7.1",,7.2,冰雪奇缘,,2025-03-23,0,
13675,Frosty the Snowman,1969,1,Native 4K,HDR10,5.1 DTS-HD MA,,6.9,圣诞雪人,,,0,
1379413,Frontier Crucible,2025,0,Upscaled 4K,HDR10,Dolby Vision,"Dolby Atmos, True-HD 7.1",6.5,熔炉边境,,,0,
657,From Russia with Love,1963,1,Native 4K,HDR10,Dolby Vision,"Dolby Atmos, True-HD 7.1",7.1,007：俄罗斯之恋,,,0,
11426,From Here to Eternity,1953,1,Native 4K,HDR10,Dolby Vision,"Dolby Atmos, TrueHD 7.1",7.3,乱世忠魂,,,0,
755,From Dusk Till Dawn,1996,1,Native 4K,HDR10,Dolby Vision,5.1 DTS-HD MA,7.0,杀出个黎明,,,0,
14510,From Beyond,1986,1,Native 4K,HDR10,5.1 DTS-HD MA,,6.5,活魔人,,,0,
11797,Fright Night,1985,1,Native 4K,HDR10,Dolby Vision,"Dolby Atmos, TrueHD 7.1",7.0,天师斗僵尸,,,0,
40350,Fright,1971,1,Native 4K,SDR,2.0 DTS-HD MA,Friends Seasons 1-10 (1994-2004),6.0,惊杀,,,0,
9725,Friday the 13th: Part II,1981,1,Native 4K,HDR10,Dolby Vision,5.1 DTS-HD MA,6.2,十三号星期五2,,,0,
13207,Friday the 13th,2009,0,Upscaled 4K,HDR10,Dolby Vision,5.1 DTS-HD MA,5.8,黑色星期五,,,0,
4488,Friday the 13th,1980,1,Native 4K,HDR10,Dolby Vision,5.1 DTS-HD MA,6.4,十三号星期五,,,0,
13416,Friday Night Lights,2004,0,Upscaled 4K,HDR10,"Dolby Atmos, TrueHD 7.1",,6.9,胜利之光,,,0,
56539,Friday Foster,1975,1,Native 4K,HDR10,Dolby Vision,2.0 DTS-HD MA,6.1,谍网女金刚,,,0,
573,Frenzy,1972,1,Native 4K,HDR10,2.0 DTS-HD MA,,7.1,狂凶记,,,0,
39927,Freeway II: Confessions of a Trickbaby,1999,1,Native 4K,HDR10,2.0 DTS-HD MA,,5.6,极速惊魂2：诡娃招供,,,0,
11229,Freeway,1996,1,Native 4K,HDR10,2.0 DTS-HD MA,,6.5,极速惊魂,,,0,
550988,Free Guy,2021,0,Upscaled 4K,HDR10,"Dolby Atmos, TrueHD 7.1",,7.4,失控玩家,,2025-03-23,0,
11284,Freddy's Dead: The Final Nightmare,1991,1,Native 4K,HDR10,"Dolby Atmos, True-HD 7.1",,5.3,猛鬼街6：弗莱迪之死,,,0,
979660,Freaky Tales,2024,1,Native 4K,HDR10,Dolby True-HD 7.1,,6.3,怪诞故事,,,0,
551804,Freaky,2020,1,Native 4K,HDR10,5.1 DTS-HD MA,,6.5,砍人快乐,,,0,
17796,Freaked,1993,1,Native 4K,HDR10,Dolby Vision,5.1 DTS-HD MA,6.2,怪人集团,,,0,
1062722,Frankenstein,2025,1,Native 4K,HDR10,Dolby Vision,"Dolby Atmos, True-HD 7.1",7.6,Frankenstein,,,0,
3035,Frankenstein,1931,1,Native 4K,HDR10,DTS-HD MA 2.0,,7.5,科学怪人,,,0,
27274,Frankenhooker,1990,1,Native 4k,HDR10,Dolby Vision,5.1 DTS-HD MA,6.3,科学怪妓,,,0,
12149,Frailty,2001,1,Native 4K,HDR10,Dolby Vision,"Dolby Atmos, True-HD 7.1",7.0,替天行道,,,0,
22048,Foxy Brown,1974,1,Native 4K,HDR10,Dolby Vision,2.0 DTS-HD MA,6.3,骚狐狸,,,0,
5,Four Rooms,1995,1,Native 4K,HDR10,Dolby Vision,5.1 DTS-HD MA,5.9,四个房间,,,0,
30689,Four Flies on Grey Velvet,1971,1,Native 4K,HDR10,Dolby Vision,2.0 DTS-HD MA,6.5,灰天鹅绒上的四只苍蝇,,,0,
15659,Foul Play,1978,1,Native 4K,HDR10,Dolby Vision,5.1 DTS-HD MA,6.3,小迷糊闯七关,,,0,
13,Forrest Gump,1994,1,Native 4K,HDR,Dolby Vision,"Dolby Atmos, TrueHD 7.1",8.5,阿甘正传,,2026-09-11,0,
359724,Ford v Ferrari,2019,0,Upscaled 4K,HDR10,"Dolby Atmos, TrueHD 7.1",,8.0,极速车王,,2025-03-23,0,
42251,Forbidden World,1982,1,Native 4K,HDR10,Dolby Vision,2.0 DTS-HD MA,5.3,怪体,,,0,
830,Forbidden Planet,1956,1,Native 4K,HDR10,Dolby Vision,5.1 DTS-HD MA,7.3,禁忌星球,,,0,
20423,For All Mankind,1989,1,Native 4K,HDR10,Dolby Vision,5.1 DTS-HD MA,7.8,为了全人类,,,0,
938,For a Few Dollars More,1965,1,Native 4K,5.1 DTS-HD MA,,,8.0,黄昏双镖客,,,0,
1788,Footloose,1984,1,Native 4K,HDR10,Dolby Vision,5.1 DTS-HD MA,6.7,浑身是劲,,,0,
517929,Fog City,2023,1,Native 4K,SDR,Dolby Digital 5.1,,5.4,雾城,,,0,
256591,Focus,2015,0,Upscaled 4K,HDR10,Dolby Vision,7.1 DTS-HD MA,6.9,焦点,,,0,
823219,Flow,2024,1,Native 4K,SDR,7.1 DTS-HD MA,,8.1,猫猫的奇幻漂流,,2026-04-17,0,
1126166,Flight Risk,2025,1,Native 4K,HDR10,"Dolby Atmos, True-HD 7.1",,5.9,插翅难飞,,2026-05-06,0,
169885,Flight of the Butterflies,2012,1,Native 4K,HDR10,"Dolby Atmos, True-HD 7.1",,6.2,帝王蝶的迁徙,,2026-09-11,0,
87502,Flight,2012,0,Upscaled 4K,HDR10,Dolby Vision,5.1 DTS-HD MA,6.9,迫降航班,,,0,
36837,FleshEater,1988,1,Native 4K,HDR10,DTS-HD MA 2.0 Mono,,4.8,厉鬼穿心,,,0,
3043,Flesh for Frankenstein,1973,1,Native 4K,HDR10,DTS-HD MA 2.0 Mono,,5.8,行尸走肉,,,0,
1551,Flatliners,1990,1,Native 4K,HDR10,Dolby Vision,5.1 DTS-HD MA,6.5,别闯阴阳界,,,0,
535,Flashdance,1983,1,Native 4K,HDR10,Dolby Vision,5.1 DTS-HD MA,6.5,闪电舞,,,0,
3604,Flash Gordon,1980,1,Native 4K,HDR10,Dolby Vision,5.1 DTS-HD MA,6.3,飞侠哥顿,,,0,
1228246,Five Nights at Freddy's 2,2025,1,Native 4K,Dolby Vision,"Dolby Atmos, True-HD 7.1",,6.6,玩具熊的五夜惊魂2,,,0,
507089,Five Nights at Freddy's,2023,1,Native 4K,HDR10,"Dolby Atmos, True-HD 7.1",,7.3,玩具熊的五夜惊魂,,,0,
26617,Five Easy Pieces,1970,1,Native 4K,HDR10,Dolby Vision,LPCM Mono,7.1,五支歌,,,0,
17809,Fist of Legend,1994,1,Native 4K,HDR10,Dolby Vision,5.1 DTS-HD MA,7.5,精武英雄,,,0,
369972,First Man,2018,0,Upscaled 4K,HDR,Dolby Vision,Dolby Atmos True-HD,7.0,登月第一人,,,0,
1368,First Blood,1982,1,Native 4K,HDR10,5.1 DTS-HD MA,,7.5,第一滴血,,,0,
31427,Fires on the Plain,1959,1,Native 4K,SDR,LPCM Mono,,7.6,野火,,,0,
15035,Fire and Ice,1983,1,Native 4K,HDR10,Dolby Vision,Dolby True-HD 7.1,6.7,火冰历险,,,0,
12,Finding Nemo,2003,0,Upscaled 4K,HDR10,"Dolby Atmos, TrueHD 7.1",,7.8,海底总动员,,,0,
127380,Finding Dory,2016,0,Upscaled 4K,HDR10,"Dolby Atmos, TrueHD 7.1",,7.0,海底总动员2：多莉去哪儿,,,0,
2114,Final Fantasy: The Spirits Within,2001,0,Upscaled 4K,HDR10,"Dolby Atmos, True-HD 7.1",,6.2,最终幻想：灵魂深处,,,0,
647,Final Fantasy VII: Advent Children,2005,0,Upscaled 4K,HDR10,"Dolby Atmos, True-HD 7.1",,7.2,最终幻想7：圣子降临,,,0,
2114,Final Fantasy,2005,0,Upscaled 4K,HDR10,"Dolby Atmos, TrueHD 7.1",,6.2,最终幻想：灵魂深处,,,0,
40469,Final Exam,1981,1,Native 4K,SDR,2.0 DTS-HD MA,,5.1,期末考试,,,0,
574475,Final Destination: Bloodlines,2025,1,Native 4K,HDR10,Dolby Vision,"Dolby Atmos, True-HD 7.1",7.0,死神来了6：血脉诅咒,,,0,
550,Fight Club,1999,1,Native 4K,HDR10,5.1 DTS-HD MA,,8.4,搏击俱乐部,,2026-08-29,0,
216015,Fifty Shades Grey,2015,0,Upscaled 4K,HDR10,"DTS: X, 7.1 DTS HD-MA",,5.9,五十度灰,,2026-09-11,0,
337167,Fifty Shades Freed,2018,0,Upscaled 4K,HDR10,"DTS: X, 7.1 DTS HD-MA",,6.7,五十度飞,,,0,
341174,Fifty Shades Darker,2017,0,Upscaled 4K,HDR10,"DTS: X, 7.1 DTS HD-MA",,6.5,五十度黑,,,0,
2323,Field of Dreams,1989,1,Native 4K,HDR10,"DTS: X, 7.1 DTS HD-MA",,7.1,梦幻之地,,,0,
9377,Ferris Bueller's Day Off,1986,1,Native 4K,HDR10,Dolby Vision,"Dolby Atmos, True-HD 7.1",7.6,春天不是读书天,,,0,
364689,Ferdinand,2017,0,Upscaled 4K,HDR10,"Dolby Atmos, True-HD 7.1",,7.2,公牛历险记,,2026-09-11,0,
8983,Felidae,1994,1,Native 4K,HDR10,Dolby Vision,2.0 DTS-HD MA,6.7,怪猫费力德,,,0,
91817,Fear No Evil,1981,1,Native 4K,HDR10,Dolby Vision,Lossless Mono,4.6,无惧邪恶,,,0,
39925,Fear in the Night,1972,1,Native 4K,HDR10,Dolby Vision,LPCM 2.0,5.8,夜惊魂,,,0,
1878,Fear and Loathing in Las Vegas,1998,1,Native 4K,HDR10,Dolby Vision,5.1 DTS-HD MA,7.2,恐惧拉斯维加斯,,,0,
10165,Fear and Desire,1952,1,Native 4K,HDR10,Dolby Vision,2.0 DTS-HD MA,5.4,恐惧与欲望,,,0,
337339,Fate of the Furious,2017,0,Upscaled 4K,HDR,Dolby Vision,"DTS: X, 7.1 DTS HD-MA",6.8,速度与激情8,,2025-03-23,0,
549514,Fatale,2020,1,Native 4K,HDR10,5.1 DTS-HD MA,,6.0,致命情人,,,0,
10998,Fatal Attraction,1987,1,Native 4K,HDR10,Dolby Vision,Dolby TrueHD 5.1,6.8,致命诱惑,,,0,
385687,Fast X,2023,0,Upscaled 4K,HDR10,Dolby Vision,"Dolby Atmos, True-HD 7.1",7.0,速度与激情10,,2026-09-12,0,
51497,Fast Five,2011,0,Upscaled 4K,HDR10,"DTS: X, 7.1 DTS-HD HR",,7.2,速度与激情5,,2026-09-11,0,
384018,Fast & Furious: Hobbs & Shaw,2019,0,Upscaled 4K,HDR10+,Dolby Vision,"Dolby Atmos, TrueHD 7.1",6.8,速度与激情：特别行动,,2025-03-23,0,
337339,Fast & Furious 8,2017,0,Upscaled 4K,HDR10,Dolby Vision,"DTS: X, 7.1 DTS-HD HR",6.8,速度与激情8,,2025-03-23,0,
82992,Fast & Furious 6,2013,0,Upscaled 4K,HDR,"DTS: X, 7.1 DTS-HD HR",,6.8,速度与激情6,,2025-03-23,0,
13804,Fast & Furious,2009,0,Upscaled 4K,HDR,"DTS: X, 7.1 DTS-HD HR",,6.7,速度与激情4,,2025-03-23,0,
29562,Fascination,1979,1,Native 4K,HDR10,Dolby Vision,LPCM Mono,6.1,魔力,,,0,
275,Fargo,1996,1,Native 4K,HDR10,Dolby Vision,5.1 DTS-HD MA,7.8,冰血暴,,,0,
10997,Farewell My Concubine,1993,1,Native 4K,SDR,5.1 DTS-HD MA,,7.9,霸王别姬,,2026-08-29,0,
11259,Far and Away,1992,1,Native 4K,HDR10,Dolby Vision,"Dolby Atmos, True-HD 7.1",6.8,大地雄心,,,0,
10315,Fantastic Mr. Fox,2009,0,Upscaled 4K,HDR10,Dolby Vision,5.1 DTS-HD MA,7.8,了不起的狐狸爸爸,,,0,
166424,Fantastic Four,2015,0,Upscaled 4K,HDR10,7.1 DTS-HD MA,,4.4,神奇四侠,,,0,
338953,Fantastic Beasts: The Secrets of Dumbledore,2022,1,Native 4K,HDR10,Dolby Vision,"Dolby Atmos, True-HD 7.1",6.6,神奇动物：邓布利多之谜,,2025-03-23,0,
338952,Fantastic Beasts: The Crimes of Grindelwald,2018,1,Native 4K,HDR10,Dolby Vision,"Dolby Atmos, TrueHD 7.1",6.8,神奇动物：格林德沃之罪,,2025-03-23,0,
259316,Fantastic Beasts And Where to Find Them,2016,1,Native 4K,HDR10,"Dolby Atmos, TrueHD 7.1",,7.3,神奇动物在哪里,,,0,
5854,Family Plot,1976,1,Native 4K,HDR10,DTS-HD Master Audio 2.0 Mono,Fallout: Season Two (2025-2026),6.8,大巧局,,,0,
106379,Fallout,2024,1,Native 4K,HDR10,Dolby Vision,"Dolby Atmos, True-HD 7.1",8.1,辐射,,,0,
37094,Falling Down,1993,1,Native 4K,HDR10,Dolby Vision,LPCM 2.0,7.4,城市英雄,,,0,
985939,Fall,2022,1,Native 4K,HDR10,"Dolby Atmos, TrueHD 7.1",,7.1,坠落,,2025-03-23,0,
40034,Fade to Black,1980,1,Native 4K,HDR10,Dolby Vision,2.0 DTS-HD MA,5.7,消逝于黑暗中,,,0,
1175174,Fackham Hall,2025,1,Native 4K,HDR10,5.1 DTS-HD MA,,6.7,趣塔德庄园,,,0,
15900,Faces of Death Part II,1981,1,Native 4K,HDR10,Dolby Vision,2.0 DTS-HD MA,4.1,死亡真面目2,,,0,
15901,Faces of Death III,1985,1,Native 4K,HDR10,Dolby Vision,DTS-HD MA Mono,3.8,死亡真面目3,,,0,
12237,Faces of Death,1978,1,Native 4K,HDR10,Dolby Vision,2.0 DTS-HD MA,4.6,死亡真面目,,,0,
754,Face/Off,1997,1,Native 4K,HDR10,Dolby Vision,5.1 DTS-HD MA,7.1,变脸,,2025-03-23,0,
385128,F9: The Fast Saga,2021,0,Upscaled 4K,HDR10+,Dolby Vision,"Dolby Atmos, TrueHD 7.1",7.0,速度与激情9,,2025-03-23,0,
911430,F1: The Movie,2025,1,Native 4K,HDR10,Dolby Vision,"Dolby Atmos, True-HD 7.1",7.8,F1：狂飙飞车,,,0,
31417,Eyes Without a Face,1960,1,Native 4K,TBC,LPCM Mono,,7.6,没有面孔的眼睛,,,0,
345,Eyes Wide Shut,1999,1,Native 4K,HDR10,Dolby Vision,5.1 DTS-HD MA,7.5,大开眼戒,,,0,
40474,Eyeball,1975,1,Native 4K,HDR10,Dolby Vision,LPCM 2.0 Mono,5.7,眼球,,,0,
9872,Explorers,1985,1,Native 4K,HDR10,Dolby Vision,5.1 DTS-HD MA,6.3,冲向天外天,,,0,
299054,Expend4bles,2023,1,Native 4K,HDR10,Dolby Vision,Dolby Atmos,6.0,敢死队4：最终章,,2025-03-23,0,
147441,Exodus: Gods and Kings,2014,0,Upscaled 4K,HDR10,7.1 DTS HD-MA,,5.9,法老与众神,,2025-03-23,0,
1946,eXistenZ,1999,1,Native 4K,HDR10,5.1 DTS-HD-MA,,6.8,感官游戏,,,0,
838209,Exhuma,2024,0,Upscaled 4K,HDR10,Dolby Vision,"Dolby Atmos, True-HD 7.1",7.7,破墓,,,0,
58311,Executioners,1993,1,Native 4K,SDR,5.1 DTS-HD MA,,5.9,现代豪侠传,,,0,
11527,Excalibur,1981,1,Native 4K,HDR10,Dolby Vision,5.1 DTS-HD MA,7.0,黑暗时代,,,0,
264660,Ex Machina,2015,1,Native 4K,HDR10,"DTS:X, 7.1 DTS-HD MA",,7.6,机械姬,,2026-09-11,0,
46342,Evilenko,2003,1,Native 4K,HDR10,5.1 DTS-HD-MA,,5.8,罗斯托夫的野兽,,,0,
4193,Evil Under the Sun,1982,1,Native 4K,HDR10,Dolby Vision,2.0 DTS-HD MA,6.9,阳光下的罪恶,,,0,
713704,Evil Dead Rise,2023,1,Native 4K,HDR10,Dolby Vision,"Dolby Atmos, True-HD 7.1",7.0,鬼玩人：崛起,,,0,
1212763,Evil Dead Burn,2026,1,Native 4K,HDR10,Dolby Vision,"Dolby Atmos, TrueHD 7.1",7.7,鬼玩人：炼狱,,,0,
765,Evil Dead 2,1987,1,Native 4K,HDR10,Dolby Vision,5.1 DTS-HD MA,7.5,鬼玩人2,,,0,
109428,Evil Dead,2013,0,Upscaled 4K,HDR10,Dolby Vision,5.1 DTS-HD-MA,6.7,鬼玩人,,,0,
545611,Everything Everywhere All At Once,2022,1,Native 4K,HDR10,Dolby Vision,"Dolby Atmos, TrueHD 7.1",7.7,瞬息全宇宙,,2025-03-23,0,
253412,Everest,2015,0,Upscaled 4K,HDR10,"Dolby Atmos, TrueHD 7.1",,6.8,绝命海拔,,2025-03-23,0,
8413,Event Horizon,1997,1,Native 4K,HDR10,Dolby Vision,Dolby TrueHD 5.1,6.6,黑洞表面,,,0,
283566,Evangelion: 3.0+1.11 Thrice Upon a Time,2021,0,Upscaled 4K,SDR,5.1 DTS-HD-MA,,8.2,福音战士新剧场版：终,,,0,
87503,Eugenie,1970,1,Native 4K,HDR10,Dolby Vision,Lossless Mono,4.9,露西妮,,,0,
524434,Eternals,2021,1,Native 4K,HDR10,"Dolby Atmos, TrueHD 7.1",,6.8,永恒族,,2025-03-23,0,
38,Eternal Sunshine of the Spotless Mind,2004,1,Native 4K,HDR10,Dolby Vision,5.1 DTS-HD MA,8.1,暖暖内含光,,,0,
107846,Escape Plan,2013,0,Upscaled 4K,HDR10,Dolby Vision,"Dolby Atmos, True-HD 7.1",6.7,金蝉脱壳,,2026-09-11,0,
1103,Escape From New York,1981,1,Native 4K,HDR10,Dolby Vision,5.1 DTS-HD MA,7.0,纽约大逃亡,,,0,
10061,Escape from L.A.,1996,1,Native 4K,HDR10,Dolby Vision,5.1 DTS-HD MA,5.9,洛杉矶大逃亡,,,0,
28799,Escape from Death,1989,1,Native 4K,HDR10,Dolby Vision,2.0 DTS-HD MA,5.2,Luna di sangue,,,0,
10734,Escape from Alcatraz,1979,1,Native 4K,HDR10,Dolby Vision,5.1 DTS-HD MA,7.5,逃出亚卡拉,,,0,
462,Erin Brockovich,2000,1,Native 4K,HDR10,Dolby Vision,Dolby TrueHD 5.1,7.4,永不妥协,,,0,
883865,Eric Clapton: The Lady in the Balcony - Lockdown Sessions,2021,1,Native 4K,HDR10,"Dolby Atmos, True-HD 7.1",,9.2,埃里克·克莱普顿：窗台少女 - 封城录音现场,,,0,
368692,Eric Clapton: Slowhand at 70 – Live at the Royal Albert Hall,2015,0,Upscaled 4K,HDR10,5.1 DTS-HD-MA,,6.6,埃里克·克莱普顿：慢手70 - 皇家亚伯特厅现场,,,0,
9268,Eraser,1996,1,Native 4K,HDR10,Dolby Vision,"Dolby Atmos, True-HD 7.1",6.1,蒸发密令,,2026-08-28,0,
1445363,Epic: Elvis Presley in Concert,2025,1,Native 4K,TBC,TBC,TBC,8.2,传奇：演唱的猫王,,,0,
17205,Enter the Ninja,1981,1,Native 4K,HDR10,Dolby Vision,5.1 DTS-HD MA,5.5,忍者大决斗,,,0,
9461,Enter the Dragon,1973,1,Native 4K,HDR10,"Dolby Atmos, True-HD 7.1",,7.4,龙争虎斗,,,0,
853,Enemy at the Gates,2001,1,Native 4K,HDR10,Dolby Vision,5.1 DTS-HD-MA,7.4,兵临城下,,,0,
40821,Endless Night,1972,1,Native 4K,SDR,2.0 DTS-HD MA,Ender’s Game Duplicate,6.1,无尽长夜,,,0,
80274,Ender's Game,2013,0,Upscaled 4K,HDR10,"Dolby Atmos, True-HD 7.1",,6.6,安德的游戏,,,0,
77016,End of Watch,2012,0,Upscaled 4K,HDR10,Dolby Vision,5.1 DTS-HD MA,7.4,警戒结束,,,0,
9946,End of Days,1999,1,Native 4K,HDR10,Dolby Vision,5.1 DTS-HD MA,6.1,魔鬼末日,,,0,
568124,Encanto,2021,1,Native 4K,HDR,"Dolby Atmos, TrueHD 7.1",,7.6,魔法满屋,,2025-03-23,0,
39412,Emmanuelle 3,1977,1,Native 4K,HDR10,2.0 DTS-HD MA,,4.6,艾曼纽3：再见艾曼纽,,,0,
28209,Emmanuelle 2,1975,1,Native 4K,HDR10,2.0 DTS-HD MA,,5.6,艾曼纽2：爱的教育,,,0,
24402,Emmanuelle,1974,1,Native 4K,HDR10,2.0 DTS-HD MA,,6.0,艾曼纽,,,0,
68724,Elysium,2013,1,Native 4K,HDR10,"Dolby Atmos, TrueHD 7.1",,6.5,极乐空间,,,0,
614934,Elvis,2022,1,Native 4K,HDR10+,Dolby Vision,"Dolby Atmos, True-HD 7.1",7.4,猫王,,2026-09-02,0,
5680,Elvira: Mistress of the Dark,1988,1,Native 4K,HDR10,Dolby Vision,2.0 DTS-HD MA,6.7,销魂天师,,,0,
22013,Elmer Gantry,1960,1,Native 4K,HDR10,Dolby Vision,2.0 DTS-HD MA,7.3,孽海痴魂,,,0,
4518,Elizabeth,1998,1,Native 4K,HDR10,5.1 DTS-HD MA,,7.2,伊丽莎白,,,0,
1022787,Elio,2025,1,Native 4K,HDR10,Dolby Vision,"Dolby Atmos, True-HD 7.1",6.9,地球特派员,,,0,
10719,Elf,2003,1,Native 4K,HDR10,5.1 DTS-HD MA,,6.7,圣诞精灵,,,0,
7289,"Eleven Days, Eleven Nights 2",1991,1,Native 4K,HDR10,Dolby Vision,TBC,4.8,十一天十一夜4,,,0,
976573,Elemental,2023,1,Native 4K,HDR10,"Dolby Atmos, TrueHD 7.1",,7.6,疯狂元素城,,2025-03-23,0,
9451,Election,1999,1,Native 4K,HDR10,Dolby Vision,Dolby TrueHD 5.1,6.9,校园风云,,,0,
6644,El Dorado,1966,1,Native 4K,HDR10,Dolby Vision,2.0 DTS-HD MA,7.4,龙虎盟,,,0,
82775,El,1953,1,Native 4K,SDR,LPCM Mono,,7.9,El circo,,,0,
86499,Effects,1980,1,Native 4K,HDR10,2.0 DTS-HD MA,,5.0,死亡导演,,,0,
162,Edward Scissorhands,1990,1,Native 4K,HDR10,Dolby Vision,"Dolby Atmos, True-HD 7.1",7.7,剪刀手爱德华,,,0,
137113,Edge Of Tomorrow,2014,0,Upscaled 4K,HDR10,"Dolby Atmos, TrueHD 7.1",,7.6,明日边缘,,2025-03-23,0,
648878,Eddington,2025,1,Native 4K,HDR10,Dolby Vision,"Dolby Atmos, True-HD 7.1",6.5,爱丁顿,,,0,
319888,Eddie the Eagle,2016,0,Upscaled 4K,HDR10,"Dolby Atmos, True-HD 7.1",,7.2,飞鹰艾迪,,,0,
24922,Ebola Syndrome,1996,1,Native 4K,HDR10,2.0 DTS-HD MA,,6.4,伊波拉病毒,,,0,
30062,Eaten Alive!,1980,1,Native 4K,HDR10,Lossless Mono,,5.5,活活生吞,,,0,
624,Easy Rider,1969,1,Native 4K,HDR10,5.1 DTS-HD MA,,7.0,逍遥骑士,,,0,
2252,Eastern Promises,2007,0,Upscaled 4K,HDR,Dolby Vision,5.1 DTS-HD MA,7.3,东方的承诺,,2026-09-20,0,
220,East of Eden,1955,1,Native 4K,HDR10,"Dolby Atmos, True-HD 7.1",,7.5,伊甸园之东,,,0,
121721,East End Hustle,1976,1,Native 4K,HDR10,2.0 DTS-HD MA,,4.3,艳女复仇,,,0,
11123,Earthquake,1974,1,Native 4K,HDR10,"Dolby Atmos, True-HD 7.1",,6.2,大地震,,,0,
464593,Earth: One Amazing Day,2017,1,Native 4K,HDR10,Dolby Vision,"Dolby Atmos, TrueHD 7.1",7.7,地球：神奇的一天,,2026-09-11,0,
387592,Early Man,2018,1,Native 4K,HDR10,Dolby Vision,"Dolby Atmos, TrueHD 7.1",6.1,无敌原始人,,,0,
601,E.T. The Extra-Terrestrial,1982,1,Native 4K,HDR10,"DTS:X, 7.1 DTS-HD MA",,7.5,E.T.外星人,,2026-09-11,0,
369552,Dynasties,2018,1,Native 4K,HDR10,"Dolby Atmos, True-HD 7.1",,7.1,爵迹,,2026-09-11,0,
5237,Dust Devil,1992,1,Native 4K,HDR10,Dolby Vision,5.1 DTS-HD MA,6.3,尘土恶魔,,,0,
1043197,Dust Bunny,2025,1,Native 4K,HDR10,"Dolby Atmos, True-HD 7.1",,6.7,尘兔,,,0,
16558,Duplicity,2009,1,Native 4K,HDR10,Dolby Vision,Dolby Digital 5.1,5.9,口是心非,,,0,
374720,Dunkirk,2017,1,Native 4K,HDR10,5.1 DTS-HD MA,Dungeons & Dragons: Honour Among Thieves,7.5,敦刻尔克,,,0,
90228,Dune: Prophecy,2024,1,Native 4K,HDR10,"Dolby Atmos, True-HD 7.1",,7.0,悠悠,,,0,
693134,Dune: Part Two,2024,1,Native 4K,HDR10,Dolby Vision,"Dolby Atmos, True-HD 7.1",8.1,沙丘2,,2025-03-23,0,
438631,Dune,2021,1,Native 4K,HDR10,Dolby Vision,"Dolby Atmos, True-HD 7.1",7.8,沙丘,,2025-03-23,0,
841,Dune,1984,1,Native 4K,HDR10,Dolby Vision,5.1 DTS-HD MA,6.2,沙丘,,,0,
329996,Dumbo,2019,0,Upscaled 4K,HDR,"Dolby Atmos, TrueHD 7.1",,6.6,小飞象,,2025-03-23,0,
839,Duel,1971,1,Native 4K,HDR10,Dolby Vision,"Dolby Atmos, True-HD 7.1",7.4,决斗,,,0,
66018,Drunken Master II,1994,1,Native 4K,HDR10,Dolby Vision,LPCM Mono,5.9,醉拳3,,,0,
476,Drugstore Cowboy,1989,1,Native 4K,TBC,LPCM 2.0,,7.1,迷幻牛郎,,,0,
27362,Drowning by Numbers,1988,1,Native 4K,HDR10,Dolby Vision,2.0 DTS-HD MA,7.0,逐个淹死,,,0,
4954,Drop Zone,1994,1,Native 4K,HDR10,Dolby Vision,5.1 DTS-HD MA,5.8,终极特区,,,0,
1249213,Drop,2025,1,Native 4K,HDR10,Dolby Vision,"Dolby Atmos, True-HD 7.1",6.3,隔空投送,,,0,
64690,Drive,2011,0,Upscaled 4K,HDR10,Dolby Vision,"Dolby Atmos, True-HD 7.1",7.6,亡命驾驶,,,0,
25571,Drive,1997,1,Native 4K,HDR10,Dolby Vision,"Dolby Atmos, True-HD 7.1",6.1,轰雷任务,,,0,
11033,Dressed to Kill,1980,1,Native 4K,HDR10,Dolby Vision,DTS-HD MA - Audio Mono,6.9,剃刀边缘,,,0,
49049,Dredd,2012,0,Upscaled 4K,HDR,Dolby Atmos True-HD,,6.9,特警判官,,2026-09-21,0,
12516,Dreams,1990,1,Native 4K,HDR10,2.0 DTS-HD MA,,7.8,梦,,,0,
442033,Dream Big: Engineering Our World,2017,1,Native 4K,HDR10,"Dolby Atmos, True-HD 7.1",,6.0,梦想之大：构建我们的世界,,,0,
848,Dragonslayer,1981,1,Native 4K,HDR10,Dolby Vision,"Dolby Atmos, True-HD 7.1",6.6,屠龙记,,,0,
21733,Dragons Forever,1988,1,Native 4K,HDR10,Dolby Vision,"Dolby Atmos, True-HD 7.1",7.2,飞龙猛将,,,0,
8840,DragonHeart,1996,1,Native 4K,HDR10,Dolby Vision,5.1 DTS-HD MA,6.6,龙之心,,,0,
10423,Dragon: The Bruce Lee Story,1993,1,Native 4K,HDR10,Dolby Vision,5.1 DTS-HD MA,6.9,李小龙传,,,0,
46124,Dragon Fist,1979,1,Native 4K,HDR10,Dolby Vision,LPCM Mono,6.3,龙拳,,,0,
610150,Dragon Ball Super: Super Hero,2022,0,Upscaled 4K,HDR10,Dolby Vision,"Dolby Atmos, True-HD 7.1",7.9,龙珠超：超级人造人,,,0,
16871,Drag Me to Hell,2009,1,Native 4K,HDR10,Dolby Vision,5.1 DTS-HD MA,6.5,堕入地狱,,,0,
22440,Dracula's Daughter,1936,1,Native 4K,HDR10,2.0 DTS-HD MA,,5.9,德古拉的女儿,,,0,
49017,Dracula Untold,2014,0,Upscaled 4K,HDR10,"DTS:X, 7.1 DTS-HD MA",,6.5,德古拉元年,,,0,
138,Dracula,1931,1,Native 4K,HDR10,DTS-HD MA 2.0 Mono,,7.2,德古拉,,,0,
26581,Dr. Who and the Daleks,1965,1,Native 4K,HDR10,Dolby Vision,2.0 DTS-HD MA,5.8,神秘博士与戴立克,,,0,
26811,Dr. Terror's House of Horrors,1965,1,Native 4K,HDR10,2.0 DTS-HD MA,Dr. Strangelove or: How I Learned to,6.5,活尸的城堡,,,0,
935,Stop Worrying and Love the Bomb,1964,0,HDR10,DTS-HD MA 2.0 Mono,,,8.1,奇爱博士,,,0,
935,Dr. Strangelove,1964,1,Native 4K,HDR10,Dolby Vision,5.1 DTS-HD MA,8.1,奇爱博士,,,0,
360920,Dr. Seuss' The Grinch,2018,0,Upscaled 4K,HDR10,Dolby Vision,"Dolby Atmos, True-HD 7.1",6.9,绿毛怪格林奇,,,0,
8871,Dr. Seuss' How the Grinch Stole Christmas,2000,1,Native 4K,HDR10,"DTS: X, 7.1 DTS HD-MA",,6.8,圣诞怪杰,,2026-09-11,0,
646,Dr. No,1962,1,Native 4K,HDR10,Dolby Vision,"Dolby Atmos, True-HD 7.1",7.0,007：诺博士,,,0,
115423,Dr. Jekyll and the Werewolf,1972,1,Native 4K,SDR,2.0 DTS-HD MA,,5.8,杰基尔博士与狼人,,,0,
35642,Dr. Caligari,1989,1,Native 4K,SDR,2.0 DTS-HD MA,,5.8,卡里加里博士,,,0,
1289936,Downton Abbey: The Grand Finale,2025,1,Native 4K,HDR10,Dolby Vision,"Dolby Atmos, True-HD 7.1",7.1,唐顿庄园：盛世终章,,,0,
820446,Downton Abbey: A New Era,2022,1,Native 4K,HDR10,Dolby Vision,"Dolby Atmos, True-HD 7.1",7.2,唐顿庄园2,,,0,
535544,Downton Abbey,2019,1,Native 4K,HDR10,Dolby Vision,"Dolby Atmos, True-HD 7.1",7.2,唐顿庄园,,,0,
301337,Downsizing,2017,0,Upscaled 4K,HDR,"DTS: X, 7.1 DTS HD-MA",,5.4,缩小人生,,2026-09-11,0,
10398,Double Jeopardy,1999,1,Native 4K,HDR10,Dolby Vision,5.1 DTS-HD MA,6.6,双重危机,,,0,
996,Double Indemnity,1944,1,Native 4K,HDR10,Dolby Vision,Mono (LPCM),8.1,双重赔偿,,,0,
9594,Double Impact,1991,1,Native 4K,HDR10,5.1 DTS-HD MA,,6.2,绝地双尊,,,0,
13460,Doomsday,2008,1,Native 4K,HDR10,Dolby Vision,,5.9,末日侵袭,,,0,
8814,Doom,2005,0,Upscaled 4K,HDR10,"DTS: X, 7.1 DTS-HD MA",,5.2,毁灭战士,,,0,
15875,Donovan's Reef,1963,1,Native 4K,HDR10,Dolby Vision,2.0 DTS-HD MA,6.2,珊岛乐园,,,0,
141,Donnie Darko,2001,1,Native 4K,HDR10,Dolby Vision,5.1 DTS-HD-MA,7.8,死亡幻觉,,,0,
619730,Don't Worry Darling,2022,1,Native 4K,HDR10,"Dolby Atmos, True-HD 7.1",,6.8,亲爱的别担心,,,0,
49361,Don't Torture a Duckling,1972,1,Native 4K,HDR10,Dolby Vision,LPCM Mono,7.3,别动酷刑,,,0,
931,Don't Look Now,1973,1,Native 4K,HDR10,Dolby Vision,LPCM Mono,6.9,威尼斯疑魂,,,0,
482373,Don't Breathe 2,2021,1,Native 4K,HDR10,"Dolby Atmos, True-HD 7.1",,7.0,屏住呼吸2,,,0,
26015,Don't Be Afraid of the Dark,1973,1,Native 4K,HDR10,Dolby Vision,2.0 DTS-HD MA,6.1,别怕黑夜,,,0,
448119,Dolittle,2020,0,Upscaled 4K,HDR10+,"Dolby Atmos, True-HD 7.1",,6.6,多力特的奇幻冒险,,,0,
38810,Dogtooth,2009,1,Native 4K,HDR10,Dolby Vision,5.1 DTS-HD MA,7.0,狗牙,,,0,
944401,DogMan,2023,1,Native 4K,HDR10,Dolby Vision,5.1 DTS-HD MA,7.8,狗神,,,0,
1832,Dogma,1999,1,Native 4K,HDR10,"Dolby Atmos, True-HD 7.1",,6.9,怒犯天条,,,0,
11880,Dog Soldiers,2002,1,Native 4K,HDR10,Dolby Vision,5.1 DTS-HD MA,6.7,闪灵战士,,,0,
495151,Doctor Who: Twice Upon a Time,2017,0,Upscaled 4K,HDR10,5.1 DTS-HD MA,,8.0,神秘博士：二如往昔,,,0,
453395,Doctor Strange in the Multiverse of Madness,2022,1,Native 4K,HDR10,"Dolby Atmos, True-HD 7.1",,7.2,奇异博士2：疯狂多元宇宙,,2025-03-23,0,
284052,Doctor Strange,2016,0,Upscaled 4K,HDR10,"Dolby Atmos, True-HD 7.1",,7.4,奇异博士,,2025-03-23,0,
501170,Doctor Sleep,2019,1,Native 4K,HDR10+,Dolby Vision,"Dolby Atmos, True-HD 7.1",7.1,睡梦医生,,,0,
453395,Doctor Strange in the Multiverse of Madness,2022,1,Native 4K,HDR10,"Dolby Atmos, True-HD 7.1",,7.2,奇异博士2：疯狂多元宇宙,,2025-03-23,0,
925,Do the Right Thing,1989,1,Native 4K,HDR10,"DTS:X, 7.1 DTS HD-MA",,7.8,为所应为,,,0,
10772,Django,1966,1,Native 4K,HDR,Dolby Vision,DTS-HD MA - Audio Mono,7.2,姜戈,,,0,
157350,Divergent,2014,0,Upscaled 4K,HDR10,"DTS:X, 7.1 DTS HD-MA",,6.9,分歧者：异类觉醒,,2026-09-11,0,
4485,Diva,1981,1,Native 4K,HDR10,Dolby Vision,2.0 DTS-HD MA,6.7,歌剧红伶,,,0,
17654,District 9,2009,0,Upscaled 4K,HDR10,"Dolby Atmos, TrueHD 7.1",,7.5,第九区,,,0,
376415,Disembodied,1998,1,Native 4K,HDR10,2.0 DTS-HD MA,,4.8,未知物,,,0,
1275779,Disclosure Day,2026,1,Native 4K,HDR10,Dolby Vision,"Dolby Atmos, True-HD 7.1",7.5,揭秘日,,2026-08-26,0,
14577,Dirty Work,1998,1,Native 4K,HDR10,Dolby Vision,5.1 DTS-HD MA,6.2,下流勾当,,,0,
984,Dirty Harry,1971,1,Native 4K,HDR10,"Dolby Atmos, True-HD 7.1",,7.5,肮脏的哈里,,,0,
291870,Dirty Grandpa,2016,0,Upscaled 4K,HDR10,Dolby Vision,"Dolby Atmos, True-HD 7.1",5.9,下流祖父,,,0,
88,Dirty Dancing,1987,1,Native 4K,HDR10,Dolby Vision,"Dolby Atmos, True-HD 7.1",7.3,辣身舞,,2026-09-12,0,
99922,Dirigible,1931,1,Native 4K,SDR,DTS-HD MA Mono,,5.5,飞艇,,,0,
934670,Dio: Dreamers Never Die,2022,1,Native 4K,SDR,5.1 DTS-HD MA,,7.7,迪奥：梦想者永不死,,,0,
1033148,Die My Love,2025,1,Native 4K,HDR10,5.1 DTS-HD MA,,6.1,去死吧，我的爱,,,0,
562,Die Hard,1988,1,Native 4K,HDR10,5.1 DTS-HD MA,,7.8,虎胆龙威,,,0,
681,Diamonds Are Forever,1971,1,Native 4K,HDR10,Dolby Vision,"Dolby Atmos, True-HD 7.1",6.4,007：金刚钻,,,0,
653851,Devotion,2022,1,Native 4K,HDR10,Dolby Vision,5.1 DTS-HD MA,7.1,忠诚,,,0,
1813,Devil's Advocate,1997,1,Native 4K,HDR10,Dolby Vision,5.1 DTS-HD MA,7.5,魔鬼代言人,,,0,
72648,Devil Times Five,1974,1,Native 4K,HDR10+,2.0 DTS-HD MA,,5.2,恶魔五人组,,,0,
8512,Devil in a Blue Dress,1995,1,Native 4K,HDR10,Dolby Vision,5.1 DTS-HD MA,6.5,蓝衣魔鬼,,,0,
44040,Devil,2010,1,Native 4K,HDR10,Dolby Vision,5.1 DTS-HD MA,6.1,电梯里的恶魔,,,0,
519182,Despicable Me 4,2024,0,Upscaled 4K,HDR10,Dolby Vision,"Dolby Atmos, True-HD 7.1",7.0,神偷奶爸4,,,0,
324852,Despicable Me 3,2017,0,Upscaled 4K,HDR10,Dolby Vision,"DTS:X, 7.1 DTS-HD MA",6.5,神偷奶爸3,,,0,
93456,Despicable Me 2,2013,0,Upscaled 4K,HDR10,Dolby Vision,"DTS: X, 7.1 DTS HD-MA",6.9,神偷奶爸2,,,0,
20352,Despicable Me,2010,0,Upscaled 4K,HDR10,Dolby Vision,"DTS: X, 7.1 DTS HD-MA",7.3,神偷奶爸,,2026-09-11,0,
14262,Desperate Living,1977,1,Native 4K,HDR10,LPCM Mono,,6.4,绝望生活,,,0,
8068,Desperado,1995,1,Native 4K,HDR10,Dolby Vision,5.1 DTS-HD MA,6.9,杀人三步曲,,,0,
39844,Deranged,1974,1,Native 4K,HDR10,Dolby Vision,2.0 DTS-HD MA,5.8,癫狂：恋尸狂的忏悔,,,0,
501977,Depraved,2019,1,Native 4K,HDR10,5.1 DTS-HD MA,,5.6,堕落,,,0,
604685,Den of Thieves 2: Pantera,2025,1,Native 4K,HDR10,Dolby Vision,"Dolby Atmos, True-HD 7.1",6.6,贼巢2：绝密战境,,2026-08-28,0,
449443,Den of Thieves,2018,0,Upscaled 4K,HDR10,Dolby Vision,"Dolby Atmos, True-HD 7.1",6.9,贼巢,,2026-05-04,0,
29315,Demonwarp,1988,1,Native 4K,HDR10,Dolby Vision,2.0 DTS-HD MA,4.1,毛怪惊情,,,0,
40342,Demons 2,1986,1,Native 4K,HDR10,Dolby Vision,5.1 DTS-HD MA,6.1,群尸屠城2,,,0,
14029,Demons,1985,1,Native 4K,HDR10,Dolby Vision,5.1 DTS-HD MA,6.6,群尸屠城,,,0,
635302,Demon Slayer - Kimetsu no Yaiba the Movie: Mugen Train,2020,0,Upscaled 4K,HDR10,TBC,,8.2,鬼灭之刃：无限列车篇,,,0,
117215,Demon Pond,1979,1,Native 4K,SDR,LPCM Mono,,6.6,夜叉池,,,0,
9739,Demolition Man,1993,1,Native 4K,HDR10,Dolby Vision,"Dolby Atmos, True-HD 7.1",6.8,越空狂龙,,,0,
28327,Delirium: Photo of Gioia,1987,1,Native 4K,HDR10,2.0 DTS-HD MA,,5.4,谵妄,,,0,
892,Delicatessen,1991,1,Native 4K,HDR10,Dolby Vision,5.1 DTS-HD MA,7.3,黑店狂想曲,,,0,
11607,DeepStar Six,1989,1,Native 4K,HDR10,Dolby Vision,5.1 DTS-HD MA,5.5,深海异形,,,0,
20126,Deep Red,1975,1,Native 4K,HDR10,Dolby Vision,2.0 DTS-HD MA,7.7,夜深血红,,,0,
8656,Deep Impact,1998,1,Native 4K,HDR10,Dolby Vision,Dolby TrueHD 5.1,6.3,天地大冲撞,,,0,
47007,Deep Crimson,1996,1,Native 4K,TBC,2.0 DTS-HD MA,,6.8,深深的腥红,,,0,
8914,Deep Blue Sea,1999,1,Native 4K,HDR10,Dolby Vision,"Dolby Atmos, True-HD 7.1",6.0,深海狂鲨,,,0,
705996,Decision to Leave,2022,1,Native 4K,HDR10,Dolby Vision,"Dolby Atmos, True-HD 7.1",7.3,分手的决心,,,0,
39557,Decision at Sundown,1957,1,Native 4K,HDR10,Dolby Vision,LPCM Mono,6.3,日落镇的决断,,,0,
28218,Deathstalker II,1987,1,Native 4K,HDR10,Dolby Vision,2.0 DTS-HD MA,5.7,圣剑屠魔2,,,0,
15895,Deathstalker,1983,1,Native 4K,HDR10,Dolby Vision,2.0 DTS-HD MA,4.8,圣剑屠魔,,,0,
38996,Deathdream,1974,1,Native 4K,HDR10,Dolby Vision,DTS-HD MA Mono,6.3,夜之死,,,0,
14373,Death Wish II,1982,1,Native 4K,HDR10,2.0 DTS-HD MA,,6.2,猛龙怪客2,,,0,
24873,Death Wish 3,1985,1,Native 4K,HDR10,Dolby Vision,5.1 DTS-HD MA,6.2,猛龙怪客3,,,0,
395990,Death Wish,2018,1,Native 4K,HDR10,Dolby Vision,5.1 DTS-HD MA,6.2,虎胆追凶,,2025-03-23,0,
13939,Death Wish,1974,1,Native 4K,HDR10,Dolby Vision,5.1 DTS-HD MA,6.9,猛龙怪客,,,0,
17466,Death Warrant,1990,1,Native 4K,HDR10,LPCM 2.0,,6.3,地下特警,,,0,
435500,Death Squad,1985,1,Native 4K,HDR10,Dolby Vision,2.0 DTS-HD MA,6.5,El escuadrón de la muerte,,,0,
31703,Death Ship,1980,1,Native 4K,HDR10,5.1 DTS-HD MA,,5.1,死亡船,,,0,
505026,Death on the Nile,2022,1,Native 4K,HDR10,"Dolby Atmos, True-HD 7.1",,6.4,尼罗河上的惨案,,2025-03-23,0,
4192,Death on the Nile,1978,1,Native 4K,HDR10,Dolby Vision,2.0 DTS-HD MA,7.2,尼罗河上的惨案,,,0,
1153714,Death of a Unicorn,2025,0,TBC,HDR10,Dolby Vision,"Dolby Atmos, True-HD 7.1",6.4,独角兽之死,,,0,
3581,Death Line,1972,1,Native 4K,HDR10,Dolby Vision,"Dolby Atmos, 5.1 DTS-HD MA",5.8,生肉,,,0,
9374,Death Becomes Her,1992,1,Native 4K,HDR10,Dolby Vision,5.1 DTS-HD MA,6.8,飞越长生,,,0,
567690,Dear Evan Hansen,2021,0,TBC,HDR10,TBC,,6.2,致埃文·汉森,,,0,
383498,Deadpool 2,2018,0,Upscaled 4K,HDR10,"Dolby Atmos, True-HD 7.1",,7.5,死侍2,,2025-03-23,0,
293660,Deadpool,2016,1,Native 4K,HDR10,"Dolby Atmos, True-HD 7.1",,7.6,死侍,,2026-03-29,0,
533535,Deadpool & Wolverine,2024,1,Native 4K,HDR10,Dolby Vision,"Dolby Atmos, True-HD 7.1",7.6,死侍与金刚狼,,2025-03-23,0,
46959,Deadly Games,1989,1,Native 4K,HDR10,2.0 DTS-HD MA,,6.0,圣诞顽童历险记,,,0,
33016,Deadly Blessing,1981,1,Native 4K,HDR10,Dolby Vision,TBC,5.5,停止呼吸,,,0,
79830,Deadlock,1970,1,Native 4K,HDR10,DTS-HD MA Mono,,6.2,致命枷锁,,,0,
14001,Dead Silence,2007,0,Upscaled 4K,HDR10,Dolby Vision,5.1 DTS-HD MA,6.5,死寂,,,0,
207,Dead Poets Society,1989,1,Native 4K,HDR10,Dolby Vision,"Dolby Atmos, True-HD 7.1",8.3,死亡诗社,,,0,
13581,Dead of Night,1945,0,TBC,HDR10,TBC,,7.2,死亡之夜,,,0,
46908,Dead Mountaineer's Hotel,1979,1,Native 4K,HDR10,Dolby Vision,TBC,6.3,逝去登山者的旅馆,,,0,
687,Dead Man,1995,1,Native 4K,TBC,2.0 DTS-HD MA,,7.3,死囚漫步,,,0,
40041,Dead Kids,1981,1,Native 4K,HDR10,Dolby Vision,DTS-HD MA Mono,5.5,陌生行为：死孩子,,,0,
40095,Dead Heat,1988,1,Native 4K,HDR10,DTS-HD MA 2.0 Mono,,6.2,丧尸特警,,,0,
11498,Dead Again,1991,1,Native 4K,TBC,TBC,,6.4,再续前世情,,,0,
24274,Dead & Buried,1981,1,Native 4K,HDR10,Dolby Vision,"Dolby Atmos, True-HD 7.1",6.4,盖棺了结,,,0,
539681,DC League of Super-Pets,2022,0,Upscaled 4K,HDR10,"Dolby Atmos, True-HD 7.1",,7.1,DC萌宠特遣队,,,0,
9571,Dazed and Confused,1993,1,Native 4K,HDR10,Dolby Vision,5.1 DTS-HD MA,7.3,年少轻狂,,,0,
2119,Days of Thunder,1990,1,Native 4K,HDR10,Dolby Vision,"Dolby Atmos, True-HD 7.1",6.4,霹雳男儿,,2025-03-23,0,
16642,Days of Heaven,1978,1,Native 4K,HDR10,Dolby Vision,5.1 DTS-HD MA,7.5,天堂之日,,,0,
35867,Days and Nights in the Forest,1970,1,Native 4K,SDR,LPCM Mono,,7.0,森林中的日与夜,,,0,
11228,Daylight,1996,1,Native 4K,HDR10,Dolby Vision,5.1 DTS-HD MA,6.1,十万火急,,2026-09-21,0,
19901,Daybreakers,2009,0,Upscaled 4K,HDR10+,Dolby Vision,"Dolby Atmos, True-HD 7.1",6.3,嗜血破晓,,,0,
8408,Day of the Dead,1985,1,Native 4K,HDR10,Dolby Vision,5.1 DTS-HD MA,7.0,活死人之日,,,0,
924,Dawn of the Dead,2004,0,TBC,HDR10,Dolby Vision,5.1 DTS-HD MA,7.1,活死人黎明,,,0,
668800,David Byrne's American Utopia,2020,1,Native 4K,SDR,5.1 DTS-HD MA,,7.5,大卫·伯恩的美国乌托邦,,,0,
46175,Daughters of Darkness,1971,1,Native 4K,HDR10,Dolby Vision,"Dolby Atmos, True-HD 7.1",6.2,暗夜之女,,,0,
9556,Darkman,1990,1,Native 4K,HDR10,Dolby Vision,5.1 DTS-HD MA,6.4,变形黑侠,,,0,
399404,Darkest Hour,2017,1,Native 4K,HDR10,"Dolby Atmos, True-HD 7.1",,7.4,至暗时刻,,2025-03-23,0,
65899,Dark Waters,1993,1,Native 4K,HDR10,2.0 DTS-HD MA,,5.7,暗水深处,,,0,
12205,Dark Water,2002,1,Native 4K,HDR10,Dolby Vision,5.1 DTS-HD MA,6.8,鬼水怪谈,,,0,
62213,Dark Shadows,2012,1,Native 4K,TBC,TBC,,6.1,黑暗阴影,,,0,
941516,Dark Night of the Scarecrow 2,2022,0,Upscaled 4K,HDR10,LPCM 2.0,,2.5,稻草人的黑夜2,,,0,
30931,Dark Night of the Scarecrow,1981,0,Upscaled 4K,HDR10,LPCM 5.1,,6.5,稻草人的黑夜,,,0,
2666,Dark City,1998,1,Native 4K,HDR10,Dolby Vision,"Dolby Atmos, True-HD 7.1",7.3,移魂都市,,2026-05-05,0,
19384,Dark Angel,1990,1,Native 4K,HDR10,Dolby Vision,5.1 DTS-HD MA,6.2,黑天使,,,0,
9619,Dante's Peak,1997,1,Native 4K,HDR10,Dolby Vision,Dolby Atmos,6.3,天崩地裂,,,0,
1285965,Dangerous Animals,2025,1,Native 4K,HDR10,Dolby Vision,5.1 DTS-HD MA,6.5,危险动物,,,0,
2994,Danger: Diabolik,1968,1,Native 4K,HDR10,Dolby Vision,5.1 DTS-HD MA,6.3,万能侠大显神通,,,0,
16387,Daleks' Invasion Earth: 2150 A.D.,1966,1,Native 4K,HDR10,Dolby Vision,LPCM 2.0 Mono,6.2,达莱克斯入侵地球,,,0,
16248,D.A.R.Y.L.,1985,1,Native 4K,HDR10,2.0 DTS-HD MA,,6.4,有情感的机器人,,,0,
270457,D-Day: Normandy 1944,2014,1,Native 4K,HDR10,5.1 DTS-HD MA,,6.9,登陆日：诺曼底1944,,,0,
21799,Cutting Class,1989,1,Native 4K,HDR10,LPCM 2.0 Mono,,5.0,禁入校园,,,0,
1408,Cutthroat Island,1995,1,Native 4K,HDR10,Dolby Vision,5.1 DTS-HD MA,5.8,割喉岛,,,0,
31593,Cutter's Way,1981,1,Native 4K,HDR10,Dolby Vision,DTS-HD MA Mono,6.5,终极手段,,,0,
167032,Curse of Chucky,2013,0,Upscaled 4K,HDR10,Dolby Vision,5.1 DTS-HD MA,6.0,鬼娃回魂6：鬼娃的诅咒,,,0,
12241,Curdled,1996,1,Native 4K,HDR10,Dolby Vision,5.1 DTS-HD MA,5.8,颤栗时刻,,,0,
10489,Cujo,1983,1,Native 4K,Dolby Vision,5.1 DTS-HD MA,,6.2,狂犬惊魂,,,0,
9768,Cry-Baby,1990,1,Native 4K,HDR10,Dolby Vision,5.1 DTS-HD MA,6.5,哭泣宝贝,,,0,
749274,Cry Macho,2021,0,Upscaled 4K,HDR10,5.1 DTS-HD-MA,,5.9,哭泣的男人,,,0,
27958,Cruising,1980,1,Native 4K,HDR10,Dolby Vision,5.1 DTS-HD MA,6.6,虎口巡航,,,0,
337404,Cruella,2021,0,Upscaled 4K,HDR10,"Dolby Atmos, True-HD 7.1",,8.0,黑白魔女库伊拉,,,0,
88527,Cruel Story of Youth,1960,1,Native 4K,SDR,LPCM Mono,,6.6,青春残酷物语,,,0,
146,"Crouching Tiger, Hidden Dragon",2000,1,Native 4K,HDR10,"Dolby Atmos, True-HD 7.1",Crouching Tiger Hidden Dragon: Sword of Destiny,7.4,卧虎藏龙,,2026-09-11,0,
27397,Crossing Delancey,1988,1,Native 4K,HDR10,Dolby Vision,2.0 DTS-HD MA,5.9,挡不住的来电,,,0,
10839,Cross of Iron,1977,1,Native 4K,HDR10,Dolby Vision,LPCM 2.0,7.1,铁十字勋章,,,0,
11655,Cronos,1992,1,Native 4K,HDR10,Dolby Vision,2.0 DTS-HD MA,6.7,魔鬼银爪,,,0,
9671,Crocodile Dundee: The Encore Cut,1986,1,Native 4K,HDR10,5.1 DTS-HD MA,,6.4,鳄鱼邓迪,,,0,
9396,Crocodile Dundee II,1988,0,TBC,TBC,TBC,,5.9,鳄鱼邓迪2,,,0,
201085,Crimson Peak,2015,0,Upscaled 4K,HDR10,Dolby Vision,"DTS:X, 7.1 DTS-HD MA",6.7,猩红山峰,,,0,
302156,Criminal,2016,0,Upscaled 4K,HDR10,5.1 DTS-HD MA,Criminal,6.2,超脑48小时,,,0,
819876,Crimes of the Future,2022,1,Native 4K,HDR10,Dolby Vision,5.1 DTS-HD MA,6.0,未来罪行,,,0,
1171145,Crime 101,2026,1,Native 4K,HDR10,Dolby Vision,TBC,7.0,洛杉矶劫案,,,0,
16288,Creepshow 2,1987,1,Native 4K,HDR10,Dolby Vision,5.1 DTS-HD MA,6.2,鬼作秀2,,,0,
16281,Creepshow,1982,1,Native 4K,HDR10,Dolby Vision,"Dolby Atmos, True-HD 7.1",6.9,鬼作秀,,,0,
677179,Creed III,2023,1,Native 4K,HDR10,Dolby Vision,"Dolby Atmos, True-HD 7.1",7.1,奎迪3,,,0,
10973,Creature from the Black Lagoon,1954,1,Native 4K,HDR10,2.0 DTS-HD MA,,6.8,黑湖妖潭,,,0,
455207,Crazy Rich Asians,2018,0,Upscaled 4K,HDR,5.1 DTS-HD MA,,7.0,摘金奇缘,,2025-03-23,0,
511987,Crawl,2019,1,Native 4K,HDR10,Dolby Vision,DTS-HD Master Audio 7.1,6.3,巨鳄风暴,,,0,
1948,Crank,2006,0,Upscaled 4K,HDR10,Dolby Vision,"Dolby Atmos, True-HD 7.1",6.7,怒火攻心,,2026-09-11,0,
49849,Cowboys & Aliens,2011,0,Upscaled 4K,SDR,5.1 DTS-HD-MA,,5.7,牛仔和外星人,,,0,
5620,Count Dracula,1970,1,Native 4K,HDR10,2.0 DTS-HD MA,,5.9,德古拉之夜,,,0,
59917,Cotton Comes to Harlem,1970,1,Native 4K,HDR10,Dolby Vision,2.0 DTS-HD MA,6.2,龙虎黑煞星,,,0,
40038,Corpse Mania,1981,1,Native 4K,HDR10,2.0 DTS-HD MA,,6.0,尸妖,,,0,
3933,Corpse Bride,2005,0,Upscaled 4K,HDR10,"Dolby Atmos, True-HD 7.1",,7.6,僵尸新娘,,,0,
14836,Coraline,2009,1,Native 4K,HDR10,Dolby Vision,"Dolby Atmos, True-HD 7.1",7.9,鬼妈妈,,,0,
903,Cool Hand Luke,1967,1,Native 4K,HDR10,2.0 DTS-HD MA,,7.7,铁窗喋血,,,0,
9584,Convoy,1978,1,Native 4K,HDR10,Dolby Vision,2.0 DTS-HD MA,6.3,大车队,,,0,
39538,Contagion,2011,1,Native 4K,HDR10,5.1 DTS-HD MA,,6.7,传染病,,,0,
539517,Constantine: City of Demons: The Movie,2018,0,Upscaled 4K,HDR10,5.1 DTS-HD-MA,,7.7,康斯坦丁：恶魔之城 电影版,,,0,
561,Constantine,2005,1,Native 4K,HDR10,Dolby Vision,"Dolby Atmos, True-HD 7.1",7.2,康斯坦丁,,2026-03-29,0,
27232,Conquest,1983,1,Native 4K,HDR10,Dolby Vision,2.0 DTS-HD MA,5.2,征服,,,0,
10329,Congo,1995,1,Native 4K,HDR10,Dolby Vision,5.1 DTS-HD MA,5.6,刚果惊魂,,,0,
9612,Coneheads,1993,1,Native 4K,HDR10,Dolby Vision,5.1 DTS-HD-MA,5.5,尖头外星族,,,0,
321741,Concussion,2015,0,Upscaled 4K,HDR10,"Dolby Atmos, True-HD 7.1",,7.1,震荡效应,,,0,
974576,Conclave,2024,1,Native 4K,HDR10,"Dolby Atmos, True-HD 7.1",,7.2,秘密会议,,2026-08-29,0,
9610,Conan the Destroyer,1984,1,Native 4K,HDR10,Dolby Vision,"Dolby Atmos, True-HD 7.1",6.1,毁灭者柯南,,,0,
9387,Conan The Barbarian,2011,0,Upscaled 4K,HDR10,Dolby Vision,"Dolby Atmos, True-HD 7.1",6.8,野蛮人柯南,,,0,
9387,Conan the Barbarian,1982,1,Native 4K,HDR10,Dolby Vision,"Dolby Atmos, True-HD 7.1",6.8,野蛮人柯南,,,0,
1084199,Companion,2025,1,Native 4K,HDR10,"Dolby Atmos, True-HD 7.1",,7.0,完美伴侣,,,0,
26259,Come Drink with Me,1966,1,Native 4K,HDR10,Dolby Vision,LPCM 2.0 Mono,6.7,大醉侠,,,0,
67772,"Come Back to the 5 & Dime, Jimmy Dean, Jimmy Dean",1982,1,Native 4K,HDR10,Dolby Vision,DTS-HD MA Mono,5.9,詹姆斯狄恩并发症,,,0,
1673,Comanche Station,1960,1,Native 4K,HDR10,Dolby Vision,LPCM Mono,6.7,蛮山野侠,,,0,
548473,Color Out of Space,2019,1,Native 4K,SDR,5.1 DTS-HD-MA,,6.1,星之彩,,2025-03-23,0,
1538,Collateral,2004,0,Upscaled 4K,HDR10,Dolby Vision,5.1 DTS-HD-MA,7.2,借刀杀人,,,0,
696393,Cold Storage,2026,1,Native 4K,TBC,5.1 DTS-HD MA,,6.8,绿液惊魂,,2026-08-28,0,
438650,Cold Pursuit,2019,0,Upscaled 4K,HDR,Dolby Vision,"Dolby Atmos, True-HD 7.1",5.9,冷血追击,,2026-09-11,0,
105085,Cold Eyes of Fear,1971,1,Native 4K,HDR10,Dolby Vision,LPCM Mono,4.7,万险千惊,,,0,
22021,Coffy,1973,1,Native 4K,HDR10,Dolby Vision,2.0 DTS-HD MA,6.6,科菲,,,0,
776503,CODA,2021,1,Native 4K,HDR10,Dolby Vision,"Dolby Atmos, True-HD 7.1",7.9,健听女孩,,2026-08-28,0,
354912,Coco,2017,0,Upscaled 4K,HDR10,"Dolby Atmos, True-HD 7.1",,8.2,寻梦环游记,,2025-03-23,0,
804150,Cocaine Bear,2023,1,Native 4K,HDR10,"Dolby Atmos, True-HD 7.1",,6.0,熊嗨了,,,0,
9874,Cobra,1986,1,Native 4K,HDR10,Dolby Vision,5.1 DTS-HD MA,6.2,浴血擒魔,,,0,
16769,Coal Miner's Daughter,1980,1,Native 4K,HDR10,Dolby Vision,"Dolby Atmos, True-HD 7.1",7.2,矿工的女儿,,,0,
9603,Clueless,1995,1,Native 4K,HDR10,Dolby Vision,5.1 DTS-HD MA,7.2,独领风骚,,,0,
15196,Clue,1985,1,Native 4K,HDR10,Dolby Vision,2.0 DTS-HD MA,7.2,妙探寻凶,,,0,
713364,Clown in a Cornfield,2025,1,Native 4K,TBC,5.1 DTS-HD MA,Cloverfield Collection,6.1,玉米地小丑,,,0,
83542,Cloud Atlas,2012,0,Upscaled 4K,HDR10,Dolby Vision,5.1 DTS-HD MA,6.9,云图,,,0,
840,Close Encounters of the Third Kind,1977,1,Native 4K,HDR10,5.1 DTS-HD-MA,,7.4,第三类接触,,,0,
48677,Cloak & Dagger,1984,1,Native 4K,HDR10,2.0 DTS-HD MA,Cliffhanger,6.4,小鬼奇兵,,,0,
9339,Click,2006,0,Upscaled 4K,HDR10,Dolby Vision,"Dolby Atmos, True-HD 7.1",6.3,人生遥控器,,2026-06-28,0,
635891,Clerks III,2022,1,Native 4K,HDR10,"Dolby Atmos, True-HD 7.1",,6.0,疯狂店员3,,,0,
9331,Clear and Present Danger,1994,1,Native 4K,HDR10,Dolby Vision,Dolby TrueHD 5.1,6.6,燃眉追击,,,0,
34145,Classe tous risques,1960,1,Native 4K,HDR10,Dolby Vision,LPCM Mono,7.0,冒一切风险的阶级,,,0,
10323,Clash of the Titans,2010,0,Upscaled 4K,HDR10,Dolby Vision,5.1 DTS-HD MA,6.9,诸神之战,,,0,
929590,Civil War,2024,1,Native 4K,HDR10,Dolby Vision,"Dolby Atmos, True-HD 7.1",6.8,美国内战,,2026-03-29,0,
42120,City on Fire,1987,1,Native 4K,HDR10,Dolby Vision,2.0 DTS-HD MA,7.0,龙虎风云,,,0,
24920,City of the Living Dead,1980,1,Native 4K,HDR10,Dolby Vision,2.0 DTS-HD MA,6.5,僵尸城市,,,0,
27601,Citizen Toxie: The Toxic Avenger IV,2000,1,Native 4K,HDR10,2.0 DTS-HD MA,,6.1,毒魔复仇4：公民毒魔,,,0,
15,Citizen Kane,1941,1,Native 4K,HDR10,Dolby Vision,LPCM (mono),8.0,公民凯恩,,,0,
27405,Circus of Horrors,1960,1,Native 4K,SDR,2.0 DTS-HD MA,,5.8,马戏团疑云,,,0,
23739,Circle of Iron,1978,1,Native 4K,HDR10,Dolby Vision,"Dolby Atmos, True-HD 7.1",5.5,沉默的长笛,,,0,
11216,Cinema Paradiso,1988,1,Native 4K,HDR10+,Dolby Vision,5.1 DTS-HD-MA (Italian),8.4,天堂电影院,,2026-09-11,0,
921,Cinderella Man,2005,0,Upscaled 4K,HDR10,Dolby Vision,"Dolby Atmos, True-HD 7.1",7.6,铁拳男人,,2025-03-23,0,
150689,Cinderella,2015,0,Upscaled 4K,HDR10,"Dolby Atmos, True-HD 7.1",,6.8,灰姑娘,,2026-09-11,0,
11224,Cinderella,1950,1,Native 4K,HDR10,5.1 DTS-HD MA,,7.1,仙履奇缘,,,0,
150689,Cinderella,2015,0,Upscaled 4K,HDR10,"Dolby Atmos, True-HD 7.1",,6.8,灰姑娘,,2026-09-11,0,
11104,Chungking Express,1994,1,Native 4K,SDR,5.1 DTS-HD MA,,8.0,重庆森林,,2026-09-11,0,
8769,Christine,1983,1,Native 4K,HDR10,"Dolby Atmos, True-HD 7.1",,6.9,克莉丝汀魅力,,,0,
9589,Christiane F.,1981,1,Native 4K,SDR,5.1 DTS-HD MA,,7.3,堕落街,,,0,
42086,Choose Me,1984,1,Native 4K,HDR10,Dolby Vision,LPCM Mono,6.1,选择我,,,0,
417644,CHiPS,2017,0,Upscaled 4K,HDR,,,6.1,加州公路巡警,,,0,
829,Chinatown,1974,1,Native 4K,HDR10,Dolby Vision,Dolby TrueHD 5.1,7.9,唐人街,,,0,
13295,China O'Brien,1990,1,Native 4K,HDR10,Dolby Vision,2.0 DTS-HD MA,5.0,罪恶判官续集,,,0,
20842,Children Shouldn't Play with Dead Things,1973,1,Native 4K,LPCM 2.0 Mono,,,5.3,孩子不能同鬼玩,,,0,
10823,Children of the Corn,1984,1,Native 4K,HDR10,Dolby Vision,5.1 DTS-HD MA,5.7,玉米田的小孩,,,0,
11187,Child's Play 3,1991,1,Native 4K,HDR10,Dolby Vision,"Dolby Atmos, True-HD 7.1",5.9,鬼娃回魂3,,,0,
11186,Child's Play 2,1990,1,Native 4K,HDR10,Dolby Vision,"Dolby Atmos, True-HD 7.1",6.4,鬼娃回魂2,,,0,
10585,Child's Play,1988,1,Native 4K,HDR10,Dolby Vision,"Dolby Atmos, True-HD 7.1",6.8,鬼娃回魂,,,0,
9982,Chicken Little,2005,0,Upscaled 4K,HDR10,"Dolby Atmos, True-HD 7.1",,5.9,四眼天鸡,,,0,
608558,Chernobyl,2019,1,Native 4K,HDR10,5.1 DTS-HD-MA,,8.0,Mother of Chernobyl,,,0,
1475215,Cheeky!,2000,1,Native 4K,HDR10+,5.1 DTS-HD MA,,N/A,Адтай дамшиг,,,0,
1234402,Cheech & Chong's Last Movie,2024,0,TBC,HDR10,TBC,,7.1,契奇和宗的最后一部电影,,,0,
4327,Charlie's Angels,2000,1,Native 4K,HDR10,"Dolby Atmos, True-HD 7.1",,5.9,霹雳娇娃,,,0,
6538,Charlie Wilson's War,2007,0,TBC,HDR10,Dolby Vision,TBC,6.5,查理·威尔森的战争,,2026-09-20,0,
4808,Charade,1963,1,Native 4K,TBC,LPCM Mono,Chappie,7.7,谜中谜,,,0,
412656,Chaos Walking,2021,1,Native 4K,HDR10,Dolby Vision,"Dolby Atmos, True-HD 7.1",6.5,混沌行走,,2025-03-23,0,
1537,Changing Lanes,2002,1,Native 4K,HDR10,Dolby Vision,5.1 DTS-HD MA,6.3,变线人生,,,0,
21588,Cemetery Man,1994,1,Native 4K,HDR10,Dolby Vision,"Dolby Atmos, True-HD 7.1",6.9,魔诫坟场,,,0,
1245993,Caught Stealing,2025,1,Native 4K,HDR10,Dolby Vision,"Dolby Atmos, True-HD 7.1",6.8,偷天盗日,,2026-05-06,0,
862491,Catwoman: Hunted,2022,0,Upscaled 4K,HDR10,5.1 DTS-HD-MA,,5.8,猫女：猎捕,,2026-03-29,0,
106774,Cathy's Curse,1977,1,Native 4K,HDR10+,2.0 DTS-HD MA,,4.8,妖女,,,0,
10364,Catch-22,1970,1,Native 4K,HDR10,Dolby Vision,5.1 DTS-HD MA,6.7,第二十二条军规,,,0,
640,Catch Me If You Can,2002,1,Native 4K,HDR10,Dolby Vision,5.1 DTS-HD MA,8.0,猫鼠游戏,,2026-05-05,0,
10552,Cat's Eye,1985,1,Native 4K,HDR10,Dolby Vision,5.1 DTS-HD MA,6.7,猫眼看人,,,0,
6217,Cat People,1982,1,Native 4K,HDR10,Dolby Vision,5.1 DTS-HD MA,6.1,豹人,,,0,
71116,Castle Rock,2018,0,Upscaled 4K,HDR10,5.1 DTS-HD MA,,5.5,网名之战,,,0,
28532,Castle of Blood,1964,1,Native 4K,HDR10,2.0 DTS-HD MA,,7.1,血魔传奇,,,0,
68822,Casque d'Or,1952,1,Native 4K,TBC,2.0 DTS-HD MA,,7.3,金盔,,,0,
8839,Casper,1995,1,Native 4K,HDR10,Dolby Vision,"Dolby Atmos, True-HD 7.1",6.3,鬼马小精灵,,,0,
36557,Casino Royale,2006,0,Upscaled 4K,HDR,Dolby Vision,5.1 DTS-HD-MA,7.6,007：大战皇家赌场,,2025-03-23,0,
524,Casino,1995,1,Native 4K,HDR10,"DTS:X, DTS-HD MA 7.1",,8.0,赌城风云,,2026-04-02,0,
289,Casablanca,1942,1,Native 4K,HDR10,2.0 DTS-HD MA,Cars 3,8.1,卡萨布兰卡,,,0,
920,Cars,2006,0,Upscaled 4K,HDR10,"Dolby Atmos, True-HD 7.1",,7.1,赛车总动员,,,0,
7340,Carrie,1976,1,Native 4K,HDR10,Dolby Vision,5.1 DTS-HD MA,7.3,魔女嘉莉,,,0,
36492,Carnal Knowledge,1971,1,Native 4K,HDR10,Dolby Vision,LPCM Mono,6.6,猎爱的人,,,0,
6075,Carlito's Way,1993,1,Native 4K,HDR10+,7.1 DTS-HD MA,,7.8,情枭的黎明,,,0,
16270,Career Opportunities,1991,1,Native 4K,HDR10,Dolby Vision,5.1 DTS-HD-MA,6.9,神采飞扬,,,0,
268531,Captain Underpants,2017,0,Upscaled 4K,HDR,"Dolby Atmos, True-HD 7.1",,6.3,内裤队长,,2026-09-11,0,
109424,Captain Phillips,2013,1,Native 4K,HDR10,Dolby Vision,"Dolby Atmos, True-HD 7.1",7.5,菲利普船长,,2025-03-23,0,
299537,Captain Marvel,2019,0,Upscaled 4K,HDR10,"Dolby Atmos, True-HD 7.1",,6.8,惊奇队长,,2025-03-23,0,
16905,Captain Blood,1935,1,Native 4K,TBC,LPCM Mono,,7.2,铁血将军,,,0,
100402,Captain America: The Winter Soldier,2014,0,Upscaled 4K,HDR10,"Dolby Atmos, True-HD 7.1",,7.7,美国队长2,,2025-03-23,0,
1771,Captain America: The First Avenger,2011,0,Upscaled 4K,HDR,"Dolby Atmos, True-HD 7.1",,7.0,美国队长,,2025-03-23,0,
271110,Captain America: Civil War,2016,0,Upscaled 4K,HDR10,"Dolby Atmos, True-HD 7.1",,7.5,美国队长3,,2025-03-23,0,
822119,Captain America: Brave New World,2025,1,Native 4K,HDR10,Dolby Vision,"Dolby Atmos, True-HD 7.1",6.0,美国队长4,,2026-09-11,0,
8689,Cannibal Holocaust,1980,1,Native 4K,HDR10+,Dolby Vision,2.0 DTS-HD MA,6.3,人食人实录,,,0,
8692,Cannibal Apocalypse,1980,1,Native 4K,SDR,5.1 DTS-HD MA,,5.5,食人狂,,,0,
565028,Candyman,2021,0,Upscaled 4K,HDR10,"Dolby Atmos, True-HD 7.1",,6.0,糖果人,,,0,
9529,Candyman,1992,1,Native 4K,HDR10,Dolby Vision,"Dolby Atmos, True-HD 7.1",6.7,糖果人,,,0,
40932,Can't Stop the Music,1980,1,Native 4K,SDR,5.1 DTS-HD MA,,4.9,停不了的音乐,,,0,
15037,Can't Hardly Wait,1998,1,Native 4K,HDR10,Dolby Vision,"Dolby Atmos, True-HD 7.1",6.2,等不及说爱你,,,0,
398818,Call Me by Your Name,2017,1,Native 4K,HDR10,Dolby Vision,5.1 DTS-HD MA,8.1,请以你的名字呼唤我,,2026-09-22,0,
9453,Caligula,1979,1,Native 4K,HDR10,Dolby Vision,5.1 DTS-HD MA,6.0,罗马帝国艳情史,,,0,
11547,Cabin Fever,2002,1,Native 4K,HDR10,Dolby Vision,"Dolby Atmos, True-HD 7.1",5.7,尸骨无存,,,0,
67740,"Butcher, Baker, Nightmare Maker",1982,1,Native 4K,HDR10,2.0 DTS-HD MA,Butch Cassidy And The Sundance Kid,6.5,杀手，厨娘，索命无常,,,0,
20770,But I'm a Cheerleader,1999,1,Native 4K,HDR10,Dolby Vision,Dolby TrueHD 5.1,7.1,啦啦队长,,,0,
24919,Burial Ground,1981,1,Native 4K,HDR10,Dolby Vision,2.0 DTS-HD MA,5.4,僵尸吃人之午夜恐惧,,,0,
42124,Burden of Dreams,1982,1,Native 4K,TBC,5.1 DTS-HD MA,,7.6,电影梦,,,0,
424783,Bumblebee,2018,0,Upscaled 4K,HDR10,Dolby Vision,"Dolby Atmos, True-HD 7.1",6.7,大黄蜂,,2025-03-23,0,
10723,Bulletproof,1996,1,Native 4K,HDR10,Dolby Vision,5.1 DTS-HD MA,5.8,防弹,,,0,
718930,Bullet Train,2022,1,Native 4K,HDR10,Dolby Vision,"Dolby Atmos, True-HD 7.1",7.4,杀手疾风号,,,0,
11909,Bullet in the Head,1990,1,Native 4K,HDR10,Dolby Vision,2.0 DTS-HD MA,7.6,喋血街头,,,0,
701387,Bugonia,2025,1,Native 4K,HDR10,"Dolby Atmos, True-HD 7.1",,7.3,拯救地球,,,0,
12526,Bug,2006,1,Native 4K,HDR10,Dolby Vision,5.1 DTS-HD MA,6.1,千疮百孔,,,0,
38438,Buffet Froid,1979,1,Native 4K,HDR10,Dolby Vision,TBC,7.1,冷餐,,,0,
87774,Bucktown,1975,1,Native 4K,HDR10,Dolby Vision,2.0 DTS-HD MA,5.8,巴克镇,,,0,
9707,Bubba Ho-Tep,2002,1,Native 4K,HDR10,Dolby Vision,5.1 DTS-HD MA,6.5,打鬼王,,,0,
102178,Brute Corps,1971,1,Native 4K,SDR,Lossless Mono,,4.8,野蛮兵团,,,0,
29512,Bruiser,2000,1,Native 4K,HDR10+,Dolby Vision,5.1 DTS-HD MA,5.5,无面人,,,0,
6312,Brotherhood of the Wolf,2001,1,Native 4K,HDR10,Dolby Vision,"Dolby Atmos, True-HD 7.1",6.7,狼族盟约,,,0,
457837,Brotherhood Of The Blades 2: The Infernal Battlefield,2017,0,Upscaled 4K,HDR10,"Dolby Atmos, True-HD 7.1",,6.8,绣春刀2：修罗战场,,2026-03-28,0,
142,Brokeback Mountain,2005,1,Native 4K,HDR10,Dolby Vision,5.1 DTS-HD MA,7.8,断背山,,,0,
8649,Bringing Out the Dead,1999,1,Native 4K,HDR10,Dolby Vision,"Dolby Atmos, True-HD 7.1",6.6,穿梭阴阳界,,,0,
11942,Bring Me the Head of Alfredo Garcia,1974,1,Native 4K,HDR10,Dolby Vision,2.0 DTS-HD MA,7.1,惊天动地抢人头,,,0,
1588,Bring It On,2000,1,Native 4K,HDR10,Dolby Vision,5.1 DTS-HD MA,6.3,魅力四射,,,0,
1151031,Bring Her Back,2025,1,Native 4K,HDR10,Dolby Vision,"Dolby Atmos, True-HD 7.1",7.3,复活她,,,0,
73116,Brimstone & Treacle,1982,1,Native 4K,HDR10,Dolby Vision,2.0 DTS-HD MA,5.9,硫磺石与蜜糖,,,0,
531309,Brightburn,2019,0,Upscaled 4K,HDR10,"Dolby Atmos, True-HD 7.1",Bright,6.2,魔童,,,0,
55721,Bridesmaids,2011,0,Upscaled 4K,HDR10,Dolby Vision,"Dolby Atmos, True-HD 7.1",6.5,伴娘,,,0,
18111,Bride of Re-Animator,1990,1,Native 4K,HDR10,Dolby Vision,LPCM 2.0,6.4,活跳尸2,,,0,
11932,Bride of Chucky,1998,1,Native 4K,HDR10,Dolby Vision,5.1 DTS-HD MA,6.1,鬼娃回魂4,,,0,
9270,Brick,2005,1,Native 4K,HDR10,Dolby Vision,5.1 DTS-HD MA,6.8,追凶,,,0,
1058,Breathless,1983,1,Native 4K,HDR10,Dolby Vision,DTS-HD MA Mono,5.9,断了气,,,0,
269,Breathless,1960,1,Native 4K,HDR10,Dolby Vision,LPCM Mono,7.5,精疲力尽,,,0,
514439,Breakthrough,2019,0,Upscaled 4K,HDR10+,DTS-HD MA 7.1,Breaking Bad,7.7,不可能的事,,,0,
2163,Breakdown,1997,1,Native 4K,HDR10,Dolby Vision,5.1 DTS-HD MA,6.9,悍将奇兵,,,0,
68,Brazil,1985,1,Native 4K,HDR10,Dolby Vision,2.0 DTS-HD MA,7.7,妙想天开,,,0,
398175,Brawl In Cell Block 99,2017,1,Native 4K,SDR,5.1 DTS-HD MA,,7.0,困斗99号囚室,,,0,
197,Braveheart,1995,1,Native 4K,HDR10,Dolby Vision,"Dolby Atmos, True-HD 7.1",7.9,勇敢的心,,2026-08-28,0,
62177,Brave,2012,0,Upscaled 4K,HDR10,Dolby Vision,"Dolby Atmos, True-HD 7.1",7.0,勇敢传说,,,0,
17905,Branded to Kill,1967,1,Native 4K,SDR,LPCM Mono,,7.2,杀手烙印,,,0,
6114,Bram Stoker's Dracula,1992,1,Native 4K,HDR10,Dolby Vision,"Dolby Atmos, True-HD 7.1",7.4,惊情四百年,,2026-09-11,0,
650,Boyz n the Hood,1991,1,Native 4K,HDR10,"Dolby Atmos, True-HD 7.1",,7.6,街区男孩,,,0,
650,Boyz n the Hood,1991,1,Native 4K,HDR10,Dolby Vision,"Dolby Atmos, True-HD 7.1",7.6,街区男孩,,,0,
63418,Boy Meets Girl,1984,1,Native 4K,HDR10,Dolby Vision,2.0 DTS-HD MA,6.7,男孩遇见女孩,,,0,
882059,Boy Kills World,2023,1,Native 4K,HDR10,"Dolby Atmos, True-HD 7.1",,6.7,灭世男孩,,2026-09-11,0,
22784,Boxcar Bertha,1972,1,Native 4K,HDR10,Dolby Vision,2.0 DTS-HD MA,5.8,冷血霹雳火,,,0,
11353,Bowfinger,1999,1,Native 4K,HDR10,Dolby Vision,5.1 DTS-HD MA,6.2,包芬格计划,,,0,
13685,Bottle Rocket,1996,1,Native 4K,HDR10,Dolby Vision,5.1 DTS-HD MA,6.7,瓶装火箭,,,0,
2604,Born on the Fourth of July,1989,1,Native 4K,HDR10,Dolby Vision,"Dolby Atmos, True-HD 7.1",7.0,生于七月四日,,,0,
365177,Borderlands,2024,1,Native 4K,HDR10,Dolby Vision,"Dolby Atmos, True-HD 7.1",5.5,无主之地,,,0,
4995,Boogie Nights,1997,1,Native 4K,HDR10,5.1 DTS-HD MA,,7.6,不羁夜,,,0,
791177,Bones and All,2022,1,Native 4K,HDR10,Dolby Vision,"Dolby Atmos, True-HD 7.1",7.0,骨及所有,,,0,
75628,Bona,1980,1,Native 4K,HDR10,Dolby Vision,2.0 DTS-HD MA Mono,6.6,伯娜,,,0,
424694,Bohemian Rhapsody,2018,0,Upscaled 4K,HDR10/HDR10+,"Dolby Atmos, True-HD 7.1",,8.0,波西米亚狂想曲,,2026-09-11,0,
89552,Bohachi Bushido: Code of the Forgotten Eight,1973,1,Native 4K,HDR10,2.0 DTS-HD MA,,6.6,忘八武士道,,,0,
4722,Body Snatchers,1993,1,Native 4K,HDR10,Dolby Vision,5.1 DTS-HD MA,6.2,异形基地,,,0,
32146,Body Parts,1991,1,Native 4K,HDR10,Dolby Vision,5.1 DTS-HD MA,5.9,支离人,,,0,
2149,Body of Evidence,1993,1,Native 4K,HDR10,Dolby Vision,2.0 DTS-HD MA,5.0,赤裸惊情,,,0,
14412,Body Heat,1981,1,Native 4K,HDR10,Dolby Vision,5.1 DTS-HD MA,7.0,体热,,,0,
11507,Body Double,1984,1,Native 4K,HDR10,Dolby Vision,"Dolby Atmos, True-HD 7.1",6.7,粉红色杀人夜,,,0,
520023,Bodies Bodies Bodies,2022,1,Native 4K,HDR10,Dolby Vision,"Dolby Atmos, True-HD 7.1",6.1,尸体游戏,,,0,
802219,Bob Marley: One Love,2024,1,Native 4K,HDR10,Dolby Vision,"Dolby Atmos, True-HD 7.1",6.6,鲍勃·马利：一份爱,,,0,
17381,BMX Bandits,1983,1,Native 4K,HDR10,Dolby Vision,2.0 DTS-HD MA,5.6,小子万岁,,,0,
27116,Bluebeard,1972,1,Native 4K,HDR10,Dolby Vision,Lossless Mono,5.4,蓝胡子,,,0,
793,Blue Velvet,1986,1,Native 4K,HDR10,Dolby Vision,5.1 DTS-HD MA,7.6,蓝丝绒,,,0,
6341,Blue Thunder,1983,1,Native 4K,HDR10,Dolby Vision,5.1 DTS-HD MA,6.2,蓝霹雳,,,0,
40955,Blue Sunshine,1977,1,Native 4K,HDR10,Dolby Vision,5.1 DTS-HD MA,5.7,蓝色阳光,,,0,
18228,Blue Hawaii,1961,1,Native 4K,HDR10,Dolby Vision,Dolby TrueHD 5.1,6.0,蓝色夏威夷,,,0,
565770,Blue Beetle,2023,1,Native 4K,HDR10,Dolby Vision,"Dolby Atmos, True-HD 7.1",6.6,蓝甲虫,,2026-03-29,0,
178,Blown Away,1994,1,Native 4K,HDR10,Dolby Vision,5.1 DTS-HD MA,6.2,零点爆破,,2026-06-07,0,
11644,Blow Out,1981,1,Native 4K,HDR10,Dolby Vision,2.0 DTS-HD MA,7.4,凶线,,,0,
121888,Bloody Psycho,1989,1,Native 4K,HDR10,Dolby Vision,DTS-HD MA Mono,4.8,血腥恐惧症,,,0,
34023,Bloodsucking Freaks,1976,1,Native 4K,HDR10,2.0 DTS-HD MA,,4.9,吸血怪魔,,,0,
338762,Bloodshot,2020,1,Native 4K,HDR10,"Dolby Atmos, True-HD 7.1",,6.7,喋血战士,,,0,
168705,BloodRayne,2005,1,Native 4K,HDR10,5.1 DTS-HD MA,,4.2,吸血莱恩,,,0,
3013,Bloodline,1979,1,Native 4K,SDR,2.0 DTS-HD MA,,4.9,朱门血痕,,,0,
11368,Blood Simple,1984,1,Native 4K,HDR10,Dolby Vision,5.1 DTS-HD MA,7.2,血迷宫,,,0,
353058,Blood Feast,2016,0,Upscaled 4K,HDR10,Dolby Vision,5.1 DTS-HD MA,3.9,血宴,,,0,
11072,Blazing Saddles,1974,1,Native 4K,HDR10,"Dolby Atmos, True-HD 7.1",,7.2,灼热的马鞍,,,0,
1305781,Blades of the Guardians,2026,0,Upscaled 4K,HDR10,Dolby Vision,"Dolby Atmos, True-HD 7.1",8.2,镖人：风起大漠,,2026-08-27,0,
78,Blade Runner: The Final Cut,1982,1,Native 4K,HDR10,"Dolby Atmos, True-HD 7.1",,7.9,银翼杀手,,2025-03-23,0,
335984,Blade Runner 2049,2017,1,Native 4K (3.4K),HDR10,"Dolby Atmos, True-HD 7.1",,7.6,银翼杀手2049,,,0,
78,Blade Runner,1982,1,Native 4K,HDR10,"Dolby Atmos, True-HD 7.1",,7.9,银翼杀手,,2025-03-23,0,
36647,Blade,1998,1,Native 4K,HDR10,"Dolby Atmos, True-HD 7.1",,6.9,刀锋战士,,,0,
487558,BlacKkKlansman,2018,1,Native 4K,HDR10,Dolby Vision,"Dolby Atmos, True-HD 7.1",7.5,黑色党徒,,2026-09-11,0,
201088,Blackhat,2015,0,Upscaled 4K,HDR10,Dolby Vision,5.1 DTS-HD MA,5.5,骇客交锋,,,0,
497698,Black Widow,2021,0,Upscaled 4K,HDR10,"Dolby Atmos, True-HD 7.1",,7.1,Black Widow,,,0,
27632,Black Sunday,1960,1,Native 4K,HDR10,DTS-HD MA Mono,,7.4,撒旦的面具,,,0,
13997,Black Sheep,1996,1,Native 4K,HDR10+,Dolby Vision,5.1 DTS-HD MA,6.1,黑羊,,,0,
465594,Black Sabbath: The End,2017,0,Upscaled 4K,SDR,5.1 DTS-HD MA,,7.7,黑色安息日：最后的最后,,,0,
1197137,Black Phone 2,2025,1,Native 4K,HDR10,Dolby Vision,"Dolby Atmos, True-HD 7.1",6.6,黑色电话2,,,0,
505642,Black Panther: Wakanda Forever,2022,1,Native 4K,HDR10,"Dolby Atmos, True-HD 7.1",,7.0,黑豹2,,2025-03-23,0,
284054,Black Panther,2018,0,Upscaled 4K,HDR10,Dolby Vision,"Dolby Atmos, True-HD 7.1",7.4,黑豹,,2025-03-23,0,
452830,Black Mirror,2011,1,Native 4K,,,,7.8,Black Mirror,,,0,
261023,Black Mass,2015,1,Native 4K,HDR10,Dolby Vision,5.1 DTS-HD MA,6.5,黑色弥撒,,,0,
59912,Black Magic Rites,1973,1,Native 4K,HDR10,Dolby Vision,LPCM Mono,4.3,再生魔,,,0,
855,Black Hawk Down,2001,1,Native 4K,HDR10,Dolby Vision,"Dolby Atmos, True-HD 7.1",7.4,黑鹰坠落,,2025-03-23,0,
855,Black Hawk Down,2001,1,Native 4K,HDR10,"Dolby Atmos, True-HD 7.1",,7.4,黑鹰坠落,,2025-03-23,0,
16938,Black Christmas,1974,1,Native 4K,HDR10,Dolby Vision,5.1 DTS-HD MA,7.0,黑色圣诞节,,,0,
22029,Black Caesar,1973,1,Native 4K,HDR10,Dolby Vision,2.0 DTS-HD MA,5.9,黑凯撒,,,0,
1233575,Black Bag,2025,1,Native 4K,HDR10,Dolby TrueHD 5.1,,6.4,黑袋行动,,,0,
436270,Black Adam,2022,1,Native 4K,HDR10,Dolby Vision,"Dolby Atmos, True-HD 7.1",6.8,黑亚当,,2025-03-23,0,
339408,Birth of a Nation,2016,0,Upscaled 4K,HDR10,5.1 DTS-HD MA,,6.6,一个国家的诞生,,,0,
10740,Birth,2004,1,Native 4K,HDR10,Dolby Vision,5.1 DTS-HD MA,6.1,重生,,,0,
495764,of One Harley Quinn),2020,1,Native 4K,HDR10+,Dolby Vision,"Dolby Atmos, True-HD 7.1",6.9,猛禽小队和哈莉·奎茵,,2025-03-23,0,
495764,Birds of Prey,2020,1,Native 4K,HDR10+,Dolby Vision,"Dolby Atmos, True-HD 7.1",6.9,猛禽小队和哈莉·奎茵,,2025-03-23,0,
11017,Billy Madison,1995,1,Native 4K,HDR10,Dolby Vision,5.1 DTS-HD MA,6.2,阿呆闯学堂,,,0,
293767,Billy Lynn's Long Halftime Walk,2016,1,Native 4K,HDR10,"Dolby Atmos, True-HD 7.1",,6.0,比利·林恩的中场战事,,2026-04-12,0,
1648,Bill & Ted's Excellent Adventure,1989,1,Native 4K,HDR10,Dolby Vision,5.1 DTS-HD-MA,6.8,比尔和泰德历险记,,,0,
1649,Bill & Ted's Bogus Journey,1991,1,Native 4K,HDR10,Dolby Vision,5.1 DTS-HD-MA,6.3,比尔和泰德畅游鬼门关,,,0,
501979,Bill & Ted Face the Music,2020,1,Native 4K,HDR10,Dolby Vision,5.1 DTS-HD MA,5.9,比尔和泰德寻歌记,,,0,
21717,Big Jake,1971,1,Native 4K,HDR10,Dolby Vision,Lossless Mono,6.8,大侠客,,,0,
177572,Big Hero 6,2014,0,Upscaled 4K,HDR10,"Dolby Atmos, True-HD 7.1",,7.7,超能陆战队,,,0,
587,Big Fish,2003,1,Native 4K,HDR10,"Dolby Atmos, True-HD 7.1",,7.7,大鱼,,,0,
5425,Beyond the Darkness,1979,1,Native 4K,HDR10,2.0 DTS-HD MA,,6.5,黑暗之外,,,0,
271404,Beyond Skyline,2017,0,Upscaled 4K,,,,5.3,天际浩劫2,,,0,
306,Beverly Hills Cop III,1994,1,Native 4K,HDR10,Dolby Vision,5.1 DTS-HD MA,5.9,比佛利山超级警探3,,,0,
96,Beverly Hills Cop II,1987,1,Native 4K,HDR,Dolby Vision,5.1 DTS-HD-MA,6.5,比佛利山超级警探2,,,0,
90,Beverly Hills Cop,1984,1,Native 4K,HDR10,Dolby Vision,5.1 DTS-HD-MA,7.2,比佛利山超级警探,,,0,
13667,Better Off Dead,1985,1,Native 4K,HDR10,Dolby Vision,5.1 DTS-HD MA,6.6,再见人生,,,0,
799766,Better Man,2024,0,Upscaled 4K,HDR10,Dolby Vision,"Dolby Atmos, True-HD 7.1",7.6,更好的我,,,0,
454527,Benedetta,2021,1,Native 4K,HDR10+,Dolby Vision,5.1 DTS-HD MA,6.6,圣母,,,0,
5157,Beneath the Valley of the Ultra-Vixens,1979,1,Native 4K,HDR10,2.0 DTS-HD MA,,5.3,身陷悍妇谷,,,0,
665,Ben-Hur,1959,1,Native 4K,HDR10,Dolby Vision,"Dolby Atmos, True-HD 7.1",7.9,宾虚,,,0,
12590,Below,2002,1,Native 4K,HDR10,Dolby Vision,5.1 DTS-HD MA,6.0,深层恐惧,,,0,
12888,Belly,1998,1,Native 4K,HDR10,Dolby Vision,"Dolby Atmos, True-HD 7.1",6.4,肚肚,,,0,
64847,Belladonna of Sadness,1973,1,Native 4K,HDR10,2.0 DTS-HD MA,,7.4,悲伤的贝拉多娜,,,0,
55347,Beginners,2010,1,Native 4K,HDR10,Dolby Vision,5.1 DTS-HD MA,6.8,初学者,,2026-07-22,0,
917496,Beetlejuice Beetlejuice,2024,1,Native 4K,HDR10,Dolby Vision,"Dolby Atmos, True-HD 7.1",6.9,怪奇大法师,,,0,
4011,Beetlejuice,1998,1,Native 4K,HDR10,"Dolby Atmos, True-HD 7.1",,7.4,阴间大法师,,,0,
258,Bed and Board,1970,1,Native 4K,HDR10,Dolby Vision,LPCM Mono,7.1,婚姻生活,,,0,
857800,Becoming Led Zeppelin,2025,1,Native 4K,HDR10,5.1 DTS-HD MA,,7.4,成为齐柏林飞艇,,,0,
321612,Beauty and the Beast,2017,0,Upscaled 4K,HDR10,Dolby Atmos,,7.0,美女与野兽,,,0,
10020,Beauty and the Beast,1991,0,Upscaled 4K,HDR10,"Dolby Atmos, True-HD 7.1",,7.7,美女与野兽,,,0,
339846,Baywatch,2017,0,Upscaled 4K,HDR10,"Dolby Atmos, True-HD 7.1",,6.1,海滩救护队,,2026-09-11,0,
148980,Battlestar Galactica,1978,1,Native 4K,HDR10,2.1 DTS-HD MA,,6.9,银河对决,,,0,
44833,Battleship,2012,0,Upscaled 4K,HDR10,"DTS:X, 7.1 DTS-HD MA",,5.9,超级战舰,,2026-09-11,0,
44943,Battle: Los Angeles,2011,1,Native 4K,,,,5.8,洛杉矶之战,,,0,
3176,Battle Royale,2000,1,Native 4K,HDR10,Dolby Vision,5.1 DTS-HD MA,7.3,大逃杀,,,0,
14460,Battle Beyond the Stars,1980,1,Native 4K,HDR10,Dolby Vision,5.1 DTS-HD MA,5.4,世纪争霸战,,,0,
69735,Batman: Year One,2011,0,Upscaled 4K,HDR10,5.1 DTS-HD MA,,7.3,蝙蝠侠：元年,,,0,
1010830,Batman: The Long Halloween,2022,0,Upscaled 4K,HDR10,5.1 DTS-HD MA,,7.1,蝙蝠侠：漫长的万圣节,,,0,
382322,Batman: The Killing Joke,2016,0,Upscaled 4K,HDR10,5.1 DTS-HD-MA,,6.6,蝙蝠侠：致命玩笑,,,0,
1003579,Batman: The Doom That Came to Gotham,2023,0,Upscaled 4K,HDR10,5.1 DTS-HD-MA,,6.7,蝙蝠侠：哥谭厄运,,,0,
732450,Batman: Soul of the Dragon,2021,0,Upscaled 4K,HDR10,5.1 DTS-HD-MA,,6.7,蝙蝠侠：龙之魂,,,0,
14919,Batman: Mask of the Phantasm,1993,1,Native 4K,HDR10,5.1 DTS-HD MA,,7.5,蝙蝠侠大战幻影人,,2026-03-29,0,
537056,Batman: Hush,2019,0,Upscaled 4K,HDR10,5.1 DTS-HD-MA,,7.2,蝙蝠侠：缄默,,,0,
471474,Batman: Gotham By Gaslight,2018,0,Upscaled 4K,HDR10,5.1 DTS-HD-MA,,6.7,蝙蝠侠：煤气灯下的哥谭,,,0,
242643,Batman: Assault on Arkham,2014,0,Upscaled 4K,HDR10,5.1 DTS-HD-MA,,7.3,蝙蝠侠：突袭阿卡姆,,,0,
581997,Batman vs. Teenage Mutant Ninja Turtles,2019,0,Upscaled 4K,HDR10,5.1 DTS-HD MA,,7.2,蝙蝠侠大战忍者神龟,,,0,
209112,Batman v Superman: Dawn of Justice,2016,1,Native 4K,HDR10,"Dolby Atmos, True-HD 7.1",,6.0,蝙蝠侠大战超人：正义黎明,,2026-03-29,0,
364,Batman Returns,1992,1,Native 4K,HDR10,"Dolby Atmos, True-HD 7.1",,7.0,蝙蝠侠归来,,2026-03-29,0,
1297763,Batman Ninja vs. Yakuza League,2025,0,Upscaled 4K,HDR10,Dolby Vision,5.1 DTS-HD MA,6.7,忍者蝙蝠侠大战极道联盟,,,0,
485942,Batman Ninja,2018,0,Upscaled 4K,HDR10,Dolby Vision,5.1 DTS-HD MA,5.9,忍者蝙蝠侠,,,0,
1560520,Batman Knightfall: Part 1,2026,1,Native 4K,HDR10,5.1 DTS-HD MA,,9.2,蝙蝠侠：骑士陨落 第一部：骑士陨落,,,0,
414,Batman Forever,1995,1,Native 4K,HDR10,"Dolby Atmos, True-HD 7.1",,5.5,永远的蝙蝠侠,,2026-03-29,0,
272,Batman Begins,2005,1,Native 4K,HDR,5.1 DTS-HD-MA,Batman and Superman: Battle of the,7.7,蝙蝠侠：侠影之谜,,2025-03-23,0,
886396,Super Sons,2022,0,Upscaled 4K,HDR10,5.1 DTS-HD-MA,,7.6,蝙蝠侠与超人：超凡双子之战,,,0,
408648,Batman And Harley Quinn,2017,0,Upscaled 4K,HDR10,5.1 DTS-HD-MA,,6.2,蝙蝠侠与哈莉·奎茵,,,0,
268,Batman,1989,1,Native 4K,HDR10,"Dolby Atmos, True-HD 7.1",,7.2,蝙蝠侠,,2026-03-29,0,
415,Batman & Robin,1997,1,Native 4K,HDR10,"Dolby Atmos, True-HD 7.1",,4.4,蝙蝠侠与罗宾,,2026-03-29,0,
549,Basquiat,1996,1,Native 4K,HDR10,Dolby Vision,5.1 DTS-HD MA,6.6,轻狂岁月,,,0,
334394,Baskin,2015,0,Upscaled 4K,HDR10,5.1 DTS-HD MA,,5.9,巴斯金,,,0,
27813,Basket Case,1982,1,Native 4K,HDR10,Dolby Vision,LPCM Mono,6.2,篮子里的恶魔,,,0,
402,Basic Instinct,1992,1,Native 4K,HDR10,Dolby Vision,5.1 DTS-HD MA,6.9,本能,,2025-03-23,0,
3175,Barry Lyndon,1975,1,Native 4K,HDR10,Dolby Vision,LPCM Mono,8.0,巴里·林登,,,0,
346698,Barbie,2023,1,Native 4K,HDR10,"Dolby Atmos, True-HD 7.1",,6.9,芭比,,2025-03-23,0,
913290,Barbarian,2022,1,Native 4K,HDR10,Dolby Vision,5.1 DTS-HD MA,6.9,野蛮人,,,0,
8069,Barbarella,1968,1,Native 4K,HDR10,Dolby Vision,"Dolby Atmos, True-HD 7.1",6.0,太空英雌芭芭丽娜,,,0,
11867,Barb Wire,1996,1,Native 4K,HDR10,Dolby Vision,5.1 DTS-HD MA,4.1,越空追击,,,0,
595813,Barb and Star Go to Vista Del Mar,2021,1,Native 4K,HDR10,Dolby Vision,5.1 DTS-HD MA,6.0,巴布与斯塔尔的维斯塔德尔玛之旅,,,0,
42459,Bang the Drum Slowly,1973,1,Native 4K,HDR10,Dolby Vision,Lossless Mono,6.1,战鼓轻悄,,,0,
541671,Ballerina,2025,1,Native 4K,HDR10,Dolby Vision,"Dolby Atmos, True-HD 7.1",7.3,疾速追杀：芭蕾杀姬,,,0,
113674,Bakterion,1982,1,Native 4K,HDR10,Dolby Vision,2.0 DTS-HD MA,4.2,裸爱,,,0,
446021,Bad Times at the El Royale,2018,1,Native 4K,HDR10/HDR10+,"Dolby Atmos, True-HD 7.1",,6.8,皇家酒店谋杀案,,,0,
338964,Bad Santa 2,2016,1,Native 4K,SDR,5.1 DTS-HD-MA,,5.4,圣诞坏公公2,,,0,
12143,Bad Lieutenant,1992,1,Native 4K,HDR10,Dolby Vision,5.1 DTS-HD MA,7.0,坏中尉,,,0,
573435,Bad Boys: Ride or Die,2024,1,Native 4K,HDR10,Dolby Vision,"Dolby Atmos, True-HD 7.1",7.3,绝地战警：生死与共,,2025-03-23,0,
8961,Bad Boys 2,2003,1,Native 4K,HDR10,"Dolby Atmos, True-HD 7.1",,6.7,绝地战警2,,2025-03-23,0,
9737,Bad Boys,1995,1,Native 4K,HDR10,"Dolby Atmos, True-HD 7.1",,6.8,绝地战警,,2025-03-23,0,
13633,Bad Boys,1983,1,Native 4K,HDR10,Dolby Vision,Lossless Mono,7.0,坏小子,,,0,
15991,Bad Biology,2008,1,Native 4K,HDR10,5.1 DTS-HD MA,,4.6,恐怖相亲,,,0,
1083381,Backrooms,2026,1,Native 4K,HDR10,Dolby Vision,"Dolby Atmos, True-HD 7.1",7.0,后室,,,0,
2924,Backdraft,1991,1,Native 4K,HDR10,"DTS:X, 7.1 DTS-HD MA",,6.7,回火,,,0,
196,Back to the Future Part III,1990,1,Native 4K,HDR10+,Dolby Vision,"Dolby Atmos, True-HD 7.1",7.5,回到未来3,,,0,
165,Back to the Future Part II,1989,1,Native 4K,HDR10+,Dolby Vision,"Dolby Atmos, True-HD 7.1",7.8,回到未来2,,,0,
105,Back to the Future,1985,1,Native 4K,HDR10+,Dolby Vision,"Dolby Atmos, True-HD 7.1",8.3,回到未来,,,0,
998846,Back to Black,2024,1,Native 4K,HDR10,"Dolby Atmos, True-HD 7.1",,6.7,回到黑暗,,2026-09-11,0,
1121575,Babylon 5: The Road Home,2023,0,Upscaled 4K,HDR10,5.1 DTS-HD MA,,7.1,巴比伦5号：归乡路,,,0,
615777,Babylon,2022,1,Native 4K,HDR10,Dolby Vision,"Dolby Atmos, True-HD 7.1",7.3,巴比伦,,,0,
1097549,Babygirl,2024,1,Native 4K,HDR10,Dolby Vision,"Dolby Atmos, True-HD 7.1",5.7,小心肝儿,,,0,
339403,Baby Driver,2017,0,Upscaled 4K,HDR10,"Dolby Atmos, True-HD 7.1",,7.4,极盗车神,,,0,
16161,Baby Boy,2001,1,Native 4K,HDR10,Dolby Vision,5.1 DTS-HD MA,7.1,宝贝男孩,,,0,
40258,Baby Blood,1990,1,Native 4K,SDR,2.0 DTS-HD MA,,5.7,血婴,,,0,
9447,Babe: Pig in the City,1998,1,Native 4K,HDR10,Dolby Vision,5.1 DTS-HD MA,5.7,小猪宝贝2：小猪进城,,,0,
9598,Babe,1995,1,Native 4K,HDR10,Dolby Vision,5.1 DTS-HD MA,6.3,小猪宝贝,,,0,
55689,Baba Yaga,1973,1,Native 4K,HDR10,2.0 DTS-HD MA,,5.5,芭芭·雅嘎,,,0,
987400,Aztec Batman: Clash of Empires,2025,0,Upscaled 4K,HDR10,5.1 DTS-HD MA,,7.6,阿兹特克蝙蝠侠：帝国冲突,,,0,
129,Away,2019,1,Native 4K,SDR,7.1 DTS-HD MA,,8.5,千与千寻,,,0,
11005,Awakenings,1990,1,Native 4K,HDR10,Dolby Vision,"Dolby Atmos, True-HD 7.1",7.8,无语问苍天,,,0,
468085,Awaken,2018,1,Native 4K,HDR10,Dolby Vision,7.1 DTS-HD MA,6.7,觉醒,,,0,
299536,Avengers: Infinity War,2018,0,Upscaled 4K,HDR10,"Dolby Atmos, True-HD 7.1",,8.2,复仇者联盟3：无限战争,,,0,
299534,Avengers: Endgame,2019,0,Upscaled 4K,HDR10,"Dolby Atmos, True-HD 7.1",,8.2,复仇者联盟4：终局之战,,2026-03-27,0,
99861,Avengers: Age of Ultron,2015,0,Upscaled 4K,HDR10,"Dolby Atmos, True-HD 7.1",,7.3,复仇者联盟2：奥创纪元,,2025-03-23,0,
24428,Avengers Assemble,2012,0,Upscaled 4K,HDR10,"Dolby Atmos, True-HD 7.1",,8.1,复仇者联盟,,2025-03-23,0,
76600,Avatar: The Way of Water,2022,1,Native 4K,HDR10,"Dolby Atmos, True-HD 7.1",,7.6,阿凡达：水之道,,2025-03-23,0,
83533,Avatar: Fire and Ash,2025,1,Native 4K,HDR10,Dolby Vision,"Dolby Atmos, True-HD 7.1",7.6,阿凡达：火与烬,,2026-08-28,0,
980431,Avatar Aang: The Last Airbender,2026,1,Native 4K,HDR10,Dolby Vision,"Dolby Atmos, True-HD 7.1",9.1,安昂传奇：最后的气宗,,,0,
19995,Avatar,2009,0,Upscaled 4K,HDR10,"Dolby Atmos, True-HD 7.1",,7.6,阿凡达,,2025-03-23,0,
16347,Auntie Mame,1958,1,Native 4K,HDR10,Dolby Vision,5.1 DTS-HD MA,7.0,欢乐梅姑,,,0,
11075,Audition,1999,1,Native 4K,HDR10,Dolby Vision,5.1 DTS-HD MA,7.1,切肤之爱,,,0,
341013,Atomic Blonde,2017,0,Upscaled 4K,HDR10,Dolby Vision,"DTS:X, 7.1 DTS-HD MA",6.4,极寒之城,,2026-09-11,0,
13715,At Close Range,1986,1,Native 4K,HDR10,Dolby Vision,2.0 DTS-HD MA,6.8,强盗爸爸,,,0,
25993,Asylum,1972,1,Native 4K,HDR10,Dolby Vision,2.0 DTS-HD MA,6.0,精神病院,,,0,
121856,Assassin’s Creed,2016,1,Native 4K,HDR10,"Dolby Atmos, True-HD 7.1",,5.4,刺客信条,,2025-03-23,0,
2898,As Good as It Gets,1997,1,Native 4K,HDR10,Dolby Vision,"Dolby Atmos, True-HD 7.1",7.4,尽善尽美,,,0,
329865,Arrival,2016,0,Upscaled 4K,HDR10,7.1 DTS HD-MA,,7.6,降临,,2025-03-23,0,
766,Army of Darkness,1992,1,Native 4K,HDR10,5.1 DTS-HD-MA,,7.3,鬼玩人3：魔界英豪,,,0,
490004,Arizona,2018,0,Upscaled 4K,HDR10,5.1 DTS-HD-MA,,5.4,亚利桑那,,,0,
68734,Argo,2012,1,Native 4K,HDR10,5.1 DTS-HD-MA,,7.3,逃离德黑兰,,2025-03-23,0,
555285,"Are You There God? It's Me, Margaret.",2023,1,Native 4K,HDR10,"Dolby Atmos, True-HD 7.1",,7.1,上帝在吗？我是玛格丽特,,,0,
804370,Arco,2025,1,Native 4K,HDR10,Dolby Vision,7.1 DTS-HD MA,7.5,时空奇旅,,,0,
94605,Arcane,2021,0,Upscaled 4K,HDR10,Dolby Vision,5.1 DTS-HD MA,7.7,De nacht van Aalbers,,,0,
1120025,Arbor Day,1990,1,Native 4K,HDR10,Dolby Vision,2.0 DTS-HD MA,N/A,植树劫,,,0,
23030,Arabesque,1966,1,Native 4K,HDR10,Dolby Vision,5.1 DTS-HD MA,6.3,谍海密码战,,,0,
572802,Aquaman and the Lost Kingdom,2023,1,Native 4K,HDR10,Dolby Vision,"Dolby Atmos, True-HD 7.1",6.5,海王2：失落的王国,,2025-03-23,0,
297802,Aquaman,2018,0,Upscaled 4K,HDR10,Dolby Vision,"Dolby Atmos, True-HD 7.1",6.9,海王,,2025-03-23,0,
828900,Aqua Teen Forever: Plantasm,2022,1,Native 4K,SDR,5.1 DTS-HD MA,,6.3,饮料杯历险记：草追人,,,0,
896,Apur Sansar,1959,1,Native 4K,SDR,LPCM Mono,,8.1,大树之歌,,,0,
24913,April Fool's Day,1986,1,Native 4K,HDR10,Dolby Vision,5.1 DTS-HD MA,6.0,恐怖愚人节,,,0,
568,Apollo 13,1995,1,Native 4K,HDR10,"DTS:X, 7.1 DTS-HD MA",,7.5,阿波罗13号,,2026-09-11,0,
28,Apocalypse Now,1979,1,Native 4K,HDR10,Dolby Vision,"Dolby Atmos, True-HD 7.1",8.3,现代启示录,,,0,
897,Aparajito,1956,1,Native 4K,SDR,LPCM Mono,,7.8,大河之歌,,,0,
1072790,Anyone But You,2023,1,Native 4K,HDR10,Dolby Vision,"Dolby Atmos, True-HD 7.1",6.8,只想爱你,,,0,
8916,Antz,1998,0,Upscaled 4K,HDR10,"DTS:X, 7.1 DTS-HD MA",,6.2,蚁哥正传,,,0,
256,Antoine and Colette,1962,1,Native 4K,HDR10,Dolby Vision,LPCM Mono,7.2,安托万与柯莱特,,,0,
125490,Antiviral,2012,1,Native 4K,HDR10,Dolby Vision,5.1 DTS-HD MA,5.9,病毒抗体,,,0,
5424,Anthropophagous,1980,1,Native 4K,HDR10,2.0 DTS-HD MA,,5.4,食尸人,,,0,
627290,Antebellum,2020,0,Upscaled 4K,HDR10,Dolby Vision,"Dolby Atmos, True-HD 7.1",6.3,内战前,,,0,
640146,Ant-Man and the Wasp: Quantumania,2023,1,Native 4K,HDR10,"Dolby Atmos, True-HD 7.1",,6.2,蚁人与黄蜂女：量子狂潮,,2025-03-23,0,
363088,Ant-Man and the Wasp,2018,0,Upscaled 4K,HDR10,Dolby Atmos True-HD,,6.9,蚁人2：黄蜂女现身,,2025-03-23,0,
102899,Ant-Man,2015,0,Upscaled 4K,HDR10,"Dolby Atmos, True-HD 7.1",,7.1,蚁人,,2025-03-23,0,
11595,Another 48 Hrs.,1990,1,Native 4K,HDR10,Dolby Vision,Dolby TrueHD 5.1,6.0,48小时闯天关,,,0,
1064213,Anora,2024,1,Native 4K,HDR10,5.1 DTS-HD MA,,7.1,阿诺拉,,,0,
300668,Annihilation,2018,1,Native 4K,HDR10,Dolby Vision,Dolby Atmos True-HD,6.5,湮灭,,2025-03-23,0,
196867,Annie,2014,1,Native 4K,,,,6.2,安妮：纽约奇缘,,,0,
15739,Annie,1982,1,Native 4K,HDR10,Dolby Vision,"Dolby Atmos, True-HD 7.1",6.5,安妮,,,0,
396422,Annabelle: Creation,2017,0,Upscaled 4K,HDR,,,6.6,安娜贝尔2：诞生,,,0,
250546,Annabelle,2014,0,Upscaled 4K,,,,5.8,安娜贝尔,,,0,
484641,Anna,2019,0,Upscaled 4K,HDR10,Dolby Vision,"Dolby Atmos, True-HD 7.1",6.7,安娜,,2026-04-12,0,
8469,Animal House,1978,1,Native 4K,HDR10,"DTS:-X, DTS-HD MA",Angels and Demons,7.0,动物屋,,,0,
15916,Angel's Egg,1985,1,Native 4K,HDR10,"Dolby Atmos, True-HD 7.1",,7.7,天使之卵,,,0,
29851,Angel of H.E.A.T.,1983,1,Native 4K,HDR10,Dolby Vision,DTS-HD MA Mono,3.8,"Angel of H.E.A.T. — The Protectors, Book #1",,,0,
635,Angel Heart,1987,1,Native 4K,HDR10,Dolby Vision,5.1 DTS-HD MA,7.1,天使之心,,,0,
423204,Angel Has Fallen,2019,1,Native 4K,HDR10,Dolby Vision,"Dolby Atmos, True-HD 7.1",6.6,天使陷落,,2025-03-23,0,
1364608,Anemone,2025,1,Native 4K,HDR10,Dolby Vision,"Dolby Atmos, True-HD 7.1",5.9,银莲花,,,0,
1304367,Andrea Bocelli: The Celebration 30th Anniversary,2024,1,Native 4K,SDR,5.1 DTS-HD MA,,5.8,安德烈·波切利:传奇30载演唱会,,,0,
51992,And Soon the Darkness,1970,1,Native 4K,SDR,2.0 DTS-HD MA,,6.5,黑暗将至,,,0,
8699,Anchorman: The Legend of Ron Burgundy,2004,1,Native 4K,HDR10,Dolby Vision,5.1 DTS-HD MA,6.7,王牌播音员,,,0,
93,Anatomy of a Murder,1959,1,Native 4K,HDR10,"Dolby Atmos, True-HD 7.1",,7.8,桃色血案,,,0,
1234731,Anaconda,2025,1,Native 4K,HDR10,Dolby Vision,"Dolby Atmos, True-HD 7.1",5.8,新狂蟒之灾,,,0,
18174,An Inspector Calls,1954,1,Native 4K,HDR10+,Dolby Vision,LPCM 2.0 Mono,7.2,探长来访,,,0,
814,An American Werewolf in London,1981,1,Native 4K,HDR10,Dolby Vision,5.1 DTS-HD-MA,7.4,美国狼人在伦敦,,,0,
664469,Amsterdam,2022,1,Native 4K,HDR10,"Dolby Atmos, True-HD 7.1",,6.1,阿姆斯特丹,,,0,
673309,American Underdog,2021,1,Native 4K,HDR10,Dolby Vision,"Dolby Atmos, True-HD 7.1",7.1,美国草根：库尔特·华纳的故事,,,0,
190859,American Sniper,2014,0,Upscaled 4K,HDR10,"Dolby Atmos, True-HD 7.1",,7.4,美国狙击手,,2025-03-23,0,
1359,American Psycho,2000,1,Native 4K,HDR10,Dolby Vision,"Dolby Atmos, True-HD 7.1",7.4,美国精神病人,,2026-09-11,0,
2770,American Pie 2,2001,1,Native 4K,HDR10,Dolby Vision,5.1 DTS-HD MA,6.3,美国派2,,,0,
2105,American Pie,1999,1,Native 4K,HDR10,Dolby Vision,5.1 DTS-HD MA,6.6,美国派,,,0,
14242,American Movie,1999,1,Native 4K,HDR10,Dolby Vision,2.0 DTS-HD MA,7.5,导演狂想曲,,,0,
337170,American Made,2017,0,Legacy,Upscaled 4K,HDR10,"DTS:X, 7.1 DTS-HD MA",6.9,美国行动,,2026-09-11,0,
168672,American Hustle,2013,1,Native 4K,HDR10,Dolby Vision,"Dolby Atmos, True-HD 7.1",6.9,美国骗局,,2026-03-26,0,
838,American Graffiti,1973,1,Native 4K,HDR10,5.1 DTS-HD MA,,7.1,美国风情画,,,0,
2768,American Gigolo,1980,1,Native 4K,HDR10,Dolby Vision,5.1 DTS-HD MA,6.2,美国舞男,,,0,
4982,American Gangster,2007,1,Native 4K,HDR10+,"DTS:X, 7.1 DTS-HD MA",,7.6,美国黑帮,,,0,
415842,American Assassin,2017,0,Upscaled 4K,HDR10,Dolby Vision,"Dolby Atmos, True-HD 7.1",6.4,美国刺客,,,0,
763285,Ambulance,2022,1,Native 4K,HDR10,Dolby Vision,"Dolby Atmos, True-HD 7.1",6.6,亡命救护车,,,0,
279,Amadeus,1984,1,Native 4K,HDR10,5.1 DTS-HD MA,,8.0,莫扎特传,,2026-08-29,0,
11542,Altered States,1980,1,Native 4K,HDR10,Dolby Vision,5.1 DTS-HD MA,6.7,灵魂大搜索,,,0,
1309012,Altered,2025,1,Native 4K,HDR10,Dolby Vision,"Dolby Atmos, True-HD 7.1",5.6,改造,,,0,
8072,Alphaville,1965,1,Native 4K,HDR10,Dolby Vision,2.0 DTS-HD-MA,6.9,阿尔法城,,,0,
222936,Aloha,2015,1,Native 4K,5.1 DTS-HD-MA,,,5.5,阿罗哈,,,0,
786,Almost Famous,2000,1,Native 4K,HDR10,Dolby Vision,5.1 DTS-HD MA,7.5,几近成名,,,0,
33518,Alligator,1980,1,Native 4K,HDR10,Dolby Vision,2.0 DTS-HD-MA,6.0,大鳄鱼,,,0,
369885,Allied,2016,1,Native 4K,HDR10,5.1 DTS-HD-MA,,6.8,间谍同盟,,,0,
262504,Allegiant,2016,1,Native 4K,HDR10,"Dolby Atmos, True-HD 7.1",,6.1,分歧者3：忠诚世界,,2026-09-11,0,
56590,All-Star Superman,2011,0,Upscaled 4K,HDR10,5.1 DTS-HD MA,,6.9,全明星超人,,,0,
891,All the President's Men,1976,1,Native 4K,HDR10,Dolby Vision,2.0 DTS-HD MA,7.7,总统班底,,,0,
25430,All the King's Men,1949,1,Native 4K,HDR10,Dolby Vision,2.0 DTS-HD MA,7.0,当代奸雄,,,0,
49046,All Quiet on the Western Front,2022,1,Native 4K,HDR10,Dolby Vision,"Dolby Atmos, True-HD 7.1",7.7,西线无战事,,2025-03-23,0,
994108,All of Us Strangers,2023,1,Native 4K,HDR10,Dolby Vision,5.1 DTS-HD-MA,7.4,都是陌生人,,,0,
679,Aliens,1986,0,Upscaled 4K,HDR10,Dolby Vision,"Dolby Atmos, True-HD 7.1",8.0,异形2,,,0,
945961,Alien: Romulus,2024,1,Native 4K,HDR10,Dolby Vision,"Dolby Atmos, True-HD 7.1",7.2,异形：夺命舰,,,0,
126889,Alien: Covenant,2017,0,Upscaled 4K,HDR10,"Dolby Atmos, True-HD 7.1",,6.2,异形：契约,,2025-03-26,0,
348,Alien,1979,1,Native 4K,HDR10+,5.1 DTS-HD-MA,,8.2,异形,,2025-03-23,0,
23761,"Alice, Sweet Alice",1976,1,Native 4K,HDR10,Dolby Vision,LPCM Mono,6.4,甜美爱丽丝,,,0,
12092,Alice in Wonderland,1951,1,Native 4K,HDR10,Dolby Vision,5.1 DTS-HD MA,7.2,爱丽丝梦游仙境,,,0,
16153,Alice Doesn't Live Here Anymore,1974,1,Native 4K,HDR10,Dolby Vision,LPCM Mono,7.0,曾经沧海难为水,,,0,
1966,Alexander Revisited: The Final Cut,2004,1,Native 4K,HDR10,Dolby Vision,"Dolby Atmos, True-HD 7.1",6.0,亚历山大大帝,,2026-08-28,0,
812,Aladdin,2019,0,Upscaled 4K,HDR & HDR10+,"Dolby Atmos, True-HD 7.1",,7.7,阿拉丁,,,0,
812,Aladdin,1992,0,Upscaled 4K,HDR10,"Dolby Atmos, True-HD 7.1",,7.7,阿拉丁,,,0,
149,Akira,1988,1,Native 4K,HDR10,Dolby True-HD 5.1,,7.9,阿基拉,,,0,
27932,Airport 1975,1974,1,Native 4K,HDR10,Dolby Vision,5.1 DTS-HD MA,5.8,国际机场1975,,,0,
10671,Airport,1970,1,Native 4K,HDR10,Dolby Vision,5.1 DTS-HD MA,6.5,国际机场,,,0,
7227,Airport '77,1977,1,Native 4K,HDR10,Dolby Vision,5.1 DTS-HD MA,5.6,国际机场1977,,,0,
813,Airplane!,1980,1,Native 4K,HDR10,Dolby Vision,5.1 DTS-HD MA,7.3,空前绝后满天飞,,,0,
2665,Airplane II: The Sequel,1982,1,Native 4K,HDR10,Dolby Vision,5.1 DTS-HD MA,6.1,空前绝后满天飞2：瞒天过海飞飞飞,,,0,
459350,Aircraft Carrier: Guardian of the Seas,2016,1,Native 4K,HDR10,"Dolby Atmos, True-HD 7.1",,6.4,航空母舰：七海卫士,,2026-04-12,0,
9772,Air Force One,1997,1,Native 4K,HDR10,"Dolby Atmos, True-HD 7.1",,6.5,空军一号,,2025-03-23,0,
11856,Air America,1990,1,Native 4K,HDR10,Dolby Vision,7.1 DTS-HD MA,5.8,飞离航道,,,0,
2000,"Aguirre, the Wrath of God",1972,1,Native 4K,HDR10,Dolby Vision,5.1 DTS-HD MA,7.4,阿基尔，上帝的愤怒,,,0,
10843,After Hours,1985,1,Native 4K,HDR10,Dolby Vision,LPCM Mono,7.5,下班后,,,0,
82700,After Earth,2013,1,Native 4K,HDR,5.1 DTS-HD-MA,,5.2,重返地球,,,0,
2758,Addams Family Values,1993,1,Native 4K,HDR10,Dolby Vision,5.1 DTS-HD MA,7.0,亚当斯一家的价值观,,,0,
419704,Ad Astra,2019,0,Upscaled 4K,HDR10,"Dolby Atmos, True-HD 7.1",,6.1,星际探索,,2025-03-23,0,
4688,Across The Universe,2007,1,Native 4K,HDR10,"Dolby Atmos, True-HD 7.1",,7.1,穿越苍穹,,,0,
23847,Across 110th Street,1972,1,Native 4K,HDR10,Dolby Vision,2.0 DTS-HD MA,6.7,血洒110街,,,0,
2648,Aces Go Places V: The Terracotta Hit,1989,1,Native 4K,HDR10,Dolby Vision,1.0 DTS-HD MA,5.4,新最佳拍档,,,0,
2647,Aces Go Places IV,1986,1,Native 4K,HDR10,Dolby Vision,1.0 DTS-HD MA,5.6,最佳拍档4：千里救差婆,,,0,
2646,Aces Go Places III,1984,1,Native 4K,HDR10,Dolby Vision,1.0 DTS-HD MA,5.7,最佳拍档3：女皇密令,,,0,
2645,Aces Go Places II,1983,1,Native 4K,HDR10,Dolby Vision,1.0 DTS-HD MA,6.3,最佳拍档2：大显神通,,,0,
2644,Aces Go Places,1982,1,Native 4K,HDR10,Dolby Vision,1.0 DTS-HD MA,6.5,最佳拍档,,,0,
3049,Ace Ventura: Pet Detective,1994,1,Native 4K,HDR10,Dolby Vision,5.1 DTS-HD MA,6.6,神探飞机头,,,0,
5421,Absurd,1981,1,Native 4K,HDR10,Dolby Vision,2.0 DTS-HD MA,5.5,血色恶魔,,,0,
1452176,Abraham's Boys: A Dracula Story,2025,1,Native 4K,HDR10,5.1 DTS-HD MA,,5.1,血肉至亲,,,0,
222899,About Last Night,2014,1,Native 4K,5.1 Surround,,,6.0,昨夜风流,,,0,
431580,Abominable,2019,0,Upscaled 4K,HDR10,"Dolby Atmos, True-HD 7.1",,7.5,雪人奇缘,,,0,
1111873,Abigail,2024,1,Native 4K,HDR10,Dolby Vision,"Dolby Atmos, True-HD 7.1",6.6,噬血芭蕾,,,0,
26661,Abbott and Costello Meet the Mummy,1955,1,Native 4K,HDR10,2.0 DTS-HD MA,,5.9,两傻捉尸记,,,0,
33477,"Abbott and Costello Meet the Killer, Boris Karloff",1949,1,Native 4K,HDR10,2.0 DTS-HD MA,,6.6,两傻查案记,,,0,
33475,Abbott and Costello Meet the Invisible Man,1951,1,Native 4K,HDR10,Dolby Vision,2.0 DTS-HD MA,6.3,两傻大战隐形人,,,0,
3073,Abbott and Costello Meet Frankenstein,1948,1,Native 4K,HDR10,2.0 DTS-HD MA,,7.1,两傻大战科学怪人,,,0,
3023,Abbott and Costello Meet Dr. Jekyll and Mr. Hyde,1953,1,Native 4K,HDR10,Dolby Vision,2.0 DTS-HD MA,6.3,两傻大战化身博士,,,0,
98289,Abandon Ship,1957,1,Native 4K,HDR10,Dolby Vision,2.0 DTS-HD MA,7.5,弃船,,,0,
644,A.I. Artificial Intelligence,2001,1,Native 4K,HDR10,Dolby Vision,6.1 DTS-HD MA,7.1,人工智能,,,0,
332562,A Star is Born,2018,0,Upscaled 4K,HDR10,Dolby Vision,"Dolby Atmos, True-HD 7.1",7.5,一个明星的诞生,,2026-09-11,0,
10223,A Simple Plan,1998,1,Native 4K,HDR10,Dolby Vision,5.1 DTS-HD MA,7.2,绝地计划,,,0,
484247,A simple Favour,2018,0,Upscaled 4K,HDR10,Dolby Vision,True-HD 7.1 (No Atmos),6.6,一个小忙,,2026-09-11,0,
1594,A Shot in the Dark,1964,1,Native 4K,HDR10,Dolby Vision,5.1 DTS-HD MA,7.2,粉红豹系列：黑夜怪枪,,,0,
422803,A Shaun the Sheep Movie: Farmageddon,2019,1,Native 4K,HDR10,Dolby Vision,"Dolby Atmos, True-HD 7.1",6.9,小羊肖恩2：末日农场,,,0,
762441,A Quiet Place: Day One,2024,0,Upscaled 4K,HDR10,Dolby Vision,"Dolby Atmos, True-HD 7.1",6.6,寂静之地：入侵日,,,0,
520763,A Quiet Place Part II,2020,0,Upscaled 4K,HDR10,Dolby Vision,"Dolby Atmos, True-HD 7.1",7.4,寂静之地2,,,0,
447332,A Quiet Place,2018,0,Upscaled 4K,HDR10,Dolby Vision,"Dolby Atmos, True-HD 7.1",7.4,寂静之地,,,0,
10160,A Nightmare on Elm Street 5: The Dream Child,1989,1,Native 4K,HDR10,"Dolby Atmos, True-HD 7.1",,5.4,猛鬼街5：猛鬼怪胎,,,0,
10131,A Nightmare on Elm Street 4: The Dream Master,1988,1,Native 4K,HDR10,"Dolby Atmos, True-HD 7.1",,5.9,猛鬼街4：梦幻主宰,,,0,
10072,A Nightmare on Elm Street 3: Dream Warriors,1987,1,Native 4K,HDR10,"Dolby Atmos, True-HD 7.1",,6.7,猛鬼街3：梦之战,,,0,
10014,A Nightmare on Elm Street 2: Freddy's Revenge,1985,1,Native 4K,HDR10,"Dolby Atmos, True-HD 7.1",,5.8,猛鬼街2：猛鬼缠身,,,0,
377,A Nightmare on Elm Street,1984,1,Native 4K,HDR10,"Dolby Atmos, True-HD 7.1",,7.4,猛鬼街,,,0,
36850,A New Leaf,1971,1,Native 4K,HDR10,Dolby Vision,2.0 DTS-HD MA,7.3,求婚妙术,,,0,
950387,A Minecraft Movie,2025,1,Native 4K,HDR10,Dolby Vision,"Dolby Atmos, True-HD 7.1",6.2,我的世界大电影,,2026-09-11,0,
874,A Man for All Seasons,1966,1,Native 4K,HDR10,Dolby Vision,"Dolby Atmos, True-HD 7.1",7.3,日月精忠,,2026-03-29,0,
11287,A League of Their Own,1992,1,Native 4K,HDR10,"Dolby Atmos, True-HD 7.1",,7.2,红粉联盟,,,0,
224372,A Knight of the Seven Kingdoms,2026,1,Native 4K,HDR10,Dolby Vision,"Dolby Atmos, True-HD 7.1",4.7,The Fire-Trap,,,0,
59,A History of Violence,2005,1,Native 4K,HDR10,Dolby Vision,5.1 DTS-HD MA,7.2,暴力史,,,0,
704,A Hard Day's Night,1964,1,Native 4K,HDR10,Dolby Vision,5.1 DTS-HD-MA,7.3,一夜狂欢,,,0,
391,A Fistful of Dollars,1964,1,Native 4K,SDR,5.1 DTS-HD-MA,,7.8,荒野大镖客,,,0,
391,A Fistful of Dollars,1964,1,Native 4K,HDR10,Dolby Vision,5.1 DTS-HD-MA,7.8,荒野大镖客,,,0,
881,A Few Good Men,1992,1,Native 4K,HDR10,"Dolby Atmos, True-HD 7.1",,7.6,好人寥寥,,,0,
661539,A Complete Unknown,2024,1,Native 4K,HDR10,Dolby Vision,"Dolby Atmos, True-HD 7.1",7.1,摇滚诗人：未知的传奇,,,0,
185,A Clockwork Orange,1971,1,Native 4K,HDR10,5.1 DTS-HD MA,,8.2,发条橙,,,0,
850,A Christmas Story,1983,1,Native 4K,HDR10,2.0 DTS-HD MA,,7.2,圣诞故事,,,0,
9048,A Chinese Ghost Story III,1991,1,Native 4K,HDR10,Dolby Vision,2.0 DTS-HD MA,6.5,倩女幽魂3：道道道,,,0,
9050,A Chinese Ghost Story II,1990,1,Native 4K,HDR10,Dolby Vision,2.0 DTS-HD MA,6.8,倩女幽魂2：人间道,,,0,
30421,A Chinese Ghost Story,1987,1,Native 4K,HDR10,Dolby Vision,5.1 DTS-HD MA,7.3,倩女幽魂,,2026-09-13,0,
87495,A Candle for the Devil,1973,1,Native 4K,HDR10,2.0 DTS-HD MA,,5.7,魔鬼蜡烛,,,0,
9487,A Bug's Life,1998,0,Upscaled 4K,HDR10,"Dolby Atmos, True-HD 7.1",,7.0,虫虫危机,,2026-08-17,0,
5902,A Bridge Too Far,1977,1,Native 4K,HDR10,Dolby Vision,5.1 DTS-HD MA,7.2,遥远的桥,,,0,
39991,A Blade in the Dark,1983,1,Native 4K,HDR10,2.0 DTS-HD MA,,5.7,血腥激情夜,,,0,
41244,A Better Tomorrow III: Love and Death in Saigon,1989,1,Native 4K,HDR10,Dolby Vision,DTS-HD MA Mono,6.4,英雄本色3：夕阳之歌,,,0,
18305,A Better Tomorrow II,1987,1,Native 4K,HDR10,Dolby Vision,DTS-HD MA Mono,7.1,英雄本色2,,,0,
11471,A Better Tomorrow,1986,1,Native 4K,HDR10,Dolby Vision,DTS-HD MA Mono,7.4,英雄本色,,2026-08-28,0,
365997,A Beautiful Planet,2016,1,Native 4K,HDR10+,"DTS: X, 7.1 DTS-HD MA",,7.1,美丽星球,,2026-04-12,0,
453,A Beautiful Mind,2001,1,Native 4K,HDR10,Dolby Vision,"Dolby Atmos, True-HD 7.1",7.9,美丽心灵,,,0,
501907,A Beautiful Day in the Neighborhood,2019,1,Native 4K,HDR10,"DTS: X, 7.1 DTS-HD MA",,7.0,邻里美好的一天,,,0,
5486,A Bay of Blood,1971,1,Native 4K,HDR10,Dolby Vision,DTS-HD Master Audio Mono,6.6,血之海滩,,,0,
422,8½,1963,1,Native 4K,SDR,LPCM Mono,,8.1,八部半,,,0,
65,8 Mile,2002,1,Native 4K,HDR10,"DTS:X, 7.1 DTS-HD MA",,7.1,8英里,,,0,
700391,65,2023,1,Native 4K,HDR10,Dolby Vision,"Dolby Atmos, True-HD 7.1",6.0,逃出白垩纪,,2025-03-23,0,
3682,54,1998,1,Native 4K,HDR10,Dolby Vision,5.1 DTS-HD MA,5.9,54激情俱乐部,,2026-07-22,0,
1824,50 First Dates,2004,1,Native 4K,HDR10,Dolby Vision,"Dolby Atmos, True-HD 7.1",6.9,初恋50次,,,0,
150,48 Hrs.,1982,1,Native 4K,HDR10,Dolby True-HD 5.1,,6.7,48小时,,,0,
64686,47 Ronin,2013,0,Upscaled 4K,HDR10,"DTS: X, 7.1 DTS-HD MA",,6.2,四十七浪人,,,0,
5176,3:10 To Yuma,2007,0,Upscaled 4K,HDR10,"DTS: X, 7.1 DTS-HD MA",,7.2,决战犹马镇,,,0,
14168,3:10 to Yuma,1957,1,Native 4K,HDR10,Dolby Vision,5.1 DTS-HD MA,7.3,决斗尤玛镇,,,0,
1271,300,2007,0,Upscaled 4K,HDR10,"Dolby Atmos, True-HD 7.1",,7.2,斯巴达300勇士,,2025-03-23,0,
4513,30 Days of Night,2007,1,Native 4K,HDR10,Dolby Vision,5.1 DTS-HD MA,6.4,三十极夜,,,0,
489064,3 from Hell,2019,0,Upscaled 4K,HDR10,"Dolby Atmos, True-HD 7.1",,5.8,千尸屋3,,,0,
11963,3 Days of the Condor,1975,1,Native 4K,HDR10,Dolby Vision,5.1 DTS-HD-MA,7.3,秃鹰七十二小时,,,0,
1272837,28 Years Later: The Bone Temple,2026,1,Native 4K,HDR10,Dolby Vision,"Dolby Atmos, True-HD 7.1",7.1,惊变28年2：白骨圣殿,,2026-04-28,0,
1100988,28 Years Later,2025,1,Native 4K,HDR10,Dolby Vision,"Dolby Atmos, True-HD 7.1",6.6,惊变28年,,,0,
170,28 Days Later,2002,0,Upscaled 4K,HDR10,Dolby Vision,5.1 DTS-HD MA,7.2,惊变28天,,2026-03-29,0,
2750,24 Hour Party People,2002,0,Upscaled 4K,HDR10,5.1 DTS-HD MA,,7.0,24小时狂欢派对,,,0,
187017,22 Jump Street,2014,0,Upscaled 4K,HDR10,5.1 DTS-HD MA,,6.8,龙虎少年队2,,,0,
64688,21 Jump Street,2012,0,Upscaled 4K,HDR10,"Dolby Atmos, True-HD 7.1",,6.9,龙虎少年队,,,0,
342737,20th Century Women,2016,1,Native 4K,HDR10,Dolby Vision,5.1 DTS-HD MA,7.3,二十世纪女人,,,0,
58419,2020 Texas Gladiators,1983,1,Native 4K,HDR10,2.0 DTS-HD MA,,4.3,地狱流氓,,,0,
14161,2012,2009,0,Upscaled 4K,HDR10,"Dolby Atmos, True-HD 7.1",,5.9,2012,,,0,
62,2001: ​A Space Odyssey,1968,1,Native 4K,HDR10,Dolby Vision,5.1 DTS-HD MA,8.0,2001太空漫游,,2026-09-11,0,
136400,2 Guns,2013,0,Upscaled 4K,HDR10,"DTS: X, 7.1 DTS-HD MA",,6.5,双龙出手,,,0,
584,2 Fast 2 Furious,2003,1,Native 4K,HDR10,"DTS: X, 7.1 DTS-HD MA",,6.5,速度与激情2,,,0,
530915,1917,2019,1,Native 4K,HDR10+,Dolby Vision,"Dolby Atmos, True-HD 7.1",8.0,1917,,2026-08-28,0,
14902,1776,1972,1,Native 4K,HDR10,Dolby Vision,"Dolby Atmos, True-HD 7.1",6.9,1776,,,0,
3021,1408,2007,0,Upscaled 4K,HDR10,Dolby Vision,"Dolby Atmos, True-HD 7.1",6.7,幻影凶间,,,0,
300671,13 Hours: The Secret Soldiers of Benghazi,2016,0,Upscaled 4K,HDR10,Dolby Vision,"Dolby Atmos, True-HD 7.1",7.3,危机13小时,,2026-09-11,0,
429351,12 Strong,2018,0,Upscaled 4K,HDR10,5.1 DTS-HD MA,,6.4,12勇士,,,0,
63,12 Monkeys,1995,1,Native 4K,HDR10,Dolby Vision,5.1 DTS-HD-MA,7.6,十二猴子,,,0,
389,12 Angry Men,1957,1,Native 4K,HDR10,Dolby Vision,LPCM Mono,8.6,十二怒汉,,,0,
1310682,11 Rebels,2024,1,Native 4K,HDR10,Dolby Vision,"Dolby Atmos, True-HD 7.1",6.9,十一人的贼军,,,0,
18587,10 to Midnight,1983,1,Native 4K,HDR10,Dolby Vision,5.1 DTS-HD MA,6.2,午夜处刑人,,,0,
333371,10 Cloverfield Lane,2016,0,Upscaled 4K,HDR10,Dolby Vision,"Dolby Atmos, True-HD 7.1",7.0,科洛弗道10号,,2026-09-11,0,
1253000,Deathstalker,2025,N/A,N/A,N/A,N/A,N/A,5.9,圣剑屠魔,,2026-07-28,0,
711246,Becoming Bond,2006,N/A,N/A,N/A,N/A,N/A,6.3,Becoming Bond,,2026-08-28,0,
458482,Mysteries of Ancient China,2016,N/A,N/A,N/A,N/A,N/A,6.6,中国之谜,,2026-09-11,0,
666,Central Station,1998,N/A,N/A,N/A,N/A,N/A,8.1,中央车站,,2026-09-11,0,
795567,Rough Night,2001,N/A,N/A,N/A,N/A,N/A,N/A,Rough Night,,2026-09-11,0,
1620,Hitman,2007,N/A,N/A,N/A,N/A,N/A,6.2,杀手：代号47,,2026-09-11,0,
470044,The Hate U Give,2018,N/A,N/A,N/A,N/A,N/A,8.1,你给的仇恨,,2026-09-11,0,
283366,Miss Peregrine's Home for Peculiar Children,2016,N/A,N/A,N/A,N/A,N/A,6.8,佩小姐的奇幻城堡,,2026-09-11,0,
75780,Jack Reacher,2012,N/A,N/A,N/A,N/A,N/A,6.7,侠探杰克,,2026-09-11,0,
522241,The Courier,2020,N/A,N/A,N/A,N/A,N/A,7.0,信使,,2026-09-11,0,
835797,Total Recall(ed),2021,N/A,N/A,N/A,N/A,N/A,7.0,Total Recall(ed),,2026-09-11,0,
2440,Joint Security Area,2000,N/A,N/A,N/A,N/A,N/A,7.8,共同警备区,,2026-09-11,0,
269981,Twelve Angry Men,1954,N/A,N/A,N/A,N/A,N/A,7.8,十二怒汉（电视版）,,2026-09-11,0,
2009,"4 Months, 3 Weeks and 2 Days",2007,N/A,N/A,N/A,N/A,N/A,7.5,四月三周两天,,2026-09-11,0,
137,Groundhog Day,1993,N/A,N/A,N/A,N/A,N/A,7.6,土拨鼠之日,,2026-09-11,0,
223291,Alien Avengers II,1997,N/A,N/A,N/A,N/A,N/A,6.9,Alien Avengers II,,2026-09-11,0,
454293,Night School,2018,N/A,N/A,N/A,N/A,N/A,6.1,夜校,,2026-09-11,0,
429733,Mayhem,2017,N/A,N/A,N/A,N/A,N/A,6.4,大骚乱,,2026-09-11,0,
13448,Angels & Demons,2009,N/A,N/A,N/A,N/A,N/A,6.7,天使与魔鬼,,2026-09-11,0,
325263,Journey to Space,2015,N/A,N/A,N/A,N/A,N/A,6.2,太空之旅,,2026-09-11,0,
274479,Joy,2015,N/A,N/A,N/A,N/A,N/A,6.6,奋斗的乔伊,,2026-09-11,0,
60599,Arbitrage,2012,N/A,N/A,N/A,N/A,N/A,6.3,套利交易,,2026-09-11,0,
353616,Pitch Perfect 3,2017,N/A,N/A,N/A,N/A,N/A,6.5,完美音调3,,2026-09-11,0,
296182,Ulrich Seidl - A Director at Work,2014,N/A,N/A,N/A,N/A,N/A,N/A,Ulrich Seidl und die bösen Buben,,2026-09-11,0,
266647,Pan,2015,N/A,N/A,N/A,N/A,N/A,6.0,小飞侠：幻梦启航,,2026-09-11,0,
474335,Uncle Drew,2018,N/A,N/A,N/A,N/A,N/A,6.7,德鲁大叔,,2026-09-11,0,
441531,Shock Wave,2017,N/A,N/A,N/A,N/A,N/A,6.7,拆弹专家,,2026-09-11,0,
85545,Elles,2011,N/A,N/A,N/A,N/A,N/A,5.3,她们,,2026-09-11,0,
377264,Morgan,2016,N/A,N/A,N/A,N/A,N/A,5.8,摩根,,2026-09-11,0,
77,Memento,2000,N/A,N/A,N/A,N/A,N/A,8.2,记忆碎片,,2026-09-11,0,
1041613,Immaculate,2024,N/A,N/A,N/A,N/A,N/A,6.2,无瑕修女,,2026-09-11,0,
112162,TimeScapes,2012,N/A,N/A,N/A,N/A,N/A,7.2,时间的风景,,2026-09-11,0,
54138,Star Trek Into Darkness,2013,N/A,N/A,N/A,N/A,N/A,7.3,星际迷航2：暗黑无界,,2026-09-11,0,
1031337,Puccini: Turandot,2015,N/A,N/A,N/A,N/A,N/A,9.0,图兰朵,,2026-09-11,0,
108503,Bibi und Tina - Papi lernt reiten / Die Pferde sind krank,2007,N/A,N/A,N/A,N/A,N/A,6.8,Bibi und Tina - Papi lernt reiten / Die Pferde sind krank,,2026-09-11,0,
280,Terminator 2: Judgment Day,1991,N/A,N/A,N/A,N/A,N/A,8.2,终结者2：审判日,,2026-09-11,0,
278924,Mechanic: Resurrection,2016,N/A,N/A,N/A,N/A,N/A,6.1,机械师2：复活,,2026-09-11,0,
1079222,Magical Europe,2015,N/A,N/A,N/A,N/A,N/A,N/A,不可思议的欧洲魔法之旅,,2026-09-11,0,
9833,The Phantom of the Opera,2004,N/A,N/A,N/A,N/A,N/A,7.3,歌剧魅影,,2026-04-12,0,
9740,Hannibal,2001,N/A,N/A,N/A,N/A,N/A,6.8,汉尼拔,,2026-09-11,0,
205775,In the Heart of the Sea,2015,N/A,N/A,N/A,N/A,N/A,6.8,海洋深处,,2026-09-11,0,
1225654,Bel-Ami,2003,N/A,N/A,N/A,N/A,N/A,8.0,Bel-Ami,,2026-09-11,0,
81481,Silenced,2011,N/A,N/A,N/A,N/A,N/A,8.2,熔炉,,2026-04-29,0,
449176,"Love, Simon",2018,N/A,N/A,N/A,N/A,N/A,8.0,爱你，西蒙,,2026-09-11,0,
54320,Love,2011,N/A,N/A,N/A,N/A,N/A,5.5,爱,,2026-09-11,0,
129152,Germany 1 England 5,2001,N/A,N/A,N/A,N/A,N/A,8.5,Germany 1 England 5,,2026-04-12,0,
384043,National Parks Adventure,2016,N/A,N/A,N/A,N/A,N/A,6.9,狂野之美：国家公园探险,,2026-09-11,0,
504686,The Wild Pacific,2016,N/A,N/A,N/A,N/A,N/A,7.3,狂野太平洋,,2026-09-11,0,
34585,Unrivaled,2010,N/A,N/A,N/A,N/A,N/A,2.4,无可匹敌,,2026-09-11,0,
523593,Monstrum,2018,N/A,N/A,N/A,N/A,N/A,6.5,物怪,,2026-09-11,0,
207703,Kingsman: The Secret Service,2015,N/A,N/A,N/A,N/A,N/A,7.6,王牌特工：特工学院,,2026-09-11,0,
457136,Mary Queen of Scots,2018,N/A,N/A,N/A,N/A,N/A,6.5,玛丽女王,,2026-09-11,0,
7191,Cloverfield,2008,N/A,N/A,N/A,N/A,N/A,6.7,科洛弗档案,,2026-09-11,0,
381427,Rocky Mountain Express,2011,N/A,N/A,N/A,N/A,N/A,6.5,穿越落基山脉,,2026-09-11,0,
497333,Code Blue: The Movie,2018,N/A,N/A,N/A,N/A,N/A,6.5,紧急救命,,2026-09-11,0,
375588,Robin Hood,2018,N/A,N/A,N/A,N/A,N/A,5.9,罗宾汉：起源,,2026-09-11,0,
548,Rashomon,1950,N/A,N/A,N/A,N/A,N/A,8.0,罗生门,,2026-09-11,0,
424607,USA: A West Coast Journey,2014,N/A,N/A,N/A,N/A,N/A,8.0,美国西海岸之旅,,2026-09-11,0,
274167,Daddy's Home,2015,N/A,N/A,N/A,N/A,N/A,6.3,老爸当家,,2026-09-11,0,
967523,The Tourist,1925,N/A,N/A,N/A,N/A,N/A,8.0,The Tourist,,2026-09-11,0,
10189,Pineapple Express,2008,N/A,N/A,N/A,N/A,N/A,6.6,菠萝快车,,2026-09-11,0,
1954,The Butterfly Effect,2004,N/A,N/A,N/A,N/A,N/A,7.6,蝴蝶效应,,2026-09-11,0,
101,Léon: The Professional,1994,N/A,N/A,N/A,N/A,N/A,8.3,这个杀手不太冷,,2026-08-29,0,
13363,The Man from Earth,2007,N/A,N/A,N/A,N/A,N/A,7.6,这个男人来自地球,,2026-09-11,0,
269757,Fascinating India,2014,N/A,N/A,N/A,N/A,N/A,8.2,迷人的印度,,2026-09-11,0,
426285,Fullmetal Alchemist,2017,N/A,N/A,N/A,N/A,N/A,5.4,钢之炼金术师,,2026-09-11,0,
361292,Suspiria,2018,N/A,N/A,N/A,N/A,N/A,6.9,阴风阵阵,,2026-09-11,0,
406761,Hotel Artemis,2018,N/A,N/A,N/A,N/A,N/A,6.1,阿尔忒弥斯酒店,,2026-09-11,0,
549559,Apollo 11,2019,N/A,N/A,N/A,N/A,N/A,7.9,阿波罗11号,,2026-09-11,0,
1427,Perfume: The Story of a Murderer,2006,N/A,N/A,N/A,N/A,N/A,7.4,香水,,2026-09-11,0,
26005,Made in Hong Kong,1997,N/A,N/A,N/A,N/A,N/A,7.6,香港制造,,2026-09-11,0,
400617,Phantom Thread,2017,N/A,N/A,N/A,N/A,N/A,7.3,魅影缝匠,,2026-09-11,0,
51533,Let the Bullets Fly,2010,N/A,N/A,N/A,N/A,N/A,7.8,让子弹飞,,2026-09-11,0,
417419,SoulMate,2016,N/A,N/A,N/A,N/A,N/A,7.2,七月与安生,,2026-03-28,0,
589712,The Captain,2019,N/A,N/A,N/A,N/A,N/A,7.0,中国机长,,2026-03-28,0,
571446,Mojin: The Worm Valley,2018,N/A,N/A,N/A,N/A,N/A,6.2,云南虫谷,,2026-03-28,0,
551634,Last Letter,2018,N/A,N/A,N/A,N/A,N/A,6.2,你好，之华,,2026-03-28,0,
933861,New Kung Fu Cult Master 2,2022,N/A,N/A,N/A,N/A,N/A,4.8,倚天屠龙记之圣火雄风,,2026-03-28,0,
1112175,Never Say Never,2023,N/A,N/A,N/A,N/A,N/A,7.1,八角笼中,,2026-03-28,0,
611698,A Writer's Odyssey,2021,N/A,N/A,N/A,N/A,N/A,7.1,刺杀小说家,,2026-03-28,0,
112554,The Suburbanators,1997,N/A,N/A,N/A,N/A,N/A,8.0,The Suburbanators,,2026-03-28,0,
949709,High Forces,2024,N/A,N/A,N/A,N/A,N/A,6.1,危机航线,,2026-03-28,0,
61477,Zhou Yu's Train,2002,N/A,N/A,N/A,N/A,N/A,6.4,周渔的火车,,2026-03-28,0,
373200,Detective Chinatown,2015,N/A,N/A,N/A,N/A,N/A,6.8,唐人街探案,,2026-03-28,0,
505513,Detective Chinatown 2,2018,N/A,N/A,N/A,N/A,N/A,6.2,唐人街探案2,,2026-03-28,0,
602666,Detective Chinatown 3,2021,N/A,N/A,N/A,N/A,N/A,5.6,唐人街探案3,,2026-03-28,0,
44560,Aftershock,2010,N/A,N/A,N/A,N/A,N/A,7.2,唐山大地震,,2026-03-28,0,
1357305,Detective Chinatown 1900,2025,N/A,N/A,N/A,N/A,N/A,6.3,唐探1900,,2026-03-28,0,
362682,Goodbye Mr. Loser,2015,N/A,N/A,N/A,N/A,N/A,7.1,夏洛特烦恼,,2026-03-28,0,
389201,A Chinese Odyssey Part Three,2016,N/A,N/A,N/A,N/A,N/A,6.4,大话西游3,,2026-03-28,0,
29363,A World Without Thieves,2004,N/A,N/A,N/A,N/A,N/A,7.3,天下无贼,,2026-03-28,0,
990140,Sakra,2023,N/A,N/A,N/A,N/A,N/A,6.5,天龙八部之乔峰传,,2026-03-28,0,
264264,The Crossing I,2014,N/A,N/A,N/A,N/A,N/A,5.5,太平轮（上）,,2026-03-28,0,
638032,Leap,2020,N/A,N/A,N/A,N/A,N/A,6.6,夺冠,,2026-03-28,0,
803266,Nice View,2022,N/A,N/A,N/A,N/A,N/A,6.4,奇迹·笨小孩,,2026-03-28,0,
851977,Journey to the West,2023,N/A,N/A,N/A,N/A,N/A,7.5,宇宙探索编辑部,,2026-03-28,0,
658009,Ip Man: Kung Fu Master,2019,N/A,N/A,N/A,N/A,N/A,6.5,宗师叶问,,2026-03-28,0,
299824,Mojin: The Lost Legend,2015,N/A,N/A,N/A,N/A,N/A,6.2,寻龙诀,,2026-03-28,0,
824424,The First Myth: Clash of Gods,2021,N/A,N/A,N/A,N/A,N/A,4.7,封神榜：决战万仙阵,,2026-03-28,0,
575813,Better Days,2019,N/A,N/A,N/A,N/A,N/A,8.1,少年的你,,2026-03-28,0,
69310,Beginning of the Great Revival,2011,N/A,N/A,N/A,N/A,N/A,4.7,建党伟业,,2026-03-28,0,
468892,The Founding of an Army,2017,N/A,N/A,N/A,N/A,N/A,5.2,建军大业,,2026-03-28,0,
1298727,The Volunteers: The Battle of Life and Death,2024,N/A,N/A,N/A,N/A,N/A,6.6,志愿军：存亡之战,,2026-03-28,0,
452910,Immortal Demon Slayer,2017,N/A,N/A,N/A,N/A,N/A,7.6,悟空传,,2026-03-28,0,
1156306,You Light Up My Life,1998,N/A,N/A,N/A,N/A,N/A,N/A,想见你,,2026-03-28,0,
400114,I Am Not Madame Bovary,2016,N/A,N/A,N/A,N/A,N/A,6.8,我不是潘金莲,,2026-03-28,0,
869724,"My Country, My Parents",2021,N/A,N/A,N/A,N/A,N/A,6.0,我和我的父辈,,2026-03-28,0,
452557,Wolf Warrior 2,2017,N/A,N/A,N/A,N/A,N/A,6.5,战狼2,,2026-03-28,0,
14392,The Warlords,2007,N/A,N/A,N/A,N/A,N/A,6.8,投名状,,2026-03-28,0,
334298,Monster Hunt,2015,N/A,N/A,N/A,N/A,N/A,6.5,捉妖记,,2026-03-28,0,
497984,Monster Hunt 2,2018,N/A,N/A,N/A,N/A,N/A,6.7,捉妖记2,,2026-03-28,0,
575138,The New King of Comedy,2019,N/A,N/A,N/A,N/A,N/A,5.6,新喜剧之王,,2026-03-28,0,
11636,New Police Story,2004,N/A,N/A,N/A,N/A,N/A,7.2,新警察故事,,2026-03-28,0,
58473,After the Promise,1987,N/A,N/A,N/A,N/A,N/A,7.5,After the Promise,,2026-03-28,0,
294992,The Taking of Tiger Mountain,2014,N/A,N/A,N/A,N/A,N/A,6.6,智取威虎山,,2026-03-28,0,
62331,My Own Swordsman,2011,N/A,N/A,N/A,N/A,N/A,5.4,武林外传,,2026-03-28,0,
842675,The Wandering Earth II,2023,N/A,N/A,N/A,N/A,N/A,7.3,流浪地球2,,2026-03-28,0,
1108211,Lost in the Stars,2023,N/A,N/A,N/A,N/A,N/A,6.5,消失的她,,2026-03-28,0,
415214,Operation Mekong,2016,N/A,N/A,N/A,N/A,N/A,7.0,湄公河行动,,2026-03-28,0,
1229349,Yolo,2024,N/A,N/A,N/A,N/A,N/A,6.8,热辣滚烫,,2026-03-28,0,
902478,B for Busy,2021,N/A,N/A,N/A,N/A,N/A,7.6,爱情神话,,2026-03-28,0,
680765,Sniper,2020,N/A,N/A,N/A,N/A,N/A,5.8,狙击手,,2026-03-28,0,
969900,Blind War,2022,N/A,N/A,N/A,N/A,N/A,6.4,盲战,,2026-03-28,0,
194523,Blind Detective,2013,N/A,N/A,N/A,N/A,N/A,6.2,盲探,,2026-03-28,0,
525660,Dynasty Warriors,2021,N/A,N/A,N/A,N/A,N/A,5.8,真·三国无双,,2026-03-28,0,
59499,Mr. & Mrs. Incredible,2011,N/A,N/A,N/A,N/A,N/A,5.0,神奇侠侣,,2026-03-28,0,
1416651,Invincible Swordsman,2025,N/A,N/A,N/A,N/A,N/A,6.5,笑傲江湖,,2026-03-28,0,
291692,Brotherhood of Blades,2014,N/A,N/A,N/A,N/A,N/A,6.7,绣春刀,,2026-03-28,0,
381890,The Mermaid,2016,N/A,N/A,N/A,N/A,N/A,6.6,美人鱼,,2026-03-28,0,
357940,Mr. Six,2015,N/A,N/A,N/A,N/A,N/A,6.8,老炮儿,,2026-03-28,0,
191421,So Young,2013,N/A,N/A,N/A,N/A,N/A,6.2,致我们终将逝去的青春,,2026-03-28,0,
37034,True Legend,2010,N/A,N/A,N/A,N/A,N/A,6.6,苏乞儿,,2026-03-28,0,
11599,Suzhou River,2000,N/A,N/A,N/A,N/A,N/A,7.3,苏州河,,2026-03-28,0,
79,Hero,2002,N/A,N/A,N/A,N/A,N/A,7.5,英雄,,2026-03-28,0,
435800,Journey to the West: The Demons Strike Back,2017,N/A,N/A,N/A,N/A,N/A,6.0,西游伏妖篇,,2026-03-28,0,
170657,Journey to the West: Conquering the Demons,2013,N/A,N/A,N/A,N/A,N/A,7.0,西游降魔篇,,2026-03-28,0,
770449,God of War,2021,N/A,N/A,N/A,N/A,N/A,3.8,赵子龙,,2026-03-28,0,
55741,Sacrifice,2010,N/A,N/A,N/A,N/A,N/A,5.9,赵氏孤儿,,2026-03-28,0,
660047,Fighting for the Motherland 1162,2020,N/A,N/A,N/A,N/A,N/A,5.4,辛弃疾1162,,2026-03-28,0,
76758,The Flowers of War,2011,N/A,N/A,N/A,N/A,N/A,7.4,金陵十三钗,,2026-03-28,0,
136701,The Assassins,2012,N/A,N/A,N/A,N/A,N/A,5.8,铜雀台,,2026-03-28,0,
779029,The Battle at Lake Changjin,2021,N/A,N/A,N/A,N/A,N/A,6.3,长津湖,,2026-03-28,0,
928123,The Battle at Lake Changjin II: Water Gate Bridge,2022,N/A,N/A,N/A,N/A,N/A,6.3,长津湖之水门桥,,2026-03-28,0,
1012837,Born to Fly,2023,N/A,N/A,N/A,N/A,N/A,6.7,长空之王,,2026-03-28,0,
18311,Days of Being Wild,1990,N/A,N/A,N/A,N/A,N/A,7.3,阿飞正传,,2026-03-29,0,
369124,A Journey Through Time with Anthony,2015,N/A,N/A,N/A,N/A,N/A,6.5,陪安东尼度过漫长岁月,,2026-03-28,0,
56540,If You Are the One 2,2010,N/A,N/A,N/A,N/A,N/A,5.9,非诚勿扰2,,2026-03-28,0,
575219,Pegasus,2019,N/A,N/A,N/A,N/A,N/A,6.6,飞驰人生,,2026-03-28,0,
388399,Patriots Day,2016,N/A,N/A,N/A,N/A,N/A,7.1,恐袭波士顿,,2025-03-23,0,
336843,Maze Runner: The Death Cure,2018,N/A,N/A,N/A,N/A,N/A,7.1,移动迷宫3：死亡解药,,2025-03-23,0,
402900,Ocean's Eight,2018,N/A,N/A,N/A,N/A,N/A,6.9,瞒天过海：美人计,,2025-03-23,0,
102121,Thirsty,2009,N/A,N/A,N/A,N/A,N/A,4.6,Thirsty,,2025-03-23,0,
400588,Un Latin lover en Acapulco,1967,N/A,N/A,N/A,N/A,N/A,6.3,Un Latin lover en Acapulco,,2025-03-23,0,
400155,Hotel Transylvania 3: Summer Vacation,2018,N/A,N/A,N/A,N/A,N/A,6.8,精灵旅社3：疯狂假期,,2025-03-23,0,
463272,Johnny English Strikes Again,2018,N/A,N/A,N/A,N/A,N/A,6.3,憨豆特工3,,2025-03-23,0,
480530,Creed II,2018,N/A,N/A,N/A,N/A,N/A,7.0,奎迪：英雄再起,,2025-03-23,0,
426543,The Nutcracker and the Four Realms,2018,N/A,N/A,N/A,N/A,N/A,6.1,胡桃夹子和四个王国,,2025-03-23,0,
166426,Pirates of the Caribbean: Dead Men Tell No Tales,2017,N/A,N/A,N/A,N/A,N/A,6.7,加勒比海盗5：死无对证,,2025-03-23,0,
456740,Hellboy,2019,N/A,N/A,N/A,N/A,N/A,5.6,地狱男爵：血皇后崛起,,2025-03-23,0,
87827,Life of Pi,2012,N/A,N/A,N/A,N/A,N/A,7.4,少年派的奇幻漂流,,2025-03-23,0,
539191,Magic Lantern,2018,N/A,N/A,N/A,N/A,N/A,5.0,Magic Lantern,,2025-03-23,0,
420817,Aladdin,2019,N/A,N/A,N/A,N/A,N/A,7.1,阿拉丁,,2025-03-23,0,
420818,The Lion King,2019,N/A,N/A,N/A,N/A,N/A,7.1,狮子王,,2025-03-23,0,
458897,Charlie's Angels,2019,N/A,N/A,N/A,N/A,N/A,6.4,霹雳娇娃,,2025-03-23,0,
38700,Bad Boys for Life,2020,N/A,N/A,N/A,N/A,N/A,7.1,绝地战警：疾速追击,,2025-03-23,0,
539,Psycho,1960,N/A,N/A,N/A,N/A,N/A,8.4,惊魂记,,2025-03-23,0,
296524,Deepwater Horizon,2016,N/A,N/A,N/A,N/A,N/A,6.9,深海浩劫,,2025-03-23,0,
269152,Der Zauber des Regenbogens,2007,N/A,N/A,N/A,N/A,N/A,4.5,Der Zauber des Regenbogens,,2025-03-23,0,
117263,Olympus Has Fallen,2013,N/A,N/A,N/A,N/A,N/A,6.4,奥林匹斯的陷落,,2025-03-23,0,
49624,Greatest Heroes and Legends of The Bible: The Story of Moses,2003,N/A,N/A,N/A,N/A,N/A,8.5,Greatest Heroes and Legends of The Bible: The Story of Moses,,2025-03-23,0,
267860,London Has Fallen,2016,N/A,N/A,N/A,N/A,N/A,6.2,伦敦陷落,,2025-03-23,0,
283668,The Model From Montmartre,1926,N/A,N/A,N/A,N/A,N/A,9.0,La femme nue,,2025-03-23,0,
395992,Life,2017,N/A,N/A,N/A,N/A,N/A,6.5,异星觉醒,,2025-03-23,0,
437406,"Monaco, Italia. Storie di arrivi in Germania",2011,N/A,N/A,N/A,N/A,N/A,10.0,"Monaco, Italia. Storie di arrivi in Germania",,2025-03-23,0,
238,The Godfather,1972,N/A,N/A,N/A,N/A,N/A,8.7,教父,,2025-03-23,0,
240,The Godfather Part II,1974,N/A,N/A,N/A,N/A,N/A,8.6,教父2,,2025-03-23,0,
76525,Michel Polnareff - Ze (re) Tour 2007,2007,N/A,N/A,N/A,N/A,N/A,5.5,Michel Polnareff - Ze (re) Tour 2007,,2025-03-23,0,
315162,Puss in Boots: The Last Wish,2022,N/A,N/A,N/A,N/A,N/A,8.2,穿靴子的猫2,,2025-03-23,0,
493529,Dungeons & Dragons: Honor Among Thieves,2023,N/A,N/A,N/A,N/A,N/A,7.4,龙与地下城：侠盗荣耀,,2025-03-23,0,
602,Independence Day,1996,N/A,N/A,N/A,N/A,N/A,6.9,独立日,,2025-03-23,0,
695721,The Hunger Games: The Ballad of Songbirds & Snakes,2023,N/A,N/A,N/A,N/A,N/A,7.0,饥饿游戏：鸣鸟与蛇之歌,,2025-03-23,0,
38757,Tangled,2010,N/A,N/A,N/A,N/A,N/A,7.6,魔发奇缘,,2025-03-23,0,
1022789,Inside Out 2,2024,N/A,N/A,N/A,N/A,N/A,7.5,头脑特工队2,,2026-09-11,0,
313103,The Whistle at Eaton Falls,1951,N/A,N/A,N/A,N/A,N/A,6.8,雄心万丈,,2025-03-23,0,
1452,Superman Returns,2006,N/A,N/A,N/A,N/A,N/A,5.8,超人归来,,2026-03-29,0,
297556,Justice League: Throne of Atlantis,2015,N/A,N/A,N/A,N/A,N/A,7.0,正义联盟：亚特兰蒂斯宝座,,2026-09-12,0,
314,Catwoman,2004,N/A,N/A,N/A,N/A,N/A,4.6,猫女,,2026-03-29,0,
125354,Chuji's Travel Diary: The Chuji Patrol Episode,1927,N/A,N/A,N/A,N/A,N/A,7.6,忠次旅日记,,2026-09-12,0,
351286,Jurassic World: Fallen Kingdom,2018,N/A,N/A,N/A,N/A,N/A,6.5,侏罗纪世界2,,2025-03-23,0,
58,Pirates of the Caribbean: Dead Man's Chest,2006,N/A,N/A,N/A,N/A,N/A,7.4,加勒比海盗2：聚魂棺,,2026-03-29,0,
1858,Transformers,2007,N/A,N/A,N/A,N/A,N/A,6.8,变形金刚,,2026-09-11,0,
671,Harry Potter and the Philosopher's Stone,2001,N/A,N/A,N/A,N/A,N/A,7.9,哈利·波特与魔法石,,2026-09-11,0,
672,Harry Potter and the Chamber of Secrets,2002,N/A,N/A,N/A,N/A,N/A,7.7,哈利·波特与密室,,2026-09-11,0,
673,Harry Potter and the Prisoner of Azkaban,2004,N/A,N/A,N/A,N/A,N/A,8.0,哈利·波特与阿兹卡班的囚徒,,2025-03-23,0,
674,Harry Potter and the Goblet of Fire,2005,N/A,N/A,N/A,N/A,N/A,7.8,哈利·波特与火焰杯,,2025-03-23,0,
675,Harry Potter and the Order of the Phoenix,2007,N/A,N/A,N/A,N/A,N/A,7.7,哈利·波特与凤凰社,,2025-03-23,0,
12445,Harry Potter and the Deathly Hallows: Part 2,2011,N/A,N/A,N/A,N/A,N/A,8.1,哈利·波特与死亡圣器（下）,,2025-03-23,0,
29103,The Sadist,1963,N/A,N/A,N/A,N/A,N/A,6.4,虐待狂,,2026-03-27,0,
44734,Eden of the East Movie II: Paradise Lost,2010,N/A,N/A,N/A,N/A,N/A,6.7,东之伊甸剧场版2：失乐园,,2025-03-23,0,
2080,X-Men Origins: Wolverine,2009,N/A,N/A,N/A,N/A,N/A,6.3,金刚狼,,2026-03-29,0,
76170,The Wolverine,2013,N/A,N/A,N/A,N/A,N/A,6.4,金刚狼2,,2026-09-12,0,
263115,Logan,2017,N/A,N/A,N/A,N/A,N/A,7.8,金刚狼3：殊死一战,,2025-03-26,0,
1726,Iron Man,2008,N/A,N/A,N/A,N/A,N/A,7.7,钢铁侠,,2026-03-29,0,
68721,Iron Man 3,2013,N/A,N/A,N/A,N/A,N/A,6.9,钢铁侠3,,2026-03-29,0,
118340,Guardians of the Galaxy,2014,N/A,N/A,N/A,N/A,N/A,7.9,银河护卫队,,2025-03-23,0,
551115,Penoza: The Final Chapter,2019,N/A,N/A,N/A,N/A,N/A,6.7,黑寡妇：最终章,,2025-03-23,0,
954,Mission: Impossible,1996,N/A,N/A,N/A,N/A,N/A,7.0,碟中谍,,2026-09-12,0,
955,Mission: Impossible II,2000,N/A,N/A,N/A,N/A,N/A,6.1,碟中谍2,,2026-09-12,0,
956,Mission: Impossible III,2006,N/A,N/A,N/A,N/A,N/A,6.8,碟中谍3,,2026-09-12,0,
56292,Mission: Impossible - Ghost Protocol,2011,N/A,N/A,N/A,N/A,N/A,7.1,碟中谍4：幽灵协议,,2026-09-12,0,
177677,Mission: Impossible - Rogue Nation,2015,N/A,N/A,N/A,N/A,N/A,7.2,碟中谍5：神秘国度,,2026-09-12,0,
353081,Mission: Impossible - Fallout,2018,N/A,N/A,N/A,N/A,N/A,7.5,碟中谍6：全面瓦解,,2026-09-12,0,
978,Seven Years in Tibet,1997,N/A,N/A,N/A,N/A,N/A,7.2,西藏七年,,2025-03-23,0,
168259,Furious 7,2015,N/A,N/A,N/A,N/A,N/A,7.2,速度与激情7,,2025-03-23,0,
324786,Hacksaw Ridge,2016,N/A,N/A,N/A,N/A,N/A,8.2,血战钢锯岭,,2026-09-11,0,
53168,King of Comedy,1999,N/A,N/A,N/A,N/A,N/A,7.4,喜剧之王,,2026-03-29,0,
37703,Flirting Scholar,1993,N/A,N/A,N/A,N/A,N/A,7.5,唐伯虎点秋香,,2026-09-11,0,
31743,Hachiko,1987,N/A,N/A,N/A,N/A,N/A,7.8,忠犬八公物语,,2026-09-11,0,
28178,Hachi: A Dog's Tale,2009,N/A,N/A,N/A,N/A,N/A,8.0,忠犬八公的故事,,2026-09-11,0,
532753,Dying to Survive,2018,N/A,N/A,N/A,N/A,N/A,8.2,我不是药神,,2026-09-11,0,
1270410,The New Dragon Inn,2024,N/A,N/A,N/A,N/A,N/A,5.0,新龙门客栈,,2026-09-11,0,
37185,"Comrades, Almost a Love Story",1996,N/A,N/A,N/A,N/A,N/A,7.9,甜蜜蜜,,2026-09-11,0,
161285,In the Heat of the Sun,1994,N/A,N/A,N/A,N/A,N/A,7.8,阳光灿烂的日子,,2026-09-11,0,
401666,1941 Hong Kong on Fire,1994,N/A,N/A,N/A,N/A,N/A,4.2,香港沦陷,,2026-09-11,0,
15804,A Brighter Summer Day,1991,N/A,N/A,N/A,N/A,N/A,8.2,牯岭街少年杀人事件,,2026-09-11,0,
13688,CJ7,2008,N/A,N/A,N/A,N/A,N/A,7.3,长江七号,,2026-03-28,0,
258424,Wreaths at the Foot of the Mountain,1984,N/A,N/A,N/A,N/A,N/A,8.4,高山下的花环,,2026-09-11,0,
1397364,La Grazia,2025,N/A,N/A,N/A,N/A,N/A,7.3,恩典,,2026-05-02,0,
62436,Red Eye,2005,N/A,N/A,N/A,N/A,N/A,4.7,红眼,,2026-03-29,0,
737568,The Doorman,2020,N/A,N/A,N/A,N/A,N/A,5.8,看门人,,2026-04-09,0,
398181,你从未在此,2017,N/A,N/A,N/A,N/A,N/A,6.5,你从未在此,,2026-03-18,0,
83899,You're Next,2013,N/A,N/A,N/A,N/A,N/A,6.6,你是下一个,,2026-03-16,0,
583003,曲终不散,2018,N/A,N/A,N/A,N/A,N/A,N/A,曲终不散,,2026-03-15,0,
96721,Rush,2013,N/A,N/A,N/A,N/A,N/A,7.7,极速风流,,2026-08-28,0,
4421,魔鬼女大兵,1997,N/A,N/A,N/A,N/A,N/A,6.5,魔鬼女大兵,,2026-04-17,0,
270487,凯撒万岁,2016,N/A,N/A,N/A,N/A,N/A,5.9,凯撒万岁,,2026-08-28,0,
1677,灵魂歌王,2004,N/A,N/A,N/A,N/A,N/A,7.5,灵魂歌王,,2026-08-28,0,
555604,Guillermo del Toro's Pinocchio,2022,N/A,N/A,N/A,N/A,N/A,8.0,吉尔莫·德尔·托罗的匹诺曹,,2026-08-29,0,
535167,The Wandering Earth,2019,N/A,N/A,N/A,N/A,N/A,6.6,流浪地球,,2026-03-19,0,
2757,Adaptation.,2002,N/A,N/A,N/A,N/A,N/A,7.3,改编剧本,,2026-06-06,0,
1292415,Beast,2026,N/A,N/A,N/A,N/A,N/A,7.5,怒兽出笼,,2026-06-27,0,
18823,Clash of the Titans,2010,N/A,N/A,N/A,N/A,N/A,5.9,诸神之战,,2026-08-27,0,
9350,Cliffhanger,1993,N/A,N/A,N/A,N/A,N/A,6.5,绝岭雄风,,2026-05-05,0,
515042,徒手攀岩,2018,N/A,N/A,N/A,N/A,N/A,7.9,徒手攀岩,,2026-09-04,0,
1122573,In the Grey,2026,N/A,N/A,N/A,N/A,N/A,7.6,金谍行动,,2026-08-26,0,
1064486,Memoir of a Snail,2024,N/A,N/A,N/A,N/A,N/A,8.1,蜗牛回忆录,,2026-06-23,0,
1418901,Mother's Pride,2026,N/A,N/A,N/A,N/A,N/A,5.8,家酿荣耀,,2026-08-26,0,
53653,Prison on Fire,1987,N/A,N/A,N/A,N/A,N/A,7.0,监狱风云,,2026-06-08,0,
56251,Prison on Fire II,1991,N/A,N/A,N/A,N/A,N/A,6.8,监狱风云2：逃犯,,2026-06-08,0,
5336,索多玛120天,1976,N/A,N/A,N/A,N/A,N/A,6.3,索多玛120天,,2026-09-13,0,
7863,Shine,1996,N/A,N/A,N/A,N/A,N/A,7.4,闪亮的风采,,2026-08-09,0,
11101,斯大林格勒战役,1993,N/A,N/A,N/A,N/A,N/A,7.3,斯大林格勒战役,,2026-09-04,0,
10376,The Legend of 1900,1998,N/A,N/A,N/A,N/A,N/A,8.2,海上钢琴师,,2026-05-05,0,
570503,Tune in for Love,2019,N/A,N/A,N/A,N/A,N/A,7.7,柳烈的音乐专辑,,2026-05-05,0,
1291659,克里姆林宫的魔术师,2026,N/A,N/A,N/A,N/A,N/A,6.5,克里姆林宫的魔术师,,2026-08-03,0,
16608,The Proposition,2005,N/A,N/A,N/A,N/A,N/A,7.0,关键协议,,2026-05-04,0,
1197306,A Working Man,2025,N/A,N/A,N/A,N/A,N/A,6.7,制暴：无限杀机,,2026-05-06,0,
1607,A Bronx Tale,1993,N/A,N/A,N/A,N/A,N/A,7.9,布朗克斯的故事,,2026-09-04,0,
435011,Hans Zimmer: Live in Prague,2017,N/A,N/A,N/A,N/A,N/A,8.6,汉斯·季默：布拉格现场,,2026-05-05,0,
423,The Pianist,2002,N/A,N/A,N/A,N/A,N/A,8.4,钢琴家,,2026-05-05,0,
2155,驯鹿游戏,2000,N/A,N/A,N/A,N/A,N/A,5.7,驯鹿游戏,,2026-09-04,0,
783110,Smugglers,2023,N/A,N/A,N/A,N/A,N/A,6.5,走私,,2026-08-27,0,
2899,埃及艳后的任务,2002,N/A,N/A,N/A,N/A,N/A,7.4,埃及艳后的任务,,,0,
134575,天书奇谭,1983,N/A,N/A,N/A,N/A,N/A,7.8,天书奇谭,,2026-08-28,0,
1371185,蓝调之歌,2025,N/A,N/A,N/A,N/A,N/A,7.4,蓝调之歌,,2026-08-28,0,
414419,Kill Bill: The Whole Bloody Affair,2011,N/A,N/A,N/A,N/A,N/A,8.1,杀死比尔：血色全传,,2026-09-04,0,
122973,Hibiscus Town,1987,N/A,N/A,N/A,N/A,N/A,8.0,芙蓉镇,,2026-05-06,0,
10590,We Were Soldiers,2002,N/A,N/A,N/A,N/A,N/A,7.1,我们曾是战士,,2026-09-04,0,
1209290,Justice League: Crisis on Infinite Earths Part Three,2024,N/A,N/A,N/A,N/A,N/A,7.1,正义联盟：无限地球危机（下）,,2026-09-12,0,
1209288,Justice League: Crisis on Infinite Earths Part Two,2024,N/A,N/A,N/A,N/A,N/A,6.7,正义联盟：无限地球危机（中）,,2026-09-12,0,
285,Pirates of the Caribbean: At World's End,2007,N/A,N/A,N/A,N/A,N/A,7.3,加勒比海盗3：世界的尽头,,2026-03-29,0,
1865,Pirates of the Caribbean: On Stranger Tides,2011,N/A,N/A,N/A,N/A,N/A,6.6,加勒比海盗4：惊涛怪浪,,2026-03-29,0,
10267,Dazlak – Skinhead,1997,0,Upscaled 4K,HDR10,Dolby Vision,TBC,6.667,Dazlak – Skinhead,喜剧/剧情,,0,
